time,latitude,longitude,altitude
0.1180722713470459,-21.761499404907227,-41.337032318115234,0.0
0.32789039611816406,-21.761499404907227,-41.337032318115234,0.0
0.5380454063415527,-21.761499404907227,-41.337032318115234,0.0
0.7481694221496582,-21.761499404907227,-41.337032318115234,0.0
0.9576902389526367,-21.761499404907227,-41.337032318115234,0.0
1.1774485111236572,-21.761499404907227,-41.337032318115234,0.0
1.407970666885376,-21.76150131225586,-41.337032318115234,0.0
1.617638349533081,-21.76150131225586,-41.337032318115234,0.0
1.8244729042053223,-21.76150131225586,-41.337032318115234,0.0
2.0354177951812744,-21.76150131225586,-41.337032318115234,0.0
2.244645357131958,-21.76150131225586,-41.337032318115234,0.0
2.458381414413452,-21.76150131225586,-41.337032318115234,0.0
2.6771328449249268,-21.76150131225586,-41.337032318115234,0.0
2.887087345123291,-21.761503219604492,-41.337032318115234,0.0
3.108581781387329,-21.761503219604492,-41.337032318115234,0.0
3.3270263671875,-21.761505126953125,-41.33702850341797,0.0
3.53668475151062,-21.761505126953125,-41.33702850341797,0.0
3.7467141151428223,-21.761505126953125,-41.33702850341797,0.0
4.053702116012573,-21.761505126953125,-41.33702850341797,0.0
4.34549880027771,-21.761505126953125,-41.33702850341797,0.0
4.675507307052612,-21.761505126953125,-41.33702850341797,0.0
4.8206634521484375,-21.761505126953125,-41.33702850341797,0.0
5.035763502120972,-21.761503219604492,-41.33700942993164,0.0
5.246277093887329,-21.761503219604492,-41.33700942993164,0.0
5.455872297286987,-21.761503219604492,-41.33700942993164,0.0
5.666592597961426,-21.761503219604492,-41.33700942993164,0.0
5.848972797393799,-21.761503219604492,-41.33700942993164,0.0
6.0660316944122314,-21.761503219604492,-41.33700942993164,0.0
6.304883718490601,-21.761503219604492,-41.33700942993164,0.0
6.516247987747192,-21.761486053466797,-41.336997985839844,0.0
6.7258806228637695,-21.761484146118164,-41.336997985839844,0.0
6.9360833168029785,-21.7614803314209,-41.336997985839844,0.0
7.145698547363281,-21.761478424072266,-41.33699417114258,0.0
7.3549721240997314,-21.761478424072266,-41.33699417114258,0.0
7.571662664413452,-21.761478424072266,-41.33699417114258,0.0
7.803452491760254,-21.761478424072266,-41.33699417114258,0.0
8.01476526260376,-21.761470794677734,-41.33699417114258,0.0
8.23646879196167,-21.7614688873291,-41.33699417114258,0.0
8.45474910736084,-21.7614688873291,-41.33699417114258,0.0
8.665037393569946,-21.7614688873291,-41.33699417114258,0.0
8.874755859375,-21.7614688873291,-41.33699417114258,0.0
9.084902286529541,-21.7614688873291,-41.33699417114258,0.0
9.294977903366089,-21.7614688873291,-41.33699417114258,0.0
9.50475287437439,-21.7614688873291,-41.33699417114258,0.0
9.715054988861084,-21.7614688873291,-41.33699417114258,0.0
9.925057888031006,-21.7614688873291,-41.33699417114258,0.0
10.231077671051025,-21.7614688873291,-41.33699417114258,0.0
10.571856498718262,-21.761438369750977,-41.33698272705078,0.0
10.7838876247406,-21.761430740356445,-41.336978912353516,0.0
10.994361877441406,-21.761430740356445,-41.336978912353516,0.0
11.228443145751953,-21.761430740356445,-41.336978912353516,0.0
11.444779634475708,-21.761430740356445,-41.336978912353516,0.0
11.664417028427124,-21.76142120361328,-41.33697509765625,0.0
11.87379264831543,-21.76141357421875,-41.33697509765625,0.0
12.08451795578003,-21.761411666870117,-41.33697509765625,0.0
12.294063806533813,-21.761411666870117,-41.33697509765625,0.0
12.512844562530518,-21.761411666870117,-41.33697509765625,0.0
12.74409794807434,-21.761411666870117,-41.33697509765625,0.0
12.95302677154541,-21.761402130126953,-41.33696746826172,0.0
13.163129568099976,-21.76140022277832,-41.33696746826172,0.0
13.376384496688843,-21.761396408081055,-41.33696746826172,0.0
13.593432903289795,-21.76139259338379,-41.33696746826172,0.0
13.886815547943115,-21.76138687133789,-41.33696365356445,0.0
14.22478699684143,-21.76138687133789,-41.33696365356445,0.0
14.442809581756592,-21.76138687133789,-41.33696365356445,0.0
14.749366998672485,-21.76138687133789,-41.33696365356445,0.0
15.040715217590332,-21.76137351989746,-41.33695983886719,0.0
15.24957537651062,-21.76137351989746,-41.33695983886719,0.0
15.459813356399536,-21.76136589050293,-41.33695983886719,0.0
15.670238494873047,-21.761362075805664,-41.33695983886719,0.0
15.88015365600586,-21.76136016845703,-41.33695602416992,0.0
16.248359203338623,-21.761356353759766,-41.33695602416992,0.0
16.46195888519287,-21.761356353759766,-41.33695602416992,0.0
16.671990871429443,-21.7613468170166,-41.33695602416992,0.0
16.882112741470337,-21.761343002319336,-41.33695983886719,0.0
17.091840505599976,-21.761343002319336,-41.33695983886719,0.0
17.30276322364807,-21.761341094970703,-41.33696365356445,0.0
17.567798614501953,-21.761341094970703,-41.33696365356445,0.0
17.7788348197937,-21.761337280273438,-41.33696746826172,0.0
17.9887375831604,-21.761335372924805,-41.336971282958984,0.0
18.198638677597046,-21.761335372924805,-41.336971282958984,0.0
18.408570766448975,-21.761335372924805,-41.336971282958984,0.0
18.618998765945435,-21.761335372924805,-41.336971282958984,0.0
18.82862877845764,-21.761335372924805,-41.336971282958984,0.0
19.03886580467224,-21.76133155822754,-41.33698272705078,0.0
19.24900770187378,-21.76133155822754,-41.33698654174805,0.0
19.458638429641724,-21.761329650878906,-41.33698654174805,0.0
19.66831088066101,-21.761329650878906,-41.33698654174805,0.0
19.877893686294556,-21.761329650878906,-41.33698654174805,0.0
20.087970972061157,-21.761329650878906,-41.33698654174805,0.0
20.297788381576538,-21.761329650878906,-41.33698654174805,0.0
20.5082049369812,-21.76132583618164,-41.336997985839844,0.0
20.71824812889099,-21.76132583618164,-41.33700180053711,0.0
20.927629232406616,-21.76132583618164,-41.33700180053711,0.0
21.137676000595093,-21.76132583618164,-41.337005615234375,0.0
21.347750902175903,-21.76132583618164,-41.337005615234375,0.0
21.558157920837402,-21.76132583618164,-41.337005615234375,0.0
21.891984701156616,-21.76132583618164,-41.337005615234375,0.0
22.130995512008667,-21.761322021484375,-41.33701705932617,0.0
22.33986783027649,-21.761322021484375,-41.33702087402344,0.0
22.550270557403564,-21.761322021484375,-41.33702087402344,0.0
22.760414838790894,-21.761322021484375,-41.33702087402344,0.0
22.980119943618774,-21.761322021484375,-41.33702087402344,0.0
23.21110439300537,-21.761322021484375,-41.33702087402344,0.0
23.420496225357056,-21.761327743530273,-41.33702850341797,0.0
23.641830921173096,-21.761329650878906,-41.337032318115234,0.0
23.860312700271606,-21.761329650878906,-41.337032318115234,0.0
24.07018756866455,-21.761329650878906,-41.337032318115234,0.0
24.2800931930542,-21.761329650878906,-41.337032318115234,0.0
24.490098476409912,-21.761329650878906,-41.337032318115234,0.0
24.72378158569336,-21.761329650878906,-41.337032318115234,0.0
24.94018840789795,-21.76133918762207,-41.33704376220703,0.0
25.14910912513733,-21.76133918762207,-41.33704376220703,0.0
25.3590190410614,-21.76133918762207,-41.33704376220703,0.0
25.56955647468567,-21.76133918762207,-41.33704376220703,0.0
25.776041746139526,-21.76133918762207,-41.33704376220703,0.0
25.985868215560913,-21.76133918762207,-41.33704376220703,0.0
26.195813179016113,-21.76133918762207,-41.33704376220703,0.0
26.405882358551025,-21.7613525390625,-41.33705520629883,0.0
26.615821361541748,-21.761354446411133,-41.33705520629883,0.0
26.829278469085693,-21.761354446411133,-41.33705520629883,0.0
27.03933620452881,-21.7613582611084,-41.337059020996094,0.0
27.249085426330566,-21.7613582611084,-41.337059020996094,0.0
27.459092617034912,-21.7613582611084,-41.337059020996094,0.0
27.6684091091156,-21.7613582611084,-41.337059020996094,0.0
27.90822410583496,-21.7613582611084,-41.337059020996094,0.0
28.119227409362793,-21.761371612548828,-41.337066650390625,0.0
28.32911777496338,-21.761375427246094,-41.337066650390625,0.0
28.538127660751343,-21.761375427246094,-41.337066650390625,0.0
28.745454788208008,-21.761375427246094,-41.337066650390625,0.0
28.954992532730103,-21.761375427246094,-41.337066650390625,0.0
29.164991855621338,-21.761375427246094,-41.337066650390625,0.0
29.374825477600098,-21.761375427246094,-41.337066650390625,0.0
29.585078239440918,-21.761375427246094,-41.337066650390625,0.0
29.80056858062744,-21.761375427246094,-41.337066650390625,0.0
30.01509428024292,-21.76139259338379,-41.337074279785156,0.0
30.225208520889282,-21.761394500732422,-41.33707809448242,0.0
30.435681104660034,-21.761396408081055,-41.33707809448242,0.0
30.64663553237915,-21.761396408081055,-41.33707809448242,0.0
30.858097553253174,-21.761396408081055,-41.33707809448242,0.0
31.067896604537964,-21.761396408081055,-41.33707809448242,0.0
31.27739644050598,-21.761396408081055,-41.33707809448242,0.0
31.489158391952515,-21.761396408081055,-41.33707809448242,0.0
31.751310348510742,-21.761411666870117,-41.33708572387695,0.0
31.965055227279663,-21.761411666870117,-41.33708572387695,0.0
32.17390036582947,-21.761411666870117,-41.33708572387695,0.0
32.38487958908081,-21.761411666870117,-41.33708572387695,0.0
32.595221281051636,-21.761411666870117,-41.33708572387695,0.0
32.98034954071045,-21.761411666870117,-41.33708572387695,0.0
33.19559860229492,-21.761411666870117,-41.33708572387695,0.0
33.40390872955322,-21.761432647705078,-41.337093353271484,0.0
33.614211320877075,-21.76143455505371,-41.33709716796875,0.0
33.82842206954956,-21.761436462402344,-41.33709716796875,0.0
34.04621767997742,-21.76144027709961,-41.33709716796875,0.0
34.2572283744812,-21.76144027709961,-41.33709716796875,0.0
34.4663290977478,-21.76144027709961,-41.33709716796875,0.0
34.67712879180908,-21.76144027709961,-41.33709716796875,0.0
34.965842962265015,-21.76144027709961,-41.33709716796875,0.0
35.26487898826599,-21.76144027709961,-41.33709716796875,0.0
35.596983671188354,-21.76144027709961,-41.33709716796875,0.0
35.84636831283569,-21.76144027709961,-41.33709716796875,0.0
36.056217670440674,-21.761463165283203,-41.337100982666016,0.0
36.266390800476074,-21.761465072631836,-41.33709716796875,0.0
36.47639536857605,-21.761465072631836,-41.33709716796875,0.0
36.68636918067932,-21.761465072631836,-41.33709716796875,0.0
37.10545516014099,-21.761465072631836,-41.33709716796875,0.0
37.360044956207275,-21.761465072631836,-41.33709716796875,0.0
37.57215619087219,-21.761476516723633,-41.33708572387695,0.0
37.783204317092896,-21.761478424072266,-41.33708572387695,0.0
37.99205446243286,-21.7614803314209,-41.33708190917969,0.0
38.20203709602356,-21.76148223876953,-41.33708190917969,0.0
38.41222810745239,-21.761484146118164,-41.33707809448242,0.0
38.622408628463745,-21.761484146118164,-41.33707809448242,0.0
38.83221197128296,-21.761484146118164,-41.33707809448242,0.0
39.041908740997314,-21.761484146118164,-41.33707809448242,0.0
39.25196647644043,-21.761484146118164,-41.33707809448242,0.0
39.4623863697052,-21.761484146118164,-41.33707809448242,0.0
39.67215847969055,-21.761484146118164,-41.33707809448242,0.0
39.882047176361084,-21.761484146118164,-41.33707809448242,0.0
40.092379570007324,-21.761484146118164,-41.33707809448242,0.0
40.30216646194458,-21.761484146118164,-41.33707809448242,0.0
40.51213550567627,-21.761484146118164,-41.33707809448242,0.0
40.72191262245178,-21.761484146118164,-41.33707809448242,0.0
41.06114077568054,-21.761484146118164,-41.33707809448242,0.0
41.33090829849243,-21.761505126953125,-41.33705139160156,0.0
41.54205870628357,-21.761505126953125,-41.33705139160156,0.0
41.75101709365845,-21.761505126953125,-41.33705139160156,0.0
41.96100997924805,-21.761505126953125,-41.33705139160156,0.0
42.17240118980408,-21.761505126953125,-41.33705139160156,0.0
42.3810248374939,-21.761507034301758,-41.337032318115234,0.0
42.59140610694885,-21.761505126953125,-41.337032318115234,0.0
42.801565170288086,-21.761503219604492,-41.33702850341797,0.0
43.0110878944397,-21.76150131225586,-41.33702850341797,0.0
43.222076416015625,-21.761499404907227,-41.3370246887207,0.0
43.431408643722534,-21.761499404907227,-41.3370246887207,0.0
43.6409969329834,-21.761499404907227,-41.3370246887207,0.0
43.85108280181885,-21.761499404907227,-41.3370246887207,0.0
44.35745358467102,-21.761499404907227,-41.3370246887207,0.0
44.571277141571045,-21.761499404907227,-41.3370246887207,0.0
44.78038573265076,-21.761499404907227,-41.3370246887207,0.0
44.99112844467163,-21.761499404907227,-41.3370246887207,0.0
45.2002112865448,-21.761499404907227,-41.3370246887207,0.0
45.41009211540222,-21.761499404907227,-41.3370246887207,0.0
45.62108254432678,-21.761478424072266,-41.33700942993164,0.0
45.830212354660034,-21.761476516723633,-41.33700942993164,0.0
46.04025483131409,-21.761472702026367,-41.33700942993164,0.0
46.25005531311035,-21.761470794677734,-41.337005615234375,0.0
46.46029210090637,-21.761470794677734,-41.337005615234375,0.0
46.67010426521301,-21.761470794677734,-41.337005615234375,0.0
46.88011145591736,-21.761470794677734,-41.337005615234375,0.0
47.09050464630127,-21.761470794677734,-41.337005615234375,0.0
47.301512241363525,-21.761470794677734,-41.337005615234375,0.0
47.62316846847534,-21.761470794677734,-41.337005615234375,0.0
47.90761876106262,-21.761470794677734,-41.337005615234375,0.0
48.120094776153564,-21.761470794677734,-41.337005615234375,0.0
48.32910656929016,-21.761470794677734,-41.337005615234375,0.0
48.53911018371582,-21.761470794677734,-41.337005615234375,0.0
48.75011491775513,-21.761436462402344,-41.33699417114258,0.0
48.95951271057129,-21.761432647705078,-41.33699417114258,0.0
49.16934514045715,-21.761430740356445,-41.33699035644531,0.0
49.38051128387451,-21.76142692565918,-41.33699035644531,0.0
49.58930420875549,-21.761425018310547,-41.33699035644531,0.0
49.79910349845886,-21.761425018310547,-41.33699035644531,0.0
50.009432792663574,-21.761425018310547,-41.33699035644531,0.0
50.21931529045105,-21.761425018310547,-41.33699035644531,0.0
50.42923426628113,-21.761425018310547,-41.33699035644531,0.0
50.639209508895874,-21.761425018310547,-41.33699035644531,0.0
50.969603538513184,-21.761425018310547,-41.33699035644531,0.0
51.26550531387329,-21.761402130126953,-41.336978912353516,0.0
51.47834229469299,-21.761398315429688,-41.336978912353516,0.0
51.68837881088257,-21.761394500732422,-41.336978912353516,0.0
51.89822959899902,-21.76139259338379,-41.336978912353516,0.0
52.108224391937256,-21.761388778686523,-41.336978912353516,0.0
52.318236112594604,-21.761388778686523,-41.336978912353516,0.0
52.528857946395874,-21.761388778686523,-41.336978912353516,0.0
52.73865270614624,-21.761388778686523,-41.336978912353516,0.0
52.949209690093994,-21.761388778686523,-41.336978912353516,0.0
53.28412175178528,-21.761388778686523,-41.336978912353516,0.0
53.50205135345459,-21.761388778686523,-41.336978912353516,0.0
53.734341621398926,-21.76136589050293,-41.336971282958984,0.0
53.95169186592102,-21.76136589050293,-41.336971282958984,0.0
54.162923097610474,-21.76136589050293,-41.336971282958984,0.0
54.38061714172363,-21.76136589050293,-41.336971282958984,0.0
54.59164357185364,-21.76136589050293,-41.336971282958984,0.0
54.800772190093994,-21.76136589050293,-41.336971282958984,0.0
55.011242628097534,-21.761348724365234,-41.33697509765625,0.0
55.251646995544434,-21.761348724365234,-41.33697509765625,0.0
55.47173047065735,-21.761348724365234,-41.33697509765625,0.0
55.68066620826721,-21.761348724365234,-41.33697509765625,0.0
55.89050841331482,-21.761348724365234,-41.33697509765625,0.0
56.10045576095581,-21.761348724365234,-41.33697509765625,0.0
56.31062936782837,-21.761348724365234,-41.33697509765625,0.0
56.520747661590576,-21.761348724365234,-41.33697509765625,0.0
56.7552227973938,-21.761348724365234,-41.33697509765625,0.0
56.970709800720215,-21.761335372924805,-41.33699417114258,0.0
57.18048596382141,-21.761335372924805,-41.336997985839844,0.0
57.390385150909424,-21.761335372924805,-41.336997985839844,0.0
57.59940814971924,-21.761335372924805,-41.336997985839844,0.0
57.80967450141907,-21.761335372924805,-41.336997985839844,0.0
58.03290510177612,-21.761335372924805,-41.336997985839844,0.0
58.249666929244995,-21.761335372924805,-41.336997985839844,0.0
58.45945191383362,-21.761335372924805,-41.336997985839844,0.0
58.676491022109985,-21.761335372924805,-41.336997985839844,0.0
58.90773391723633,-21.761329650878906,-41.337013244628906,0.0
59.119649171829224,-21.761329650878906,-41.337013244628906,0.0
59.41553807258606,-21.761329650878906,-41.33701705932617,0.0
59.75231337547302,-21.761327743530273,-41.33702087402344,0.0
59.969436168670654,-21.761327743530273,-41.33702087402344,0.0
60.19942545890808,-21.761327743530273,-41.33702087402344,0.0
60.40965032577515,-21.76132583618164,-41.33702850341797,0.0
60.61874747276306,-21.76132583618164,-41.33702850341797,0.0
60.83026051521301,-21.76132583618164,-41.337032318115234,0.0
61.04932737350464,-21.76132583618164,-41.337032318115234,0.0
61.3023636341095,-21.76132583618164,-41.337032318115234,0.0
61.5186071395874,-21.76132583618164,-41.337032318115234,0.0
61.728832721710205,-21.761323928833008,-41.33704376220703,0.0
61.93863391876221,-21.761323928833008,-41.33704376220703,0.0
62.14880895614624,-21.761323928833008,-41.33705139160156,0.0
62.358705282211304,-21.761323928833008,-41.33705139160156,0.0
62.57149887084961,-21.761323928833008,-41.33705139160156,0.0
62.78853416442871,-21.761323928833008,-41.33705139160156,0.0
63.135555267333984,-21.761323928833008,-41.33705139160156,0.0
63.3457989692688,-21.761329650878906,-41.33706283569336,0.0
63.554418325424194,-21.76133155822754,-41.33706283569336,0.0
63.76543569564819,-21.761333465576172,-41.337066650390625,0.0
63.97555637359619,-21.761333465576172,-41.337066650390625,0.0
64.18439149856567,-21.761333465576172,-41.337066650390625,0.0
64.39544367790222,-21.761333465576172,-41.337066650390625,0.0
64.60720372200012,-21.761333465576172,-41.337066650390625,0.0
64.81443500518799,-21.761333465576172,-41.337066650390625,0.0
65.02454042434692,-21.761333465576172,-41.337066650390625,0.0
65.23464250564575,-21.761333465576172,-41.337066650390625,0.0
65.44434380531311,-21.761348724365234,-41.337074279785156,0.0
65.65455651283264,-21.761350631713867,-41.33707809448242,0.0
65.86438131332397,-21.7613525390625,-41.33707809448242,0.0
66.07461428642273,-21.761354446411133,-41.33707809448242,0.0
66.28527903556824,-21.761354446411133,-41.33707809448242,0.0
66.49458861351013,-21.761354446411133,-41.33707809448242,0.0
66.70440864562988,-21.761354446411133,-41.33707809448242,0.0
67.03764486312866,-21.761354446411133,-41.33707809448242,0.0
67.28247404098511,-21.761354446411133,-41.33707809448242,0.0
67.49658465385437,-21.761354446411133,-41.33707809448242,0.0
67.70656776428223,-21.761354446411133,-41.33707809448242,0.0
67.91659760475159,-21.761354446411133,-41.33707809448242,0.0
68.12657618522644,-21.761354446411133,-41.33707809448242,0.0
68.33677697181702,-21.761354446411133,-41.33707809448242,0.0
68.56741786003113,-21.761354446411133,-41.33707809448242,0.0
68.78798365592957,-21.76138687133789,-41.33708953857422,0.0
69.00683641433716,-21.76138687133789,-41.33708953857422,0.0
69.21782350540161,-21.76138687133789,-41.33708953857422,0.0
69.42686152458191,-21.76138687133789,-41.33708953857422,0.0
69.63779783248901,-21.76138687133789,-41.33708953857422,0.0
69.87652039527893,-21.76138687133789,-41.33708953857422,0.0
70.08585524559021,-21.761398315429688,-41.337093353271484,0.0
70.29677963256836,-21.76140022277832,-41.337093353271484,0.0
70.50952792167664,-21.761404037475586,-41.33709716796875,0.0
70.72628617286682,-21.761404037475586,-41.33709716796875,0.0
70.93567395210266,-21.761404037475586,-41.33709716796875,0.0
71.14575028419495,-21.761404037475586,-41.33709716796875,0.0
71.38060855865479,-21.761404037475586,-41.33709716796875,0.0
71.59576082229614,-21.761404037475586,-41.33709716796875,0.0
71.8057963848114,-21.761415481567383,-41.337100982666016,0.0
72.01592373847961,-21.761417388916016,-41.337100982666016,0.0
72.2256965637207,-21.761423110961914,-41.33710479736328,0.0
72.46054005622864,-21.761423110961914,-41.33710479736328,0.0
72.67572283744812,-21.761423110961914,-41.33710479736328,0.0
72.88583612442017,-21.761423110961914,-41.33710479736328,0.0
73.09471988677979,-21.761423110961914,-41.33710479736328,0.0
73.30612564086914,-21.761423110961914,-41.33710479736328,0.0
73.53866505622864,-21.761423110961914,-41.33710479736328,0.0
73.75734233856201,-21.76144027709961,-41.33710861206055,0.0
73.97466969490051,-21.76144027709961,-41.33710861206055,0.0
74.18514156341553,-21.76144027709961,-41.33710861206055,0.0
74.39606189727783,-21.76144027709961,-41.33710861206055,0.0
74.60651731491089,-21.76144027709961,-41.33710861206055,0.0
74.82511591911316,-21.76144027709961,-41.33710861206055,0.0
75.03492569923401,-21.76144027709961,-41.33710861206055,0.0
75.24486756324768,-21.76144027709961,-41.33710861206055,0.0
75.45642757415771,-21.76144027709961,-41.33710861206055,0.0
75.67561626434326,-21.761463165283203,-41.337100982666016,0.0
76.00428199768066,-21.7614688873291,-41.337100982666016,0.0
76.21542716026306,-21.7614688873291,-41.337100982666016,0.0
76.50270414352417,-21.7614688873291,-41.337100982666016,0.0
76.97116541862488,-21.7614688873291,-41.337100982666016,0.0
77.18537068367004,-21.7614803314209,-41.337093353271484,0.0
77.39417695999146,-21.76148223876953,-41.337093353271484,0.0
77.60377407073975,-21.761486053466797,-41.33708953857422,0.0
77.81368136405945,-21.761486053466797,-41.33708953857422,0.0
78.02367997169495,-21.76148796081543,-41.33708572387695,0.0
78.2339825630188,-21.76148796081543,-41.33708572387695,0.0
78.46284794807434,-21.76148796081543,-41.33708572387695,0.0
78.67385911941528,-21.76148796081543,-41.33708572387695,0.0
79.00298857688904,-21.76148796081543,-41.33708572387695,0.0
79.21489715576172,-21.76149559020996,-41.337074279785156,0.0
79.50343346595764,-21.761497497558594,-41.33707046508789,0.0
79.83470797538757,-21.76150131225586,-41.33706283569336,0.0
80.11805510520935,-21.76150131225586,-41.33706283569336,0.0
80.33044695854187,-21.761503219604492,-41.337059020996094,0.0
80.53969430923462,-21.761503219604492,-41.337059020996094,0.0
80.7543716430664,-21.761503219604492,-41.337059020996094,0.0
81.09265351295471,-21.761503219604492,-41.337059020996094,0.0
81.62209606170654,-21.761507034301758,-41.3370475769043,0.0
81.84286093711853,-21.761507034301758,-41.337039947509766,0.0
82.07397031784058,-21.761507034301758,-41.337039947509766,0.0
82.29306817054749,-21.761507034301758,-41.337039947509766,0.0
82.50429224967957,-21.76150131225586,-41.337032318115234,0.0
82.71284914016724,-21.761499404907227,-41.33702850341797,0.0
82.94624590873718,-21.761497497558594,-41.33702850341797,0.0
83.16360759735107,-21.761497497558594,-41.33702850341797,0.0
83.38398575782776,-21.761497497558594,-41.33702850341797,0.0
83.59868144989014,-21.761497497558594,-41.33702850341797,0.0
83.80888247489929,-21.761497497558594,-41.33702850341797,0.0
84.01931571960449,-21.761497497558594,-41.33702850341797,0.0
84.22886395454407,-21.761486053466797,-41.337013244628906,0.0
84.43900060653687,-21.761484146118164,-41.337013244628906,0.0
84.65009307861328,-21.76148223876953,-41.337013244628906,0.0
84.85869932174683,-21.76148223876953,-41.337013244628906,0.0
85.06961989402771,-21.76148223876953,-41.337013244628906,0.0
85.27858281135559,-21.76148223876953,-41.337013244628906,0.0
85.48940515518188,-21.76148223876953,-41.337013244628906,0.0
85.70077586174011,-21.76148223876953,-41.337013244628906,0.0
85.91067600250244,-21.76148223876953,-41.337013244628906,0.0
86.11878871917725,-21.76148223876953,-41.337013244628906,0.0
86.32875847816467,-21.76146125793457,-41.33700180053711,0.0
86.53869366645813,-21.761459350585938,-41.33700180053711,0.0
86.7487564086914,-21.761457443237305,-41.33700180053711,0.0
86.9586091041565,-21.76145362854004,-41.33700180053711,0.0
87.16758847236633,-21.76145362854004,-41.33700180053711,0.0
87.37869215011597,-21.76145362854004,-41.33700180053711,0.0
87.58813786506653,-21.76145362854004,-41.33700180053711,0.0
87.79761791229248,-21.76145362854004,-41.33700180053711,0.0
88.00802373886108,-21.76145362854004,-41.33700180053711,0.0
88.21778535842896,-21.76145362854004,-41.33700180053711,0.0
88.42790102958679,-21.761432647705078,-41.33699417114258,0.0
88.63775277137756,-21.761430740356445,-41.33699417114258,0.0
88.97800159454346,-21.76142692565918,-41.33699417114258,0.0
89.24887776374817,-21.76142692565918,-41.33699417114258,0.0
89.4578697681427,-21.76142692565918,-41.33699417114258,0.0
89.66874098777771,-21.76142692565918,-41.33699417114258,0.0
89.88011169433594,-21.76142692565918,-41.33699417114258,0.0
90.08838176727295,-21.76142692565918,-41.33699417114258,0.0
90.29739212989807,-21.76142692565918,-41.33699417114258,0.0
90.50759720802307,-21.76142692565918,-41.33699417114258,0.0
90.8426673412323,-21.76142692565918,-41.33699417114258,0.0
91.09371161460876,-21.761398315429688,-41.33698654174805,0.0
91.30673384666443,-21.761398315429688,-41.33698654174805,0.0
91.51724934577942,-21.761398315429688,-41.33698654174805,0.0
91.72687864303589,-21.761388778686523,-41.33698272705078,0.0
91.9368052482605,-21.76138687133789,-41.336978912353516,0.0
92.14678144454956,-21.761383056640625,-41.336978912353516,0.0
92.35663938522339,-21.761383056640625,-41.336978912353516,0.0
92.56691479682922,-21.761383056640625,-41.336978912353516,0.0
92.77752161026001,-21.761383056640625,-41.336978912353516,0.0
92.98702335357666,-21.761383056640625,-41.336978912353516,0.0
93.19670486450195,-21.761383056640625,-41.336978912353516,0.0
93.40623617172241,-21.761383056640625,-41.336978912353516,0.0
93.61688780784607,-21.761362075805664,-41.33697509765625,0.0
93.8270652294159,-21.7613582611084,-41.33697509765625,0.0
94.03687024116516,-21.761354446411133,-41.336978912353516,0.0
94.24676895141602,-21.761354446411133,-41.336978912353516,0.0
94.45604515075684,-21.761354446411133,-41.336978912353516,0.0
94.66654896736145,-21.761354446411133,-41.336978912353516,0.0
94.87578654289246,-21.761354446411133,-41.336978912353516,0.0
95.08629536628723,-21.761354446411133,-41.336978912353516,0.0
95.295654296875,-21.761354446411133,-41.336978912353516,0.0
95.50577139854431,-21.761354446411133,-41.336978912353516,0.0
95.71589612960815,-21.761354446411133,-41.336978912353516,0.0
95.92579674720764,-21.761337280273438,-41.33699417114258,0.0
96.13599848747253,-21.761337280273438,-41.336997985839844,0.0
96.34841799736023,-21.761335372924805,-41.336997985839844,0.0
96.55722689628601,-21.761335372924805,-41.336997985839844,0.0
96.95108652114868,-21.761335372924805,-41.336997985839844,0.0
97.16549777984619,-21.761335372924805,-41.336997985839844,0.0
97.37518572807312,-21.761335372924805,-41.336997985839844,0.0
97.58483457565308,-21.761335372924805,-41.336997985839844,0.0
97.79680299758911,-21.761335372924805,-41.336997985839844,0.0
98.00482749938965,-21.761335372924805,-41.336997985839844,0.0
98.2153594493866,-21.761329650878906,-41.33701705932617,0.0
98.42524933815002,-21.761327743530273,-41.33702087402344,0.0
98.63544154167175,-21.761327743530273,-41.33702087402344,0.0
98.84604358673096,-21.761327743530273,-41.33702087402344,0.0
99.05485582351685,-21.761327743530273,-41.33702087402344,0.0
99.26526284217834,-21.761327743530273,-41.33702087402344,0.0
99.47505497932434,-21.761327743530273,-41.33702087402344,0.0
99.68640303611755,-21.761327743530273,-41.33702087402344,0.0
99.89608454704285,-21.761327743530273,-41.33702087402344,0.0
100.10567045211792,-21.761327743530273,-41.33702087402344,0.0
100.31603288650513,-21.761327743530273,-41.33702087402344,0.0
100.65177321434021,-21.761327743530273,-41.337039947509766,0.0
100.8686637878418,-21.761327743530273,-41.337039947509766,0.0
101.07766389846802,-21.761327743530273,-41.337039947509766,0.0
101.36610460281372,-21.761327743530273,-41.337039947509766,0.0
101.83326745033264,-21.761327743530273,-41.337039947509766,0.0
102.0473279953003,-21.761335372924805,-41.337059020996094,0.0
102.25729465484619,-21.761337280273438,-41.33706283569336,0.0
102.4670832157135,-21.761337280273438,-41.33706283569336,0.0
102.67713570594788,-21.761337280273438,-41.33706283569336,0.0
102.88811659812927,-21.761337280273438,-41.33706283569336,0.0
103.12776732444763,-21.761337280273438,-41.33706283569336,0.0
103.33775115013123,-21.76134490966797,-41.33707046508789,0.0
103.54635190963745,-21.761348724365234,-41.33707046508789,0.0
103.75618624687195,-21.761348724365234,-41.33707046508789,0.0
103.96617102622986,-21.761348724365234,-41.33707046508789,0.0
104.19631910324097,-21.761348724365234,-41.33707046508789,0.0
104.40618848800659,-21.761348724365234,-41.33707046508789,0.0
104.75317549705505,-21.7613582611084,-41.337074279785156,0.0
104.96407985687256,-21.7613582611084,-41.337074279785156,0.0
105.17364478111267,-21.7613582611084,-41.337074279785156,0.0
105.38297414779663,-21.7613582611084,-41.337074279785156,0.0
105.5933575630188,-21.7613582611084,-41.337074279785156,0.0
105.80721068382263,-21.7613582611084,-41.337074279785156,0.0
106.01658010482788,-21.76137351989746,-41.33708190917969,0.0
106.22616267204285,-21.761375427246094,-41.33708190917969,0.0
106.43652749061584,-21.76137924194336,-41.33708190917969,0.0
106.64652800559998,-21.761381149291992,-41.33708190917969,0.0
106.85647225379944,-21.761381149291992,-41.33708190917969,0.0
107.06747484207153,-21.761381149291992,-41.33708190917969,0.0
107.29538559913635,-21.761381149291992,-41.33708190917969,0.0
107.50581574440002,-21.761381149291992,-41.33708190917969,0.0
107.71642756462097,-21.761390686035156,-41.33708572387695,0.0
107.93272972106934,-21.761396408081055,-41.33708953857422,0.0
108.26526927947998,-21.761396408081055,-41.33708953857422,0.0
108.47521471977234,-21.761396408081055,-41.33708953857422,0.0
108.76466870307922,-21.761396408081055,-41.33708953857422,0.0
109.27118444442749,-21.761396408081055,-41.33708953857422,0.0
109.48207426071167,-21.761396408081055,-41.33708953857422,0.0
109.69212985038757,-21.761396408081055,-41.33708953857422,0.0
109.90229272842407,-21.761396408081055,-41.33708953857422,0.0
110.11215901374817,-21.76141929626465,-41.337100982666016,0.0
110.32236051559448,-21.76142120361328,-41.337100982666016,0.0
110.53219223022461,-21.761423110961914,-41.33710479736328,0.0
110.74212431907654,-21.761425018310547,-41.33710479736328,0.0
111.09618306159973,-21.761425018310547,-41.33710479736328,0.0
111.30431294441223,-21.761432647705078,-41.33710861206055,0.0
111.58828115463257,-21.76143455505371,-41.33710861206055,0.0
111.92618036270142,-21.76143455505371,-41.33710861206055,0.0
112.14527988433838,-21.76144027709961,-41.33711624145508,0.0
112.37531518936157,-21.76144027709961,-41.33711624145508,0.0
112.59460520744324,-21.76144027709961,-41.33711624145508,0.0
112.80451941490173,-21.761442184448242,-41.33712387084961,0.0
113.0146861076355,-21.761442184448242,-41.337127685546875,0.0
113.32134962081909,-21.761442184448242,-41.33713150024414,0.0
113.61246871948242,-21.761442184448242,-41.33713150024414,0.0
113.8220853805542,-21.761442184448242,-41.33713150024414,0.0
114.03113317489624,-21.761442184448242,-41.33713150024414,0.0
114.53958511352539,-21.761442184448242,-41.33713150024414,0.0
114.75111293792725,-21.761442184448242,-41.33713150024414,0.0
114.96108317375183,-21.761442184448242,-41.33713150024414,0.0
115.17013025283813,-21.761438369750977,-41.337158203125,0.0
115.38017463684082,-21.761438369750977,-41.337162017822266,0.0
115.59006547927856,-21.761436462402344,-41.33716583251953,0.0
115.80034160614014,-21.761436462402344,-41.33716583251953,0.0
116.01030707359314,-21.761436462402344,-41.33716583251953,0.0
116.35044050216675,-21.761436462402344,-41.33716583251953,0.0
116.66061210632324,-21.761432647705078,-41.33717727661133,0.0
116.95216536521912,-21.761432647705078,-41.337181091308594,0.0
117.16134095191956,-21.761432647705078,-41.337181091308594,0.0
117.37037253379822,-21.761432647705078,-41.337181091308594,0.0
117.58008909225464,-21.761430740356445,-41.33719253540039,0.0
118.08697271347046,-21.76142692565918,-41.33720016479492,0.0
118.2992148399353,-21.76142692565918,-41.33720397949219,0.0
118.5142765045166,-21.76142692565918,-41.33720397949219,0.0
118.72043514251709,-21.761425018310547,-41.33720779418945,0.0
118.9293327331543,-21.761425018310547,-41.33721160888672,0.0
119.13939499855042,-21.761425018310547,-41.33721160888672,0.0
119.34976959228516,-21.761425018310547,-41.33721160888672,0.0
119.55982851982117,-21.761425018310547,-41.33721160888672,0.0
119.76925849914551,-21.761425018310547,-41.33721160888672,0.0
119.97923922538757,-21.761425018310547,-41.33721160888672,0.0
120.18923234939575,-21.761425018310547,-41.33721160888672,0.0
120.39920091629028,-21.761425018310547,-41.33721160888672,0.0
120.60962152481079,-21.76141357421875,-41.33723068237305,0.0
120.81938910484314,-21.761409759521484,-41.33723068237305,0.0
121.14848637580872,-21.76140785217285,-41.33723068237305,0.0
121.52718305587769,-21.76140785217285,-41.33723068237305,0.0
121.73813199996948,-21.761398315429688,-41.33723068237305,0.0
121.9484236240387,-21.761396408081055,-41.33722686767578,0.0
122.15843772888184,-21.761396408081055,-41.33722686767578,0.0
122.3682291507721,-21.761396408081055,-41.33722686767578,0.0
122.57814049720764,-21.761396408081055,-41.33722686767578,0.0
122.78823137283325,-21.761396408081055,-41.33722686767578,0.0
122.99805736541748,-21.761396408081055,-41.33722686767578,0.0
123.20808148384094,-21.761396408081055,-41.33722686767578,0.0
123.41818571090698,-21.761396408081055,-41.33722686767578,0.0
123.62819266319275,-21.761375427246094,-41.33721923828125,0.0
123.83936762809753,-21.761371612548828,-41.33721923828125,0.0
124.04850769042969,-21.761369705200195,-41.33721923828125,0.0
124.25828790664673,-21.761369705200195,-41.33721923828125,0.0
124.46837019920349,-21.761369705200195,-41.33721923828125,0.0
124.67820453643799,-21.761369705200195,-41.33721923828125,0.0
124.88875770568848,-21.761369705200195,-41.33721923828125,0.0
125.09838438034058,-21.761369705200195,-41.33721923828125,0.0
125.42215418815613,-21.761369705200195,-41.33721923828125,0.0
125.80823707580566,-21.76134490966797,-41.33721160888672,0.0
126.0171811580658,-21.76134490966797,-41.33721160888672,0.0
126.22731876373291,-21.76134490966797,-41.33721160888672,0.0
126.4373106956482,-21.761337280273438,-41.33721160888672,0.0
126.64782500267029,-21.761333465576172,-41.33721160888672,0.0
126.8574059009552,-21.76133155822754,-41.33720779418945,0.0
127.06740307807922,-21.76133155822754,-41.33720779418945,0.0
127.2778959274292,-21.76133155822754,-41.33720779418945,0.0
127.48726773262024,-21.76133155822754,-41.33720779418945,0.0
127.69740223884583,-21.76133155822754,-41.33720779418945,0.0
127.90790104866028,-21.76133155822754,-41.33720779418945,0.0
128.1173014640808,-21.76133155822754,-41.33720779418945,0.0
128.32960844039917,-21.761310577392578,-41.33720779418945,0.0
128.79433178901672,-21.761308670043945,-41.33720779418945,0.0
129.0106167793274,-21.761308670043945,-41.33720779418945,0.0
129.22065234184265,-21.76129913330078,-41.33720779418945,0.0
129.42979073524475,-21.761295318603516,-41.33720779418945,0.0
129.63952159881592,-21.76129150390625,-41.33720779418945,0.0
129.85068011283875,-21.76129150390625,-41.33720779418945,0.0
130.19251441955566,-21.76128578186035,-41.33720779418945,0.0
130.4095025062561,-21.76128578186035,-41.33720779418945,0.0
130.61997818946838,-21.76128578186035,-41.33720779418945,0.0
130.83999633789062,-21.761276245117188,-41.33720779418945,0.0
131.05017852783203,-21.761274337768555,-41.33720779418945,0.0
131.2599811553955,-21.761268615722656,-41.33720779418945,0.0
131.4695634841919,-21.761268615722656,-41.33720779418945,0.0
131.70425605773926,-21.761266708374023,-41.33720779418945,0.0
131.91962480545044,-21.761266708374023,-41.33720779418945,0.0
132.12969136238098,-21.761266708374023,-41.33720779418945,0.0
132.33969283103943,-21.761266708374023,-41.33720779418945,0.0
132.54872918128967,-21.761266708374023,-41.33720779418945,0.0
132.75874042510986,-21.76125144958496,-41.33720779418945,0.0
132.98782920837402,-21.761247634887695,-41.33721160888672,0.0
133.19872951507568,-21.761247634887695,-41.33721160888672,0.0
133.41781163215637,-21.761247634887695,-41.33721160888672,0.0
133.6486279964447,-21.761247634887695,-41.33721160888672,0.0
133.8586940765381,-21.761247634887695,-41.33721160888672,0.0
134.18863654136658,-21.761234283447266,-41.33721923828125,0.0
134.3986325263977,-21.761234283447266,-41.33721923828125,0.0
134.72864961624146,-21.761232376098633,-41.337223052978516,0.0
134.93870759010315,-21.761232376098633,-41.337223052978516,0.0
135.26756834983826,-21.761232376098633,-41.337223052978516,0.0
135.4787299633026,-21.761232376098633,-41.337223052978516,0.0
135.76837158203125,-21.761220932006836,-41.33723068237305,0.0
136.06648778915405,-21.761220932006836,-41.33723068237305,0.0
136.39881253242493,-21.761220932006836,-41.33723068237305,0.0
136.64345526695251,-21.761215209960938,-41.33723831176758,0.0
136.85780382156372,-21.761215209960938,-41.33723831176758,0.0
137.0676658153534,-21.761215209960938,-41.33723831176758,0.0
137.27763772010803,-21.761215209960938,-41.33723831176758,0.0
137.487863779068,-21.761215209960938,-41.33723831176758,0.0
137.6978039741516,-21.761215209960938,-41.33723831176758,0.0
137.92884993553162,-21.761215209960938,-41.33723831176758,0.0
138.14771604537964,-21.761201858520508,-41.33725357055664,0.0
138.35761523246765,-21.761201858520508,-41.33725357055664,0.0
138.56764769554138,-21.761201858520508,-41.33725357055664,0.0
138.8745551109314,-21.761201858520508,-41.33725357055664,0.0
139.1674199104309,-21.761201858520508,-41.33725357055664,0.0
139.3744797706604,-21.761201858520508,-41.33725357055664,0.0
139.58449697494507,-21.761201858520508,-41.33725357055664,0.0
140.32461142539978,-21.761192321777344,-41.337276458740234,0.0
140.70254063606262,-21.761192321777344,-41.337276458740234,0.0
140.91361093521118,-21.761186599731445,-41.33728790283203,0.0
141.1233410835266,-21.761186599731445,-41.3372917175293,0.0
141.33376622200012,-21.761186599731445,-41.3372917175293,0.0
141.54351925849915,-21.761186599731445,-41.3372917175293,0.0
141.75345253944397,-21.761186599731445,-41.3372917175293,0.0
141.96351957321167,-21.761186599731445,-41.3372917175293,0.0
142.17368292808533,-21.761186599731445,-41.3372917175293,0.0
142.38356280326843,-21.761186599731445,-41.3372917175293,0.0
142.5937328338623,-21.761186599731445,-41.3372917175293,0.0
142.8036127090454,-21.761178970336914,-41.337310791015625,0.0
143.01374793052673,-21.76117706298828,-41.33731460571289,0.0
143.22367095947266,-21.76117706298828,-41.33731460571289,0.0
143.43382215499878,-21.76117515563965,-41.337318420410156,0.0
143.7664773464203,-21.76117515563965,-41.337318420410156,0.0
144.0117061138153,-21.76117515563965,-41.337318420410156,0.0
144.22578263282776,-21.761171340942383,-41.33732986450195,0.0
144.43585753440857,-21.761171340942383,-41.33732986450195,0.0
144.6456708908081,-21.761171340942383,-41.33732986450195,0.0
144.855961561203,-21.761171340942383,-41.33732986450195,0.0
145.06606149673462,-21.761171340942383,-41.33732986450195,0.0
145.29671621322632,-21.761171340942383,-41.33732986450195,0.0
145.50597596168518,-21.761165618896484,-41.337345123291016,0.0
145.7276575565338,-21.761165618896484,-41.337345123291016,0.0
145.9458191394806,-21.761165618896484,-41.337345123291016,0.0
146.15584659576416,-21.761165618896484,-41.337345123291016,0.0
146.36774039268494,-21.761165618896484,-41.337345123291016,0.0
146.58571362495422,-21.761165618896484,-41.337345123291016,0.0
146.93261003494263,-21.761165618896484,-41.337345123291016,0.0
147.14145827293396,-21.761165618896484,-41.337345123291016,0.0
147.3514199256897,-21.761165618896484,-41.337345123291016,0.0
147.56164407730103,-21.761165618896484,-41.337345123291016,0.0
147.77167749404907,-21.761165618896484,-41.337345123291016,0.0
147.98161602020264,-21.761165618896484,-41.337345123291016,0.0
148.19149947166443,-21.761165618896484,-41.337345123291016,0.0
148.40181970596313,-21.76115608215332,-41.337379455566406,0.0
148.61158180236816,-21.761154174804688,-41.33738327026367,0.0
148.8216757774353,-21.761152267456055,-41.33738708496094,0.0
149.03168082237244,-21.761152267456055,-41.33738708496094,0.0
149.24177765846252,-21.761152267456055,-41.33738708496094,0.0
149.45160007476807,-21.761152267456055,-41.33738708496094,0.0
149.6617829799652,-21.761152267456055,-41.33738708496094,0.0
149.8717303276062,-21.761152267456055,-41.33738708496094,0.0
150.08157634735107,-21.761152267456055,-41.33738708496094,0.0
150.29176092147827,-21.761152267456055,-41.33738708496094,0.0
150.62621426582336,-21.761152267456055,-41.33738708496094,0.0
150.91345262527466,-21.761146545410156,-41.33740997314453,0.0
151.12100791931152,-21.761144638061523,-41.3374137878418,0.0
151.33154582977295,-21.761144638061523,-41.33741760253906,0.0
151.5406196117401,-21.761144638061523,-41.33741760253906,0.0
151.88116645812988,-21.761144638061523,-41.33741760253906,0.0
152.19114995002747,-21.761144638061523,-41.33741760253906,0.0
152.48382329940796,-21.761140823364258,-41.33742904663086,0.0
152.6908221244812,-21.761140823364258,-41.33742904663086,0.0
152.90088534355164,-21.761138916015625,-41.33743667602539,0.0
153.111266374588,-21.761138916015625,-41.337440490722656,0.0
153.32075572013855,-21.761138916015625,-41.337440490722656,0.0
153.53063678741455,-21.761137008666992,-41.33744430541992,0.0
153.74097633361816,-21.761137008666992,-41.33744430541992,0.0
153.95149397850037,-21.761137008666992,-41.33744430541992,0.0
154.1608180999756,-21.761137008666992,-41.33744430541992,0.0
154.66787004470825,-21.761137008666992,-41.33744430541992,0.0
154.87953186035156,-21.761137008666992,-41.33744430541992,0.0
155.09070801734924,-21.761137008666992,-41.33744430541992,0.0
155.2997636795044,-21.761137008666992,-41.33744430541992,0.0
155.63990688323975,-21.761137008666992,-41.33744430541992,0.0
155.8748219013214,-21.761133193969727,-41.33747482299805,0.0
156.09329795837402,-21.761133193969727,-41.33747482299805,0.0
156.3028290271759,-21.761133193969727,-41.33747482299805,0.0
156.51314425468445,-21.761131286621094,-41.33748245239258,0.0
156.7230589389801,-21.761131286621094,-41.33748245239258,0.0
156.9557602405548,-21.76112937927246,-41.337486267089844,0.0
157.17333245277405,-21.76112937927246,-41.337486267089844,0.0
157.38319611549377,-21.76112937927246,-41.337486267089844,0.0
157.59286904335022,-21.76112937927246,-41.337486267089844,0.0
157.80233192443848,-21.76112937927246,-41.337486267089844,0.0
158.06883597373962,-21.76112937927246,-41.337486267089844,0.0
158.27990770339966,-21.76112937927246,-41.337486267089844,0.0
158.48885655403137,-21.76112937927246,-41.337486267089844,0.0
158.69924592971802,-21.76112937927246,-41.337486267089844,0.0
158.9086766242981,-21.76112937927246,-41.337486267089844,0.0
159.11935210227966,-21.76112174987793,-41.33750915527344,0.0
159.3289966583252,-21.761119842529297,-41.3375129699707,0.0
159.53925609588623,-21.761119842529297,-41.3375129699707,0.0
159.74884128570557,-21.761119842529297,-41.3375129699707,0.0
159.9589066505432,-21.761119842529297,-41.3375129699707,0.0
160.1691792011261,-21.761119842529297,-41.3375129699707,0.0
160.37866497039795,-21.761119842529297,-41.3375129699707,0.0
160.58881735801697,-21.761119842529297,-41.3375129699707,0.0
160.79872250556946,-21.761119842529297,-41.3375129699707,0.0
161.00964498519897,-21.7611141204834,-41.33753204345703,0.0
161.21875953674316,-21.7611141204834,-41.33753204345703,0.0
161.55899453163147,-21.761112213134766,-41.33753967285156,0.0
161.77096128463745,-21.761112213134766,-41.33753967285156,0.0
162.05996298789978,-21.761112213134766,-41.33753967285156,0.0
162.68831515312195,-21.761112213134766,-41.33753967285156,0.0
162.9797523021698,-21.761110305786133,-41.33755111694336,0.0
163.1883156299591,-21.761110305786133,-41.33755111694336,0.0
163.3980848789215,-21.7611083984375,-41.33755874633789,0.0
163.60805487632751,-21.761106491088867,-41.33755874633789,0.0
163.81773042678833,-21.761106491088867,-41.337562561035156,0.0
164.02835130691528,-21.761104583740234,-41.33756637573242,0.0
164.23800992965698,-21.761104583740234,-41.33756637573242,0.0
164.44796752929688,-21.761104583740234,-41.33756637573242,0.0
164.6579110622406,-21.761104583740234,-41.33756637573242,0.0
164.86809635162354,-21.761104583740234,-41.33756637573242,0.0
165.22170996665955,-21.761104583740234,-41.33756637573242,0.0
165.43986821174622,-21.761104583740234,-41.33756637573242,0.0
165.6501133441925,-21.761104583740234,-41.33756637573242,0.0
165.99818539619446,-21.761104583740234,-41.33756637573242,0.0
166.2068727016449,-21.761104583740234,-41.33756637573242,0.0
166.41691708564758,-21.761104583740234,-41.33756637573242,0.0
166.62688088417053,-21.761104583740234,-41.33756637573242,0.0
166.8367314338684,-21.761104583740234,-41.33756637573242,0.0
167.05210757255554,-21.76109504699707,-41.33759689331055,0.0
167.26709938049316,-21.761093139648438,-41.33759689331055,0.0
167.47690987586975,-21.761093139648438,-41.33759689331055,0.0
167.68684887886047,-21.761093139648438,-41.33759689331055,0.0
167.89689540863037,-21.761093139648438,-41.33759689331055,0.0
168.10756063461304,-21.761093139648438,-41.33759689331055,0.0
168.3169665336609,-21.761093139648438,-41.33759689331055,0.0
168.5270836353302,-21.761089324951172,-41.33761215209961,0.0
168.7371048927307,-21.761089324951172,-41.337615966796875,0.0
169.0690152645111,-21.76108741760254,-41.337615966796875,0.0
169.35532808303833,-21.76108741760254,-41.337615966796875,0.0
169.56598162651062,-21.76108741760254,-41.337615966796875,0.0
169.77697157859802,-21.76108741760254,-41.337615966796875,0.0
169.98600840568542,-21.76108741760254,-41.337615966796875,0.0
170.32789039611816,-21.76108741760254,-41.337615966796875,0.0
170.5630350112915,-21.76108169555664,-41.3376350402832,0.0
170.77925491333008,-21.76108169555664,-41.3376350402832,0.0
170.9892861843109,-21.76108169555664,-41.3376350402832,0.0
171.1992061138153,-21.76108169555664,-41.3376350402832,0.0
171.4091935157776,-21.76108169555664,-41.3376350402832,0.0
171.71631813049316,-21.76108169555664,-41.3376350402832,0.0
172.00803232192993,-21.761077880859375,-41.33765411376953,0.0
172.21635842323303,-21.761077880859375,-41.33765411376953,0.0
172.42609000205994,-21.761077880859375,-41.33765411376953,0.0
172.63591504096985,-21.76107406616211,-41.33766174316406,0.0
173.044105052948,-21.76107406616211,-41.337669372558594,0.0
173.2560396194458,-21.761072158813477,-41.337669372558594,0.0
173.4652121067047,-21.761072158813477,-41.33767318725586,0.0
173.67522978782654,-21.761072158813477,-41.33767318725586,0.0
173.88508319854736,-21.761072158813477,-41.33767318725586,0.0
174.09601187705994,-21.761072158813477,-41.33767318725586,0.0
174.43115377426147,-21.761072158813477,-41.33767318725586,0.0
174.6487832069397,-21.761072158813477,-41.33767318725586,0.0
174.99032878875732,-21.761066436767578,-41.33769226074219,0.0
175.20867156982422,-21.761066436767578,-41.33769226074219,0.0
175.41833877563477,-21.761066436767578,-41.33769226074219,0.0
175.62836384773254,-21.761064529418945,-41.33769989013672,0.0
175.83736944198608,-21.761064529418945,-41.337703704833984,0.0
176.04716324806213,-21.761062622070312,-41.33770751953125,0.0
176.292249917984,-21.761062622070312,-41.337711334228516,0.0
176.50391387939453,-21.761062622070312,-41.337711334228516,0.0
176.71407985687256,-21.761062622070312,-41.337711334228516,0.0
176.92397284507751,-21.761062622070312,-41.337711334228516,0.0
177.13513159751892,-21.761062622070312,-41.33771896362305,0.0
177.34424901008606,-21.761062622070312,-41.33772277832031,0.0
177.5541603565216,-21.761062622070312,-41.33772277832031,0.0
177.76413893699646,-21.761062622070312,-41.33772659301758,0.0
177.9738965034485,-21.761062622070312,-41.33772659301758,0.0
178.1840467453003,-21.761062622070312,-41.33772659301758,0.0
178.3941969871521,-21.761062622070312,-41.33772659301758,0.0
178.60401248931885,-21.761062622070312,-41.33772659301758,0.0
178.81392168998718,-21.761062622070312,-41.33772659301758,0.0
179.02543139457703,-21.761062622070312,-41.33772659301758,0.0
179.2367606163025,-21.761062622070312,-41.33772659301758,0.0
179.4440655708313,-21.761066436767578,-41.337745666503906,0.0
179.6542513370514,-21.76106834411621,-41.33774948120117,0.0
179.86301445960999,-21.76106834411621,-41.33774948120117,0.0
180.07307744026184,-21.76106834411621,-41.33774948120117,0.0
180.2842755317688,-21.76106834411621,-41.33774948120117,0.0
180.49297785758972,-21.76106834411621,-41.33774948120117,0.0
180.70335745811462,-21.76106834411621,-41.33774948120117,0.0
180.9130985736847,-21.76106834411621,-41.33774948120117,0.0
181.12328553199768,-21.76108169555664,-41.33776092529297,0.0
181.33310174942017,-21.761085510253906,-41.33776092529297,0.0
181.5434398651123,-21.76108741760254,-41.33776092529297,0.0
181.75324869155884,-21.76108741760254,-41.33776092529297,0.0
181.96316003799438,-21.76108741760254,-41.33776092529297,0.0
182.30331683158875,-21.76108741760254,-41.33776092529297,0.0
182.5399911403656,-21.76110076904297,-41.3377685546875,0.0
182.75654768943787,-21.76110076904297,-41.3377685546875,0.0
182.96643376350403,-21.76110076904297,-41.3377685546875,0.0
183.17648315429688,-21.76110076904297,-41.3377685546875,0.0
183.38675117492676,-21.7611083984375,-41.337772369384766,0.0
183.59564328193665,-21.761110305786133,-41.337772369384766,0.0
183.8519275188446,-21.76111602783203,-41.337772369384766,0.0
184.06356072425842,-21.76111602783203,-41.337772369384766,0.0
184.27227926254272,-21.761117935180664,-41.33777618408203,0.0
184.48225140571594,-21.76112174987793,-41.33777618408203,0.0
184.69226002693176,-21.761123657226562,-41.33777618408203,0.0
184.90215587615967,-21.761123657226562,-41.33777618408203,0.0
185.1120376586914,-21.761123657226562,-41.33777618408203,0.0
185.3228063583374,-21.761123657226562,-41.33777618408203,0.0
185.5321924686432,-21.761123657226562,-41.33777618408203,0.0
185.7421009540558,-21.761123657226562,-41.33777618408203,0.0
185.95219731330872,-21.761138916015625,-41.33778381347656,0.0
186.16218090057373,-21.761140823364258,-41.33778381347656,0.0
186.37228989601135,-21.76114273071289,-41.33778381347656,0.0
186.58221411705017,-21.76114273071289,-41.33778381347656,0.0
186.7924404144287,-21.76114273071289,-41.33778381347656,0.0
187.00118923187256,-21.76114273071289,-41.33778381347656,0.0
187.2112593650818,-21.76114273071289,-41.33778381347656,0.0
187.42213416099548,-21.76114273071289,-41.33778381347656,0.0
187.63219618797302,-21.76114273071289,-41.33778381347656,0.0
187.96711707115173,-21.76114273071289,-41.33778381347656,0.0
188.1845977306366,-21.76116371154785,-41.337791442871094,0.0
188.41454887390137,-21.76116371154785,-41.337791442871094,0.0
188.6243760585785,-21.76116371154785,-41.337791442871094,0.0
188.9546856880188,-21.76116371154785,-41.337791442871094,0.0
189.1645209789276,-21.76117706298828,-41.337799072265625,0.0
189.49344873428345,-21.76117706298828,-41.337799072265625,0.0
189.7044563293457,-21.76117706298828,-41.337799072265625,0.0
189.99308943748474,-21.76117706298828,-41.337799072265625,0.0
190.50057578086853,-21.76117706298828,-41.337799072265625,0.0
191.24165272712708,-21.761192321777344,-41.33780288696289,0.0
191.53338360786438,-21.761192321777344,-41.33780288696289,0.0
191.86339378356934,-21.761192321777344,-41.33780288696289,0.0
192.10969376564026,-21.761207580566406,-41.33781051635742,0.0
192.32335996627808,-21.761207580566406,-41.33781051635742,0.0
192.7433683872223,-21.761207580566406,-41.33781051635742,0.0
192.95370221138,-21.761219024658203,-41.33781433105469,0.0
193.1641345024109,-21.761220932006836,-41.33781433105469,0.0
193.37341451644897,-21.7612247467041,-41.33781433105469,0.0
193.5837996006012,-21.7612247467041,-41.33781433105469,0.0
193.8053023815155,-21.7612247467041,-41.33781433105469,0.0
194.02346849441528,-21.7612247467041,-41.33781433105469,0.0
194.23385643959045,-21.7612247467041,-41.33781433105469,0.0
194.4463369846344,-21.7612247467041,-41.33781433105469,0.0
194.66325688362122,-21.7612361907959,-41.33782196044922,0.0
194.87268805503845,-21.76123809814453,-41.33782196044922,0.0
195.08273315429688,-21.761240005493164,-41.33782196044922,0.0
195.32167172431946,-21.761240005493164,-41.33782196044922,0.0
195.53258109092712,-21.761240005493164,-41.33782196044922,0.0
195.75698828697205,-21.761240005493164,-41.33782196044922,0.0
289.676078081131,-21.761249542236328,-41.337825775146484,0.0
289.8865382671356,-21.76125144958496,-41.337825775146484,0.0
290.09602427482605,-21.76125144958496,-41.337825775146484,0.0
290.3064122200012,-21.76125144958496,-41.337825775146484,0.0
290.5370361804962,-21.76125144958496,-41.337825775146484,0.0
290.7460935115814,-21.761259078979492,-41.33782958984375,0.0
290.96890091896057,-21.761260986328125,-41.33782958984375,0.0
291.1860136985779,-21.761262893676758,-41.33782958984375,0.0
291.3962073326111,-21.761262893676758,-41.33782958984375,0.0
291.60841512680054,-21.761262893676758,-41.33782958984375,0.0
291.8261477947235,-21.761262893676758,-41.33782958984375,0.0
292.17278361320496,-21.761262893676758,-41.33782958984375,0.0
292.38211965560913,-21.761276245117188,-41.33782958984375,0.0
292.5919990539551,-21.761276245117188,-41.33782958984375,0.0
292.80239033699036,-21.761276245117188,-41.33782958984375,0.0
293.01177883148193,-21.761276245117188,-41.33782958984375,0.0
293.22164845466614,-21.761276245117188,-41.33782958984375,0.0
293.43324542045593,-21.761276245117188,-41.33782958984375,0.0
293.6416976451874,-21.761276245117188,-41.33782958984375,0.0
293.85183477401733,-21.761276245117188,-41.33782958984375,0.0
294.06249260902405,-21.761276245117188,-41.33782958984375,0.0
294.27168583869934,-21.761276245117188,-41.33782958984375,0.0
294.4817180633545,-21.76130485534668,-41.337825775146484,0.0
294.6926763057709,-21.761306762695312,-41.33782196044922,0.0
294.90189838409424,-21.761310577392578,-41.33782196044922,0.0
295.1118950843811,-21.76131248474121,-41.33782196044922,0.0
295.3218376636505,-21.761314392089844,-41.33782196044922,0.0
295.53183007240295,-21.761316299438477,-41.33781814575195,0.0
295.7427623271942,-21.761316299438477,-41.33781814575195,0.0
295.951801776886,-21.761316299438477,-41.33781814575195,0.0
296.2841501235962,-21.761316299438477,-41.33781814575195,0.0
296.5692365169525,-21.761316299438477,-41.33781814575195,0.0
296.7807774543762,-21.761316299438477,-41.33781814575195,0.0
296.99099683761597,-21.761316299438477,-41.33781814575195,0.0
297.20107412338257,-21.761316299438477,-41.33781814575195,0.0
297.54132628440857,-21.76133155822754,-41.337799072265625,0.0
297.96188497543335,-21.76133155822754,-41.337799072265625,0.0
298.3410828113556,-21.76133155822754,-41.337799072265625,0.0
298.5508134365082,-21.76133155822754,-41.337799072265625,0.0
298.76099824905396,-21.76133155822754,-41.337799072265625,0.0
298.9710807800293,-21.76133155822754,-41.337799072265625,0.0
299.18079829216003,-21.76133155822754,-41.337799072265625,0.0
299.39103722572327,-21.76133155822754,-41.337799072265625,0.0
299.60092401504517,-21.761341094970703,-41.33777618408203,0.0
299.81104159355164,-21.761341094970703,-41.337772369384766,0.0
300.0201382637024,-21.761343002319336,-41.337772369384766,0.0
300.2296781539917,-21.761343002319336,-41.337772369384766,0.0
300.44010305404663,-21.761343002319336,-41.337772369384766,0.0
300.7799608707428,-21.761343002319336,-41.337772369384766,0.0
301.01511430740356,-21.7613468170166,-41.33776092529297,0.0
301.2332122325897,-21.7613468170166,-41.33776092529297,0.0
301.4431998729706,-21.7613468170166,-41.33776092529297,0.0
301.653293132782,-21.7613468170166,-41.33776092529297,0.0
301.8643260002136,-21.7613468170166,-41.33776092529297,0.0
302.281592130661,-21.7613468170166,-41.33776092529297,0.0
302.6591160297394,-21.7613525390625,-41.33774185180664,0.0
302.87006187438965,-21.7613525390625,-41.33774185180664,0.0
303.080228805542,-21.761356353759766,-41.33773422241211,0.0
303.28903102874756,-21.761356353759766,-41.337730407714844,0.0
303.499995470047,-21.7613582611084,-41.33772659301758,0.0
303.71045207977295,-21.7613582611084,-41.33772659301758,0.0
303.9202129840851,-21.7613582611084,-41.33772659301758,0.0
304.1291127204895,-21.7613582611084,-41.33772659301758,0.0
304.33906388282776,-21.7613582611084,-41.33772659301758,0.0
304.5500922203064,-21.761362075805664,-41.33771514892578,0.0
304.7593951225281,-21.761362075805664,-41.337711334228516,0.0
305.0994634628296,-21.761363983154297,-41.337711334228516,0.0
305.3344838619232,-21.761363983154297,-41.337711334228516,0.0
305.55277585983276,-21.76136589050293,-41.337703704833984,0.0
305.76238226890564,-21.76136589050293,-41.337703704833984,0.0
305.97234582901,-21.76136589050293,-41.337703704833984,0.0
306.182416677475,-21.76136589050293,-41.337703704833984,0.0
306.600430727005,-21.76136589050293,-41.337703704833984,0.0
306.8575048446655,-21.761371612548828,-41.33768844604492,0.0
307.0693371295929,-21.761371612548828,-41.33768844604492,0.0
307.27912282943726,-21.761371612548828,-41.33768844604492,0.0
307.4890706539154,-21.76137351989746,-41.337677001953125,0.0
307.6991980075836,-21.76137351989746,-41.337677001953125,0.0
307.908239364624,-21.761375427246094,-41.33767318725586,0.0
308.11912417411804,-21.761375427246094,-41.33767318725586,0.0
308.32920265197754,-21.761375427246094,-41.33767318725586,0.0
308.5398108959198,-21.761375427246094,-41.33767318725586,0.0
308.74807691574097,-21.761375427246094,-41.33767318725586,0.0
308.95790243148804,-21.761377334594727,-41.3376579284668,0.0
309.16816449165344,-21.76137924194336,-41.3376579284668,0.0
309.3795449733734,-21.76137924194336,-41.33765411376953,0.0
309.58796763420105,-21.76137924194336,-41.33765411376953,0.0
309.7992079257965,-21.76137924194336,-41.33765411376953,0.0
310.0084354877472,-21.76137924194336,-41.33765411376953,0.0
310.2184524536133,-21.76137924194336,-41.33765411376953,0.0
310.42818665504456,-21.761375427246094,-41.33763885498047,0.0
310.63825607299805,-21.761375427246094,-41.3376350402832,0.0
310.9721083641052,-21.761375427246094,-41.3376350402832,0.0
311.25559186935425,-21.761375427246094,-41.3376350402832,0.0
311.46835565567017,-21.761375427246094,-41.3376350402832,0.0
311.6780960559845,-21.761375427246094,-41.3376350402832,0.0
311.8872117996216,-21.761375427246094,-41.3376350402832,0.0
312.2273590564728,-21.761371612548828,-41.337615966796875,0.0
312.6482832431793,-21.761371612548828,-41.337615966796875,0.0
313.02612495422363,-21.761371612548828,-41.337615966796875,0.0
313.2370398044586,-21.761371612548828,-41.337615966796875,0.0
313.4471163749695,-21.761371612548828,-41.337615966796875,0.0
313.6573097705841,-21.761362075805664,-41.33760070800781,0.0
313.86744117736816,-21.76136016845703,-41.33759689331055,0.0
314.07689905166626,-21.7613582611084,-41.33759689331055,0.0
314.2871916294098,-21.7613582611084,-41.33759689331055,0.0
314.49724650382996,-21.7613582611084,-41.33759689331055,0.0
314.70637798309326,-21.7613582611084,-41.33759689331055,0.0
314.9181754589081,-21.7613582611084,-41.33759689331055,0.0
315.1273398399353,-21.76134490966797,-41.33758544921875,0.0
315.46655344963074,-21.761343002319336,-41.33758544921875,0.0
315.7384054660797,-21.761343002319336,-41.33758544921875,0.0
315.946408033371,-21.761343002319336,-41.33758544921875,0.0
316.15628027915955,-21.761343002319336,-41.33758544921875,0.0
316.3663845062256,-21.761343002319336,-41.33758544921875,0.0
316.4786002635956,-21.761343002319336,-41.33758544921875,0.0
316.6893436908722,-21.761343002319336,-41.33758544921875,0.0
316.8994560241699,-21.76132583618164,-41.33757400512695,0.0
317.1184391975403,-21.761320114135742,-41.33757400512695,0.0
317.34965562820435,-21.761320114135742,-41.33757400512695,0.0
317.55620527267456,-21.761320114135742,-41.33757400512695,0.0
317.76640725135803,-21.761320114135742,-41.33757400512695,0.0
317.9761486053467,-21.761320114135742,-41.33757400512695,0.0
318.1865909099579,-21.761320114135742,-41.33757400512695,0.0
318.3960897922516,-21.761320114135742,-41.33757400512695,0.0
318.7344136238098,-21.761306762695312,-41.33756637573242,0.0
318.94619035720825,-21.761306762695312,-41.33756637573242,0.0
319.1562659740448,-21.761306762695312,-41.33756637573242,0.0
319.3654065132141,-21.761306762695312,-41.33756637573242,0.0
319.57878375053406,-21.761306762695312,-41.33756637573242,0.0
319.95718789100647,-21.761306762695312,-41.33756637573242,0.0
320.1652774810791,-21.761306762695312,-41.33756637573242,0.0
320.3756740093231,-21.761306762695312,-41.33756637573242,0.0
320.58520340919495,-21.761306762695312,-41.33756637573242,0.0
320.7953267097473,-21.761306762695312,-41.33756637573242,0.0
321.00546288490295,-21.761306762695312,-41.33756637573242,0.0
321.21567463874817,-21.761280059814453,-41.33755874633789,0.0
321.5481655597687,-21.761276245117188,-41.337554931640625,0.0
321.79335379600525,-21.761276245117188,-41.337554931640625,0.0
322.00880432128906,-21.761268615722656,-41.33755111694336,0.0
322.2195038795471,-21.76126480102539,-41.33755111694336,0.0
322.43530654907227,-21.76126480102539,-41.33755111694336,0.0
322.6452078819275,-21.761262893676758,-41.33755111694336,0.0
322.9842736721039,-21.761262893676758,-41.33755111694336,0.0
323.25387358665466,-21.761262893676758,-41.33755111694336,0.0
323.4667935371399,-21.761262893676758,-41.33755111694336,0.0
323.6766619682312,-21.761262893676758,-41.33755111694336,0.0
324.01546835899353,-21.761262893676758,-41.33755111694336,0.0
324.22650623321533,-21.76124382019043,-41.33754348754883,0.0
324.499146938324,-21.761240005493164,-41.33754348754883,0.0
324.7134654521942,-21.76123809814453,-41.33754348754883,0.0
324.9229829311371,-21.761234283447266,-41.33753967285156,0.0
325.1327877044678,-21.761232376098633,-41.33753967285156,0.0
325.34301924705505,-21.76123046875,-41.33753967285156,0.0
325.5524263381958,-21.76123046875,-41.33753967285156,0.0
325.7623383998871,-21.76123046875,-41.33753967285156,0.0
325.9722101688385,-21.76123046875,-41.33753967285156,0.0
326.31225061416626,-21.76123046875,-41.33753967285156,0.0
326.5257782936096,-21.761215209960938,-41.33753204345703,0.0
326.735098361969,-21.761211395263672,-41.33753204345703,0.0
326.95196533203125,-21.76120948791504,-41.33753204345703,0.0
327.1639096736908,-21.76120948791504,-41.33753204345703,0.0
327.3815367221832,-21.76120948791504,-41.33753204345703,0.0
327.6393187046051,-21.76120948791504,-41.33753204345703,0.0
327.8505344390869,-21.761198043823242,-41.337528228759766,0.0
328.0632927417755,-21.761198043823242,-41.337528228759766,0.0
328.27064299583435,-21.761198043823242,-41.337528228759766,0.0
328.4802803993225,-21.761198043823242,-41.337528228759766,0.0
328.69009280204773,-21.761198043823242,-41.337528228759766,0.0
328.8999137878418,-21.761198043823242,-41.337528228759766,0.0
329.110515832901,-21.76118278503418,-41.337520599365234,0.0
329.45036029815674,-21.76117706298828,-41.337520599365234,0.0
329.77890133857727,-21.76117706298828,-41.337520599365234,0.0
330.0549817085266,-21.76117706298828,-41.337520599365234,0.0
330.2695746421814,-21.76117706298828,-41.337520599365234,0.0
330.47934651374817,-21.76117706298828,-41.337520599365234,0.0
330.6894853115082,-21.76117706298828,-41.337520599365234,0.0
330.89928579330444,-21.76117706298828,-41.337520599365234,0.0
331.1092972755432,-21.76117706298828,-41.337520599365234,0.0
331.31841683387756,-21.761157989501953,-41.33753204345703,0.0
331.5282030105591,-21.76115608215332,-41.33753204345703,0.0
331.7379620075226,-21.761154174804688,-41.33753204345703,0.0
331.9480445384979,-21.761154174804688,-41.3375358581543,0.0
332.15913915634155,-21.761154174804688,-41.3375358581543,0.0
332.3681409358978,-21.761154174804688,-41.3375358581543,0.0
332.57835125923157,-21.761154174804688,-41.3375358581543,0.0
332.78790163993835,-21.761154174804688,-41.3375358581543,0.0
332.9978265762329,-21.761154174804688,-41.3375358581543,0.0
333.3380308151245,-21.761140823364258,-41.33755111694336,0.0
333.7029056549072,-21.761138916015625,-41.33755111694336,0.0
333.91746377944946,-21.761138916015625,-41.33755111694336,0.0
334.12739777565,-21.761137008666992,-41.337554931640625,0.0
334.3365879058838,-21.76113510131836,-41.33755874633789,0.0
334.71026706695557,-21.76113510131836,-41.33755874633789,0.0
334.91979598999023,-21.761131286621094,-41.337562561035156,0.0
335.13042974472046,-21.76112937927246,-41.33756637573242,0.0
335.3393886089325,-21.76112937927246,-41.33756637573242,0.0
335.5501546859741,-21.761127471923828,-41.33757019042969,0.0
335.75931191444397,-21.761125564575195,-41.33757019042969,0.0
336.10578298568726,-21.761125564575195,-41.33757019042969,0.0
336.3157958984375,-21.761125564575195,-41.33757019042969,0.0
336.5255537033081,-21.76112174987793,-41.33757781982422,0.0
336.7357904911041,-21.761119842529297,-41.337581634521484,0.0
336.9455318450928,-21.761117935180664,-41.33758544921875,0.0
337.1562125682831,-21.761117935180664,-41.33758544921875,0.0
337.36563205718994,-21.761117935180664,-41.33758544921875,0.0
337.5754988193512,-21.761117935180664,-41.33758544921875,0.0
337.7854280471802,-21.761117935180664,-41.33758544921875,0.0
337.9955430030823,-21.761117935180664,-41.33758544921875,0.0
338.20526242256165,-21.761117935180664,-41.33758544921875,0.0
338.41463351249695,-21.761117935180664,-41.33758544921875,0.0
338.6243050098419,-21.761117935180664,-41.33758544921875,0.0
338.83442544937134,-21.761117935180664,-41.33758544921875,0.0
339.04412174224854,-21.7611083984375,-41.337608337402344,0.0
339.2541997432709,-21.7611083984375,-41.33761215209961,0.0
339.4640369415283,-21.761106491088867,-41.33761215209961,0.0
339.6741199493408,-21.761106491088867,-41.337615966796875,0.0
339.88400435447693,-21.761104583740234,-41.33761978149414,0.0
340.0939910411835,-21.761104583740234,-41.33761978149414,0.0
340.30419301986694,-21.761104583740234,-41.33761978149414,0.0
340.5137846469879,-21.761104583740234,-41.33761978149414,0.0
340.7237927913666,-21.761104583740234,-41.33761978149414,0.0
340.93416810035706,-21.761104583740234,-41.33761978149414,0.0
341.14378571510315,-21.761104583740234,-41.33761978149414,0.0
341.35367131233215,-21.761104583740234,-41.33761978149414,0.0
341.563823223114,-21.761096954345703,-41.33763885498047,0.0
341.9044439792633,-21.76109504699707,-41.337642669677734,0.0
342.13861989974976,-21.76109504699707,-41.337642669677734,0.0
342.35705399513245,-21.76109504699707,-41.337642669677734,0.0
342.5658507347107,-21.761093139648438,-41.337650299072266,0.0
342.77681708335876,-21.761091232299805,-41.33765411376953,0.0
342.98564195632935,-21.761091232299805,-41.3376579284668,0.0
343.195583820343,-21.761091232299805,-41.3376579284668,0.0
343.52597069740295,-21.761091232299805,-41.3376579284668,0.0
343.73560333251953,-21.761091232299805,-41.3376579284668,0.0
344.0251886844635,-21.76108741760254,-41.337669372558594,0.0
344.65370202064514,-21.761085510253906,-41.337677001953125,0.0
344.95064973831177,-21.761083602905273,-41.33768081665039,0.0
345.284964799881,-21.76108169555664,-41.33768844604492,0.0
345.59404468536377,-21.76108169555664,-41.33768844604492,0.0
345.87095856666565,-21.76108169555664,-41.33768844604492,0.0
346.0813105106354,-21.76108169555664,-41.33769226074219,0.0
346.29212832450867,-21.76108169555664,-41.33769226074219,0.0
346.50111413002014,-21.76108169555664,-41.33769226074219,0.0
346.71091318130493,-21.76108169555664,-41.33769226074219,0.0
346.92114901542664,-21.76108169555664,-41.33769226074219,0.0
347.1309027671814,-21.76108169555664,-41.33769226074219,0.0
347.34084153175354,-21.76108169555664,-41.33769226074219,0.0
347.5509066581726,-21.761079788208008,-41.337711334228516,0.0
347.76115441322327,-21.76108169555664,-41.337711334228516,0.0
347.9711501598358,-21.76108169555664,-41.33771514892578,0.0
348.18078994750977,-21.76108169555664,-41.33771514892578,0.0
348.3909640312195,-21.76108169555664,-41.33771514892578,0.0
348.6009225845337,-21.76108169555664,-41.33771514892578,0.0
348.8106551170349,-21.76108169555664,-41.33771514892578,0.0
349.02189230918884,-21.76108169555664,-41.33771514892578,0.0
349.23083567619324,-21.76108169555664,-41.33771514892578,0.0
349.44083285331726,-21.76108741760254,-41.337730407714844,0.0
349.7647395133972,-21.76108741760254,-41.33773422241211,0.0
350.04836416244507,-21.761091232299805,-41.337738037109375,0.0
350.2598078250885,-21.761093139648438,-41.337738037109375,0.0
350.46964597702026,-21.76109504699707,-41.337738037109375,0.0
350.68086791038513,-21.76109504699707,-41.337738037109375,0.0
350.88947439193726,-21.76109504699707,-41.337738037109375,0.0
351.09961128234863,-21.76109504699707,-41.337738037109375,0.0
351.30956959724426,-21.76109504699707,-41.337738037109375,0.0
351.5194911956787,-21.76109504699707,-41.337738037109375,0.0
351.72955679893494,-21.76109504699707,-41.337738037109375,0.0
351.9396963119507,-21.76109504699707,-41.337738037109375,0.0
352.1495580673218,-21.761112213134766,-41.33774948120117,0.0
352.36020016670227,-21.7611141204834,-41.33775329589844,0.0
352.56951451301575,-21.76111602783203,-41.33775329589844,0.0
352.7794613838196,-21.76111602783203,-41.33775329589844,0.0
352.98948669433594,-21.76111602783203,-41.33775329589844,0.0
353.3183937072754,-21.76111602783203,-41.33775329589844,0.0
353.66361021995544,-21.76111602783203,-41.33775329589844,0.0
353.88231563568115,-21.76112937927246,-41.33776092529297,0.0
354.0915982723236,-21.76112937927246,-41.33776092529297,0.0
354.3015263080597,-21.76112937927246,-41.33776092529297,0.0
354.5354177951813,-21.76112937927246,-41.33776092529297,0.0
354.75162148475647,-21.76112937927246,-41.33776092529297,0.0
354.9627821445465,-21.76114273071289,-41.337764739990234,0.0
355.171578168869,-21.761144638061523,-41.337764739990234,0.0
355.38186383247375,-21.76114845275879,-41.3377685546875,0.0
355.6141686439514,-21.761150360107422,-41.3377685546875,0.0
355.8316762447357,-21.761150360107422,-41.3377685546875,0.0
356.0415606498718,-21.761150360107422,-41.3377685546875,0.0
356.25156712532043,-21.761157989501953,-41.337772369384766,0.0
356.4617156982422,-21.761159896850586,-41.337772369384766,0.0
356.69506549835205,-21.761165618896484,-41.33777618408203,0.0
356.91031789779663,-21.761165618896484,-41.33777618408203,0.0
357.1215395927429,-21.761165618896484,-41.33777618408203,0.0
357.3304076194763,-21.761165618896484,-41.33777618408203,0.0
357.5414686203003,-21.761173248291016,-41.3377799987793,0.0
357.78029918670654,-21.76117515563965,-41.3377799987793,0.0
357.9903025627136,-21.76117515563965,-41.3377799987793,0.0
358.2004313468933,-21.76117515563965,-41.3377799987793,0.0
358.4103796482086,-21.76117515563965,-41.3377799987793,0.0
358.62030482292175,-21.761186599731445,-41.33778381347656,0.0
358.8439841270447,-21.76119041442871,-41.33778381347656,0.0
359.06040048599243,-21.76119041442871,-41.33778381347656,0.0
359.27044558525085,-21.76119041442871,-41.33778381347656,0.0
359.4769775867462,-21.76119041442871,-41.33778381347656,0.0
359.6871256828308,-21.76119041442871,-41.33778381347656,0.0
359.8972637653351,-21.76119041442871,-41.33778381347656,0.0
360.10718512535095,-21.76120376586914,-41.337791442871094,0.0
360.3162488937378,-21.761205673217773,-41.337791442871094,0.0
360.5305104255676,-21.761207580566406,-41.337791442871094,0.0
360.73927760124207,-21.761211395263672,-41.33779525756836,0.0
360.9493317604065,-21.761213302612305,-41.33779525756836,0.0
361.18419337272644,-21.761213302612305,-41.33779525756836,0.0
361.3993282318115,-21.761213302612305,-41.33779525756836,0.0
361.60925674438477,-21.761220932006836,-41.337799072265625,0.0
361.8193955421448,-21.76122283935547,-41.337799072265625,0.0
362.03615975379944,-21.761226654052734,-41.337799072265625,0.0
362.3682646751404,-21.76123046875,-41.33780288696289,0.0
362.5791585445404,-21.76123046875,-41.33780288696289,0.0
362.86686873435974,-21.76123046875,-41.33780288696289,0.0
363.3752691745758,-21.76123046875,-41.33780288696289,0.0
363.5860118865967,-21.76123046875,-41.33780288696289,0.0
363.7958755493164,-21.76123046875,-41.33780288696289,0.0
364.1639828681946,-21.76123046875,-41.33780288696289,0.0
364.3783030509949,-21.76123046875,-41.33780288696289,0.0
364.5889644622803,-21.76123046875,-41.33780288696289,0.0
364.7988727092743,-21.76123046875,-41.33780288696289,0.0
365.0081751346588,-21.76123046875,-41.33780288696289,0.0
365.21844506263733,-21.76123046875,-41.33780288696289,0.0
365.52489280700684,-21.76125717163086,-41.337806701660156,0.0
365.8157286643982,-21.761259078979492,-41.337806701660156,0.0
366.02596497535706,-21.761260986328125,-41.337806701660156,0.0
366.235121011734,-21.761262893676758,-41.337806701660156,0.0
366.44821786880493,-21.761262893676758,-41.337806701660156,0.0
366.65810561180115,-21.761262893676758,-41.337806701660156,0.0
366.8680613040924,-21.761262893676758,-41.337806701660156,0.0
367.0797474384308,-21.761262893676758,-41.337806701660156,0.0
367.29803109169006,-21.761262893676758,-41.337806701660156,0.0
367.65496730804443,-21.761276245117188,-41.337806701660156,0.0
367.8640284538269,-21.761276245117188,-41.337806701660156,0.0
368.0737352371216,-21.761276245117188,-41.337806701660156,0.0
368.2848424911499,-21.761276245117188,-41.337806701660156,0.0
368.4971716403961,-21.761276245117188,-41.337806701660156,0.0
368.70722675323486,-21.761287689208984,-41.33781051635742,0.0
368.95801043510437,-21.761293411254883,-41.337806701660156,0.0
369.1672477722168,-21.761293411254883,-41.337806701660156,0.0
369.3770594596863,-21.761293411254883,-41.337806701660156,0.0
369.5740327835083,-21.761293411254883,-41.337806701660156,0.0
369.8932855129242,-21.761293411254883,-41.337806701660156,0.0
370.2014317512512,-21.761293411254883,-41.337806701660156,0.0
370.41715121269226,-21.761308670043945,-41.33780288696289,0.0
370.62723445892334,-21.761310577392578,-41.33780288696289,0.0
370.8370771408081,-21.76131248474121,-41.337799072265625,0.0
371.0474388599396,-21.76131248474121,-41.337799072265625,0.0
371.25969791412354,-21.76131248474121,-41.337799072265625,0.0
371.4768879413605,-21.76131248474121,-41.337799072265625,0.0
371.8951313495636,-21.76131248474121,-41.337799072265625,0.0
372.11621356010437,-21.761322021484375,-41.337791442871094,0.0
372.3827073574066,-21.761322021484375,-41.337791442871094,0.0
372.57565116882324,-21.761322021484375,-41.337791442871094,0.0
372.94321608543396,-21.761322021484375,-41.337791442871094,0.0
373.1528766155243,-21.761322021484375,-41.337791442871094,0.0
373.3665897846222,-21.761322021484375,-41.337791442871094,0.0
373.78755021095276,-21.761322021484375,-41.337791442871094,0.0
374.00603675842285,-21.761322021484375,-41.337791442871094,0.0
374.23643040657043,-21.761335372924805,-41.3377685546875,0.0
374.4461100101471,-21.761337280273438,-41.3377685546875,0.0
374.7928202152252,-21.761337280273438,-41.3377685546875,0.0
375.0028147697449,-21.761337280273438,-41.3377685546875,0.0
375.2127718925476,-21.761337280273438,-41.3377685546875,0.0
375.4228081703186,-21.761341094970703,-41.33776092529297,0.0
375.6327838897705,-21.761341094970703,-41.3377571105957,0.0
375.84175181388855,-21.761343002319336,-41.33775329589844,0.0
376.051735162735,-21.761343002319336,-41.33775329589844,0.0
376.2618103027344,-21.761343002319336,-41.33775329589844,0.0
376.4717571735382,-21.761343002319336,-41.33775329589844,0.0
376.6815598011017,-21.761343002319336,-41.33775329589844,0.0
376.89159059524536,-21.761343002319336,-41.33775329589844,0.0
377.10167622566223,-21.761343002319336,-41.33775329589844,0.0
377.31162548065186,-21.761348724365234,-41.337738037109375,0.0
377.69255661964417,-21.761348724365234,-41.33773422241211,0.0
377.901647567749,-21.761348724365234,-41.33773422241211,0.0
378.11157274246216,-21.761350631713867,-41.33772659301758,0.0
378.3216998577118,-21.7613525390625,-41.33772659301758,0.0
378.53226685523987,-21.7613525390625,-41.33772277832031,0.0
378.74156761169434,-21.7613525390625,-41.33772277832031,0.0
378.9517774581909,-21.7613525390625,-41.33772277832031,0.0
379.1620092391968,-21.7613525390625,-41.33772277832031,0.0
379.37169647216797,-21.7613525390625,-41.33772277832031,0.0
379.515828371048,-21.7613525390625,-41.33772277832031,0.0
379.73179364204407,-21.7613582611084,-41.33770751953125,0.0
379.9417145252228,-21.7613582611084,-41.33770751953125,0.0
380.150737285614,-21.7613582611084,-41.33770751953125,0.0
380.3607361316681,-21.7613582611084,-41.33770751953125,0.0
380.5706136226654,-21.7613582611084,-41.33770751953125,0.0
380.7810146808624,-21.7613582611084,-41.33770751953125,0.0
380.9908182621002,-21.7613582611084,-41.33770751953125,0.0
381.2006812095642,-21.7613582611084,-41.33770751953125,0.0
381.41110038757324,-21.76136589050293,-41.33768844604492,0.0
381.63790678977966,-21.76136589050293,-41.337684631347656,0.0
381.853985786438,-21.76136589050293,-41.337684631347656,0.0
382.06444215774536,-21.76136589050293,-41.337684631347656,0.0
382.2738993167877,-21.76136589050293,-41.337684631347656,0.0
382.5088143348694,-21.76136589050293,-41.337684631347656,0.0
382.72397446632385,-21.761369705200195,-41.33767318725586,0.0
382.93404150009155,-21.761371612548828,-41.33767318725586,0.0
383.14397740364075,-21.761371612548828,-41.33767318725586,0.0
383.35431241989136,-21.761371612548828,-41.33767318725586,0.0
383.562903881073,-21.761371612548828,-41.33767318725586,0.0
383.77296781539917,-21.761371612548828,-41.33767318725586,0.0
384.0076937675476,-21.761371612548828,-41.33767318725586,0.0
384.223349571228,-21.761375427246094,-41.33765411376953,0.0
384.5599858760834,-21.761377334594727,-41.337650299072266,0.0
384.98100447654724,-21.761377334594727,-41.337650299072266,0.0
385.35963439941406,-21.761377334594727,-41.337650299072266,0.0
385.56967401504517,-21.761377334594727,-41.337650299072266,0.0
385.7797169685364,-21.761377334594727,-41.337650299072266,0.0
385.99012446403503,-21.761377334594727,-41.337650299072266,0.0
386.19961190223694,-21.761377334594727,-41.337650299072266,0.0
386.409791469574,-21.761377334594727,-41.337650299072266,0.0
386.6197581291199,-21.761377334594727,-41.337650299072266,0.0
386.82992005348206,-21.761377334594727,-41.337650299072266,0.0
387.03967809677124,-21.761381149291992,-41.337623596191406,0.0
387.24987411499023,-21.761381149291992,-41.337623596191406,0.0
387.4599139690399,-21.761381149291992,-41.33761978149414,0.0
387.66970562934875,-21.761381149291992,-41.33761978149414,0.0
388.00468826293945,-21.761381149291992,-41.33761978149414,0.0
388.39073967933655,-21.761381149291992,-41.33761978149414,0.0
388.6007113456726,-21.761381149291992,-41.33761978149414,0.0
388.8088347911835,-21.761381149291992,-41.33761978149414,0.0
389.0187692642212,-21.761375427246094,-41.33760070800781,0.0
389.2288191318512,-21.76137351989746,-41.33759689331055,0.0
389.43861651420593,-21.76137351989746,-41.33759689331055,0.0
389.6486518383026,-21.76137351989746,-41.33759689331055,0.0
389.98897910118103,-21.76137351989746,-41.33759689331055,0.0
390.3540823459625,-21.76136589050293,-41.33758544921875,0.0
390.59989976882935,-21.76136589050293,-41.33758544921875,0.0
390.81206464767456,-21.76136016845703,-41.337581634521484,0.0
391.02116656303406,-21.7613582611084,-41.33757781982422,0.0
391.23263359069824,-21.7613582611084,-41.33757781982422,0.0
391.4492378234863,-21.7613582611084,-41.33757781982422,0.0
391.6577727794647,-21.7613582611084,-41.33757781982422,0.0
391.8677532672882,-21.7613582611084,-41.33757781982422,0.0
392.0776696205139,-21.7613582611084,-41.33757781982422,0.0
392.2879886627197,-21.7613582611084,-41.33757781982422,0.0
392.4978723526001,-21.7613582611084,-41.33757781982422,0.0
392.7076177597046,-21.761341094970703,-41.33757019042969,0.0
392.91781306266785,-21.76133918762207,-41.33757019042969,0.0
393.12771701812744,-21.761337280273438,-41.33756637573242,0.0
393.337854385376,-21.761337280273438,-41.33756637573242,0.0
393.5510673522949,-21.761337280273438,-41.33756637573242,0.0
393.7793011665344,-21.761337280273438,-41.33756637573242,0.0
393.99118661880493,-21.761337280273438,-41.33756637573242,0.0
394.3565893173218,-21.761323928833008,-41.337562561035156,0.0
394.56791973114014,-21.761323928833008,-41.337562561035156,0.0
394.77780985832214,-21.761323928833008,-41.337562561035156,0.0
395.1117091178894,-21.761323928833008,-41.337562561035156,0.0
395.363808631897,-21.761308670043945,-41.33755874633789,0.0
395.6648871898651,-21.761308670043945,-41.33755874633789,0.0
395.8768060207367,-21.761308670043945,-41.33755874633789,0.0
396.08703088760376,-21.761308670043945,-41.33755874633789,0.0
396.29684591293335,-21.761308670043945,-41.33755874633789,0.0
396.5074532032013,-21.76129722595215,-41.337554931640625,0.0
396.7169728279114,-21.761295318603516,-41.337554931640625,0.0
396.9268124103546,-21.76129150390625,-41.33755111694336,0.0
397.13681054115295,-21.76129150390625,-41.33755111694336,0.0
397.3474073410034,-21.76129150390625,-41.33755111694336,0.0
397.560133934021,-21.76129150390625,-41.33755111694336,0.0
397.7702913284302,-21.76129150390625,-41.33755111694336,0.0
397.9801950454712,-21.76129150390625,-41.33755111694336,0.0
398.19032740592957,-21.76129150390625,-41.33755111694336,0.0
398.40047550201416,-21.76129150390625,-41.33755111694336,0.0
398.5873382091522,-21.761272430419922,-41.33754348754883,0.0
398.7956554889679,-21.761272430419922,-41.33754348754883,0.0
399.0066728591919,-21.761272430419922,-41.33754348754883,0.0
399.2163531780243,-21.761272430419922,-41.33754348754883,0.0
399.42703652381897,-21.761272430419922,-41.33754348754883,0.0
399.63580679893494,-21.761260986328125,-41.33753967285156,0.0
399.8462951183319,-21.76125717163086,-41.33753967285156,0.0
400.0559265613556,-21.761255264282227,-41.33753967285156,0.0
400.265837430954,-21.761253356933594,-41.3375358581543,0.0
400.4761731624603,-21.761253356933594,-41.3375358581543,0.0
400.68573784828186,-21.761253356933594,-41.3375358581543,0.0
400.89604449272156,-21.761253356933594,-41.3375358581543,0.0
401.10596990585327,-21.761253356933594,-41.3375358581543,0.0
401.3159239292145,-21.761253356933594,-41.3375358581543,0.0
401.64783573150635,-21.761253356933594,-41.3375358581543,0.0
401.958046913147,-21.761232376098633,-41.33753204345703,0.0
402.2400324344635,-21.761228561401367,-41.337528228759766,0.0
402.4582998752594,-21.7612247467041,-41.337528228759766,0.0
402.6661534309387,-21.761220932006836,-41.337528228759766,0.0
402.8755233287811,-21.761219024658203,-41.3375244140625,0.0
403.0851893424988,-21.76121711730957,-41.3375244140625,0.0
403.2951419353485,-21.76121711730957,-41.3375244140625,0.0
403.50479221343994,-21.76121711730957,-41.3375244140625,0.0
403.714861869812,-21.76121711730957,-41.3375244140625,0.0
403.92524695396423,-21.76121711730957,-41.3375244140625,0.0
404.1354601383209,-21.76121711730957,-41.3375244140625,0.0
404.34550523757935,-21.76121711730957,-41.3375244140625,0.0
404.5554025173187,-21.761194229125977,-41.33751678466797,0.0
404.76536417007446,-21.761192321777344,-41.33751678466797,0.0
404.9750187397003,-21.76119041442871,-41.33751678466797,0.0
405.18576097488403,-21.76119041442871,-41.33751678466797,0.0
405.5252959728241,-21.76119041442871,-41.33751678466797,0.0
405.9682836532593,-21.76119041442871,-41.33751678466797,0.0
406.1773557662964,-21.76117515563965,-41.3375129699707,0.0
406.387247800827,-21.76117515563965,-41.3375129699707,0.0
406.5986247062683,-21.76117515563965,-41.3375129699707,0.0
406.83725142478943,-21.76117515563965,-41.3375129699707,0.0
407.0473003387451,-21.76116371154785,-41.3375129699707,0.0
407.2575652599335,-21.76116180419922,-41.3375129699707,0.0
407.47015023231506,-21.76115608215332,-41.33751678466797,0.0
407.68737626075745,-21.76115608215332,-41.33751678466797,0.0
408.03455424308777,-21.76115608215332,-41.33751678466797,0.0
408.2442343235016,-21.76115608215332,-41.33751678466797,0.0
408.45840787887573,-21.76115608215332,-41.33751678466797,0.0
408.6745083332062,-21.761144638061523,-41.3375244140625,0.0
408.8843047618866,-21.76114273071289,-41.3375244140625,0.0
409.093074798584,-21.761140823364258,-41.337528228759766,0.0
409.30453729629517,-21.761138916015625,-41.337528228759766,0.0
409.5141520500183,-21.761137008666992,-41.33753204345703,0.0
409.7235908508301,-21.76113510131836,-41.3375358581543,0.0
409.9332959651947,-21.76113510131836,-41.3375358581543,0.0
410.14415550231934,-21.76113510131836,-41.3375358581543,0.0
410.35433077812195,-21.76113510131836,-41.3375358581543,0.0
410.5642144680023,-21.76113510131836,-41.3375358581543,0.0
410.7734191417694,-21.76113510131836,-41.3375358581543,0.0
410.98318362236023,-21.761125564575195,-41.337547302246094,0.0
411.19342947006226,-21.761125564575195,-41.337547302246094,0.0
411.40399169921875,-21.761125564575195,-41.337547302246094,0.0
411.61308789253235,-21.761125564575195,-41.337547302246094,0.0
411.82365131378174,-21.761125564575195,-41.337547302246094,0.0
412.03327083587646,-21.761125564575195,-41.337547302246094,0.0
412.24351263046265,-21.761125564575195,-41.337547302246094,0.0
412.4531331062317,-21.761117935180664,-41.337562561035156,0.0
412.7935290336609,-21.761117935180664,-41.33756637573242,0.0
413.00514245033264,-21.761117935180664,-41.33756637573242,0.0
413.3517394065857,-21.761117935180664,-41.33756637573242,0.0
413.56250381469727,-21.7611141204834,-41.33757400512695,0.0
413.7724025249481,-21.7611141204834,-41.33757781982422,0.0
413.98206663131714,-21.7611141204834,-41.33757781982422,0.0
414.192058801651,-21.7611141204834,-41.33757781982422,0.0
414.402316570282,-21.7611141204834,-41.33757781982422,0.0
414.6120903491974,-21.7611141204834,-41.33757781982422,0.0
414.82208704948425,-21.7611141204834,-41.33757781982422,0.0
415.0320973396301,-21.761106491088867,-41.33759307861328,0.0
415.2422456741333,-21.761106491088867,-41.33759689331055,0.0
415.4520981311798,-21.761104583740234,-41.33760070800781,0.0
415.6620080471039,-21.761104583740234,-41.33760070800781,0.0
415.87218379974365,-21.761104583740234,-41.33760070800781,0.0
416.082070350647,-21.761104583740234,-41.33760070800781,0.0
416.29209446907043,-21.761104583740234,-41.33760070800781,0.0
416.50190782546997,-21.761104583740234,-41.33760070800781,0.0
416.71209025382996,-21.761104583740234,-41.33760070800781,0.0
416.92202067375183,-21.761104583740234,-41.33760070800781,0.0
417.131991147995,-21.761096954345703,-41.33761978149414,0.0
417.34099888801575,-21.76109504699707,-41.33761978149414,0.0
417.55108523368835,-21.76109504699707,-41.337623596191406,0.0
417.7610514163971,-21.76109504699707,-41.337623596191406,0.0
417.9710166454315,-21.76109504699707,-41.337623596191406,0.0
418.1828787326813,-21.76109504699707,-41.337623596191406,0.0
418.39814710617065,-21.76109504699707,-41.337623596191406,0.0
418.7350244522095,-21.761091232299805,-41.33763885498047,0.0
418.9800159931183,-21.761091232299805,-41.33763885498047,0.0
419.1942689418793,-21.761091232299805,-41.33763885498047,0.0
419.5321629047394,-21.76108741760254,-41.337646484375,0.0
419.8109095096588,-21.76108741760254,-41.337650299072266,0.0
420.0212833881378,-21.761085510253906,-41.33765411376953,0.0
420.2313942909241,-21.761083602905273,-41.3376579284668,0.0
420.4843566417694,-21.761083602905273,-41.3376579284668,0.0
420.6945765018463,-21.761083602905273,-41.3376579284668,0.0
420.90460419654846,-21.76108169555664,-41.33766555786133,0.0
421.11339235305786,-21.76108169555664,-41.33767318725586,0.0
421.32337069511414,-21.76108169555664,-41.33767318725586,0.0
421.53347730636597,-21.761079788208008,-41.337677001953125,0.0
421.74345803260803,-21.761079788208008,-41.337677001953125,0.0
421.9534294605255,-21.761079788208008,-41.337677001953125,0.0
422.16326451301575,-21.761079788208008,-41.337677001953125,0.0
422.3734390735626,-21.761079788208008,-41.337677001953125,0.0
422.5655188560486,-21.761079788208008,-41.337677001953125,0.0
422.7801160812378,-21.761079788208008,-41.337677001953125,0.0
422.99027132987976,-21.761079788208008,-41.337677001953125,0.0
423.20034408569336,-21.761077880859375,-41.33769226074219,0.0
423.4101550579071,-21.761077880859375,-41.33769607543945,0.0
423.62062907218933,-21.761077880859375,-41.33769989013672,0.0
423.8303647041321,-21.761077880859375,-41.33769989013672,0.0
424.0399765968323,-21.761077880859375,-41.33769989013672,0.0
424.25030422210693,-21.761077880859375,-41.33769989013672,0.0
424.4636218547821,-21.761077880859375,-41.33769989013672,0.0
424.67357563972473,-21.761077880859375,-41.33769989013672,0.0
424.88252425193787,-21.761077880859375,-41.33769989013672,0.0
425.09262347221375,-21.76107406616211,-41.33771514892578,0.0
425.31603503227234,-21.76107406616211,-41.33771896362305,0.0
425.5293958187103,-21.76107406616211,-41.33771896362305,0.0
425.73937344551086,-21.761075973510742,-41.33772277832031,0.0
425.94921374320984,-21.761075973510742,-41.33772277832031,0.0
426.1592562198639,-21.761075973510742,-41.33772277832031,0.0
426.3694717884064,-21.761075973510742,-41.33772277832031,0.0
426.57921862602234,-21.761075973510742,-41.33772277832031,0.0
426.78906631469727,-21.761075973510742,-41.33772277832031,0.0
426.9992322921753,-21.761075973510742,-41.33772277832031,0.0
427.209734916687,-21.76108169555664,-41.337738037109375,0.0
427.4226653575897,-21.761083602905273,-41.33774185180664,0.0
427.6323952674866,-21.761085510253906,-41.33774185180664,0.0
427.8424241542816,-21.76108741760254,-41.337745666503906,0.0
428.17235374450684,-21.76108741760254,-41.337745666503906,0.0
428.382465839386,-21.76108741760254,-41.337745666503906,0.0
428.5457022190094,-21.76108741760254,-41.337745666503906,0.0
428.75928711891174,-21.76108741760254,-41.337745666503906,0.0
429.09234166145325,-21.76108741760254,-41.337745666503906,0.0
429.3373010158539,-21.76108741760254,-41.337745666503906,0.0
429.55238342285156,-21.76108741760254,-41.337745666503906,0.0
429.7613899707794,-21.76108741760254,-41.337745666503906,0.0
429.9717471599579,-21.76108741760254,-41.337745666503906,0.0
430.18211555480957,-21.76108741760254,-41.337745666503906,0.0
430.3918545246124,-21.76108741760254,-41.337745666503906,0.0
430.54743909835815,-21.76108741760254,-41.337745666503906,0.0
430.75855898857117,-21.76108741760254,-41.337745666503906,0.0
430.9686288833618,-21.76108741760254,-41.337745666503906,0.0
431.17840671539307,-21.76108741760254,-41.337745666503906,0.0
431.38823890686035,-21.76108741760254,-41.337745666503906,0.0
431.5364408493042,-21.76108741760254,-41.337745666503906,0.0
431.83019518852234,-21.761127471923828,-41.3377685546875,0.0
432.0385887622833,-21.761131286621094,-41.337772369384766,0.0
432.48343873023987,-21.761131286621094,-41.337772369384766,0.0
432.70046401023865,-21.761131286621094,-41.337772369384766,0.0
432.910772562027,-21.76114273071289,-41.33777618408203,0.0
433.12052822113037,-21.761144638061523,-41.33777618408203,0.0
433.3385033607483,-21.76114845275879,-41.33777618408203,0.0
433.56440353393555,-21.76114845275879,-41.33777618408203,0.0
433.7806067466736,-21.76114845275879,-41.33777618408203,0.0
433.9903872013092,-21.76114845275879,-41.33777618408203,0.0
434.2077147960663,-21.76114845275879,-41.33777618408203,0.0
434.42049956321716,-21.76116180419922,-41.33778381347656,0.0
434.7972004413605,-21.76116371154785,-41.33778381347656,0.0
435.00758838653564,-21.761165618896484,-41.33778381347656,0.0
435.21731543540955,-21.761167526245117,-41.33778381347656,0.0
435.4305877685547,-21.761167526245117,-41.33778381347656,0.0
435.6406469345093,-21.761167526245117,-41.33778381347656,0.0
435.8506510257721,-21.761167526245117,-41.33778381347656,0.0
436.0605893135071,-21.761167526245117,-41.33778381347656,0.0
436.27081179618835,-21.761167526245117,-41.33778381347656,0.0
436.48018860816956,-21.76118278503418,-41.33778762817383,0.0
436.69054770469666,-21.761184692382812,-41.33778762817383,0.0
436.8996591567993,-21.761186599731445,-41.337791442871094,0.0
437.10961627960205,-21.761192321777344,-41.337791442871094,0.0
437.31959080696106,-21.761192321777344,-41.337791442871094,0.0
437.5296788215637,-21.761192321777344,-41.337791442871094,0.0
437.74043250083923,-21.76119613647461,-41.337791442871094,0.0
437.949453830719,-21.76119613647461,-41.337791442871094,0.0
438.2565553188324,-21.76119613647461,-41.337791442871094,0.0
438.51148295402527,-21.76119613647461,-41.337791442871094,0.0
438.72952699661255,-21.76120948791504,-41.33779525756836,0.0
438.9395604133606,-21.76120948791504,-41.33779525756836,0.0
439.1495463848114,-21.76120948791504,-41.33779525756836,0.0
439.3595201969147,-21.76120948791504,-41.33779525756836,0.0
439.56631112098694,-21.76120948791504,-41.33779525756836,0.0
439.77648425102234,-21.76120948791504,-41.33779525756836,0.0
439.9863181114197,-21.76120948791504,-41.33779525756836,0.0
440.19627118110657,-21.76120948791504,-41.33779525756836,0.0
440.40631103515625,-21.76120948791504,-41.33779525756836,0.0
440.74129939079285,-21.76120948791504,-41.33779525756836,0.0
440.9588177204132,-21.761234283447266,-41.33780288696289,0.0
441.18965554237366,-21.7612361907959,-41.33780288696289,0.0
441.3986306190491,-21.7612361907959,-41.33780288696289,0.0
441.74576115608215,-21.7612361907959,-41.33780288696289,0.0
441.95555424690247,-21.761241912841797,-41.337799072265625,0.0
442.1655344963074,-21.761241912841797,-41.337799072265625,0.0
442.37534976005554,-21.76124382019043,-41.337799072265625,0.0
442.58547019958496,-21.76124382019043,-41.337799072265625,0.0
442.7956726551056,-21.76124382019043,-41.337799072265625,0.0
443.0054578781128,-21.76124382019043,-41.337799072265625,0.0
443.215500831604,-21.76124382019043,-41.337799072265625,0.0
443.4259088039398,-21.761253356933594,-41.337799072265625,0.0
443.6357309818268,-21.761255264282227,-41.337799072265625,0.0
443.845468044281,-21.76125717163086,-41.337799072265625,0.0
444.0556149482727,-21.76125717163086,-41.337799072265625,0.0
444.26572465896606,-21.76125717163086,-41.337799072265625,0.0
444.545645236969,-21.76125717163086,-41.337799072265625,0.0
444.75576853752136,-21.76125717163086,-41.337799072265625,0.0
444.9647238254547,-21.76125717163086,-41.337799072265625,0.0
445.1745467185974,-21.76125717163086,-41.337799072265625,0.0
445.3846664428711,-21.76125717163086,-41.337799072265625,0.0
445.57666635513306,-21.76125717163086,-41.337799072265625,0.0
445.91000294685364,-21.76125717163086,-41.337799072265625,0.0
446.1278429031372,-21.761280059814453,-41.33780288696289,0.0
446.33784103393555,-21.761281967163086,-41.33780288696289,0.0
446.5489695072174,-21.761281967163086,-41.33780288696289,0.0
446.75791573524475,-21.761281967163086,-41.33780288696289,0.0
446.9678626060486,-21.761281967163086,-41.33780288696289,0.0
447.17763686180115,-21.761281967163086,-41.33780288696289,0.0
447.38782835006714,-21.761281967163086,-41.33780288696289,0.0
447.59870529174805,-21.761281967163086,-41.33780288696289,0.0
447.8146758079529,-21.76129913330078,-41.337799072265625,0.0
448.0244240760803,-21.761302947998047,-41.337799072265625,0.0
448.2344264984131,-21.76130485534668,-41.33779525756836,0.0
448.44466185569763,-21.76130485534668,-41.33779525756836,0.0
448.65385246276855,-21.76130485534668,-41.33779525756836,0.0
448.86385226249695,-21.76130485534668,-41.33779525756836,0.0
449.0737154483795,-21.76130485534668,-41.33779525756836,0.0
449.2837378978729,-21.76130485534668,-41.33779525756836,0.0
449.6241054534912,-21.761320114135742,-41.337791442871094,0.0
449.8948304653168,-21.761322021484375,-41.33778762817383,0.0
450.1035327911377,-21.761322021484375,-41.33778762817383,0.0
450.31351709365845,-21.761323928833008,-41.33778762817383,0.0
450.5238552093506,-21.761323928833008,-41.33778381347656,0.0
450.73351764678955,-21.76132583618164,-41.33778381347656,0.0
450.9452905654907,-21.76132583618164,-41.33778381347656,0.0
451.15359330177307,-21.76132583618164,-41.33778381347656,0.0
451.3635411262512,-21.76132583618164,-41.33778381347656,0.0
451.573534488678,-21.76132583618164,-41.33778381347656,0.0
451.7836015224457,-21.76132583618164,-41.33778381347656,0.0
451.9935529232025,-21.76132583618164,-41.33778381347656,0.0
452.2036190032959,-21.761333465576172,-41.3377685546875,0.0
452.4895715713501,-21.761335372924805,-41.337764739990234,0.0
452.7070918083191,-21.761335372924805,-41.337764739990234,0.0
452.91587829589844,-21.761337280273438,-41.33776092529297,0.0
453.1272451877594,-21.76133918762207,-41.3377571105957,0.0
453.3358111381531,-21.76133918762207,-41.3377571105957,0.0
453.54251074790955,-21.76133918762207,-41.3377571105957,0.0
453.7527859210968,-21.76133918762207,-41.3377571105957,0.0
453.9625687599182,-21.76133918762207,-41.3377571105957,0.0
454.17254400253296,-21.76133918762207,-41.3377571105957,0.0
454.382550239563,-21.76133918762207,-41.3377571105957,0.0
454.6306540966034,-21.76133918762207,-41.3377571105957,0.0
454.8426604270935,-21.76133918762207,-41.3377571105957,0.0
455.05275535583496,-21.76133918762207,-41.3377571105957,0.0
455.2625539302826,-21.76133918762207,-41.3377571105957,0.0
455.475723028183,-21.76133918762207,-41.3377571105957,0.0
455.70679545402527,-21.76133918762207,-41.3377571105957,0.0
455.915833234787,-21.761348724365234,-41.33772659301758,0.0
456.13771414756775,-21.761350631713867,-41.33771896362305,0.0
456.35566782951355,-21.761350631713867,-41.33771896362305,0.0
456.692831993103,-21.761350631713867,-41.33771896362305,0.0
457.1139602661133,-21.761350631713867,-41.33771896362305,0.0
457.50961542129517,-21.761354446411133,-41.33770751953125,0.0
457.72497749328613,-21.761354446411133,-41.33770751953125,0.0
457.9350371360779,-21.761356353759766,-41.33769989013672,0.0
458.1448745727539,-21.761356353759766,-41.33769607543945,0.0
458.35492396354675,-21.761356353759766,-41.33769607543945,0.0
458.56509494781494,-21.761356353759766,-41.33769607543945,0.0
458.7749071121216,-21.761356353759766,-41.33769607543945,0.0
459.10401487350464,-21.761356353759766,-41.33769607543945,0.0
459.3152277469635,-21.76136016845703,-41.337684631347656,0.0
459.57958149909973,-21.76136016845703,-41.33768081665039,0.0
459.7915370464325,-21.76136016845703,-41.33768081665039,0.0
460.0016441345215,-21.76136016845703,-41.33768081665039,0.0
460.21183681488037,-21.76136016845703,-41.33768081665039,0.0
460.4908275604248,-21.761363983154297,-41.33767318725586,0.0
460.70182943344116,-21.761363983154297,-41.33767318725586,0.0
460.9117970466614,-21.761363983154297,-41.33767318725586,0.0
461.12069058418274,-21.76136589050293,-41.33766174316406,0.0
461.33103799819946,-21.76136589050293,-41.33766174316406,0.0
461.541054725647,-21.761367797851562,-41.3376579284668,0.0
461.7506113052368,-21.761367797851562,-41.3376579284668,0.0
461.96067333221436,-21.761367797851562,-41.3376579284668,0.0
462.1705777645111,-21.761367797851562,-41.3376579284668,0.0
462.3815848827362,-21.761367797851562,-41.3376579284668,0.0
462.58983731269836,-21.761367797851562,-41.3376579284668,0.0
462.8006875514984,-21.761367797851562,-41.3376579284668,0.0
463.01059889793396,-21.761371612548828,-41.33763885498047,0.0
463.22062492370605,-21.76137351989746,-41.3376350402832,0.0
463.43418049812317,-21.76137351989746,-41.3376350402832,0.0
463.6439242362976,-21.76137351989746,-41.33763122558594,0.0
463.8541347980499,-21.76137351989746,-41.33763122558594,0.0
464.0641894340515,-21.76137351989746,-41.33763122558594,0.0
464.27299308776855,-21.76137351989746,-41.33763122558594,0.0
464.47981548309326,-21.76137351989746,-41.33763122558594,0.0
464.6897757053375,-21.76137351989746,-41.33763122558594,0.0
464.8997964859009,-21.761375427246094,-41.337615966796875,0.0
465.1098234653473,-21.761375427246094,-41.33761215209961,0.0
465.3196156024933,-21.761375427246094,-41.337608337402344,0.0
465.5297911167145,-21.761375427246094,-41.337608337402344,0.0
465.73964524269104,-21.761375427246094,-41.337608337402344,0.0
465.9497549533844,-21.761375427246094,-41.337608337402344,0.0
466.15957498550415,-21.761375427246094,-41.337608337402344,0.0
466.3697507381439,-21.761375427246094,-41.337608337402344,0.0
466.5830202102661,-21.761375427246094,-41.337608337402344,0.0
466.7929222583771,-21.761375427246094,-41.337608337402344,0.0
467.00288224220276,-21.761375427246094,-41.337608337402344,0.0
467.21375012397766,-21.761375427246094,-41.337608337402344,0.0
467.4329710006714,-21.761377334594727,-41.337581634521484,0.0
467.77986121177673,-21.761377334594727,-41.33757400512695,0.0
467.9886395931244,-21.761377334594727,-41.33757400512695,0.0
468.1988513469696,-21.761377334594727,-41.33757400512695,0.0
468.40868973731995,-21.761377334594727,-41.33757400512695,0.0
468.6188554763794,-21.761377334594727,-41.33757400512695,0.0
468.82889199256897,-21.761377334594727,-41.337562561035156,0.0
469.0387899875641,-21.761377334594727,-41.33755874633789,0.0
469.2491047382355,-21.761377334594727,-41.337554931640625,0.0
469.4586937427521,-21.761377334594727,-41.337554931640625,0.0
469.6686887741089,-21.761377334594727,-41.337554931640625,0.0
469.8787291049957,-21.761377334594727,-41.337554931640625,0.0
470.0887098312378,-21.761377334594727,-41.337554931640625,0.0
470.29896068573,-21.761377334594727,-41.337554931640625,0.0
470.50867891311646,-21.761377334594727,-41.337554931640625,0.0
470.71878695487976,-21.761377334594727,-41.337554931640625,0.0
470.92871046066284,-21.761377334594727,-41.33753204345703,0.0
471.26124000549316,-21.761377334594727,-41.337528228759766,0.0
471.54601979255676,-21.761377334594727,-41.337528228759766,0.0
471.75890016555786,-21.761375427246094,-41.337520599365234,0.0
471.96824884414673,-21.761375427246094,-41.337520599365234,0.0
472.1779911518097,-21.761375427246094,-41.337520599365234,0.0
472.518187046051,-21.761375427246094,-41.337520599365234,0.0
472.88311743736267,-21.761377334594727,-41.33750534057617,0.0
473.09798407554626,-21.761377334594727,-41.33750534057617,0.0
473.30788397789,-21.761377334594727,-41.33750534057617,0.0
473.5188009738922,-21.761377334594727,-41.33750534057617,0.0
473.7283515930176,-21.76137924194336,-41.337493896484375,0.0
473.9377615451813,-21.76137924194336,-41.337493896484375,0.0
474.14800095558167,-21.76137924194336,-41.337493896484375,0.0
474.3581097126007,-21.76137924194336,-41.337493896484375,0.0
474.69109869003296,-21.76137924194336,-41.337493896484375,0.0
474.93587851524353,-21.761383056640625,-41.33747863769531,0.0
475.14682698249817,-21.761383056640625,-41.33747863769531,0.0
475.3571972846985,-21.761383056640625,-41.33747863769531,0.0
475.5702176094055,-21.761383056640625,-41.33747863769531,0.0
475.79273533821106,-21.761383056640625,-41.33747863769531,0.0
476.0101490020752,-21.76138687133789,-41.337467193603516,0.0
476.2204785346985,-21.761388778686523,-41.33746337890625,0.0
476.4301815032959,-21.761388778686523,-41.337459564208984,0.0
476.64014410972595,-21.761390686035156,-41.337459564208984,0.0
476.8501868247986,-21.761390686035156,-41.337459564208984,0.0
477.06054162979126,-21.761390686035156,-41.337459564208984,0.0
477.4781050682068,-21.761390686035156,-41.337459564208984,0.0
477.6903166770935,-21.761390686035156,-41.337459564208984,0.0
477.9019193649292,-21.761390686035156,-41.337459564208984,0.0
478.1202473640442,-21.761394500732422,-41.337440490722656,0.0
478.3291349411011,-21.761396408081055,-41.33743667602539,0.0
478.53702878952026,-21.761396408081055,-41.33743667602539,0.0
478.74716448783875,-21.761396408081055,-41.33743667602539,0.0
478.95581698417664,-21.761396408081055,-41.33743667602539,0.0
479.16611433029175,-21.761396408081055,-41.33743667602539,0.0
479.3757758140564,-21.761396408081055,-41.33743667602539,0.0
479.58621191978455,-21.761396408081055,-41.33743667602539,0.0
479.7959146499634,-21.761396408081055,-41.33743667602539,0.0
480.00641918182373,-21.761396408081055,-41.33743667602539,0.0
480.21597266197205,-21.761404037475586,-41.3374137878418,0.0
480.5565481185913,-21.761404037475586,-41.3374137878418,0.0
480.8661367893219,-21.761404037475586,-41.3374137878418,0.0
481.1578116416931,-21.761404037475586,-41.3374137878418,0.0
481.36592626571655,-21.761404037475586,-41.3374137878418,0.0
481.5765151977539,-21.761404037475586,-41.3374137878418,0.0
481.78603172302246,-21.761404037475586,-41.3374137878418,0.0
482.19480180740356,-21.761409759521484,-41.33739471435547,0.0
482.4380965232849,-21.761411666870117,-41.33738708496094,0.0
482.6482174396515,-21.761411666870117,-41.33738708496094,0.0
482.85927081108093,-21.761411666870117,-41.33738708496094,0.0
483.0681576728821,-21.761411666870117,-41.33738708496094,0.0
483.2782127857208,-21.761411666870117,-41.33738708496094,0.0
483.492577791214,-21.761415481567383,-41.33737564086914,0.0
483.7052593231201,-21.761415481567383,-41.33737564086914,0.0
483.91513681411743,-21.761417388916016,-41.33736801147461,0.0
484.12555027008057,-21.761417388916016,-41.33736801147461,0.0
484.33513355255127,-21.761417388916016,-41.33736801147461,0.0
484.5450110435486,-21.761417388916016,-41.33736801147461,0.0
484.75490379333496,-21.761417388916016,-41.33736801147461,0.0
484.96511054039,-21.761417388916016,-41.33736801147461,0.0
485.17525339126587,-21.761417388916016,-41.33736801147461,0.0
485.38508796691895,-21.761417388916016,-41.33736801147461,0.0
485.51946687698364,-21.761417388916016,-41.33736801147461,0.0
485.73932337760925,-21.761423110961914,-41.337345123291016,0.0
485.9595012664795,-21.761423110961914,-41.337345123291016,0.0
486.17423129081726,-21.761423110961914,-41.337345123291016,0.0
486.5084354877472,-21.761425018310547,-41.337337493896484,0.0
486.71781516075134,-21.76142692565918,-41.33732986450195,0.0
486.92739176750183,-21.76142692565918,-41.33732986450195,0.0
487.1464638710022,-21.76142692565918,-41.33732986450195,0.0
487.37782645225525,-21.76142692565918,-41.33732986450195,0.0
487.5843255519867,-21.761428833007812,-41.33732223510742,0.0
487.79424023628235,-21.761428833007812,-41.337318420410156,0.0
488.0040292739868,-21.761430740356445,-41.337318420410156,0.0
488.21417474746704,-21.761430740356445,-41.33731460571289,0.0
488.52149295806885,-21.761430740356445,-41.33731460571289,0.0
488.93355441093445,-21.761430740356445,-41.337303161621094,0.0
489.1441433429718,-21.761430740356445,-41.337303161621094,0.0
489.35430788993835,-21.761430740356445,-41.337303161621094,0.0
489.56415128707886,-21.761430740356445,-41.337303161621094,0.0
489.7743194103241,-21.761430740356445,-41.337303161621094,0.0
489.9840896129608,-21.761430740356445,-41.337303161621094,0.0
490.19311261177063,-21.761430740356445,-41.337303161621094,0.0
490.50255393981934,-21.761430740356445,-41.337284088134766,0.0
490.7926449775696,-21.761430740356445,-41.3372802734375,0.0
491.0032374858856,-21.761430740356445,-41.3372802734375,0.0
491.213161945343,-21.761430740356445,-41.33727264404297,0.0
491.42299723625183,-21.761430740356445,-41.3372688293457,0.0
491.6332588195801,-21.761430740356445,-41.3372688293457,0.0
491.8431751728058,-21.761432647705078,-41.33726501464844,0.0
492.05320262908936,-21.761432647705078,-41.33726501464844,0.0
492.2630090713501,-21.761432647705078,-41.33726501464844,0.0
492.5402510166168,-21.761432647705078,-41.33725357055664,0.0
492.75429797172546,-21.761432647705078,-41.33725357055664,0.0
492.9622755050659,-21.761432647705078,-41.33725357055664,0.0
493.1721565723419,-21.761432647705078,-41.33725357055664,0.0
493.38231015205383,-21.761432647705078,-41.33725357055664,0.0
493.7180016040802,-21.761432647705078,-41.33725357055664,0.0
493.93533062934875,-21.76143455505371,-41.33723831176758,0.0
494.2001266479492,-21.761432647705078,-41.33723449707031,0.0
494.4123110771179,-21.761432647705078,-41.33723449707031,0.0
494.6225583553314,-21.76143455505371,-41.33722686767578,0.0
494.8323714733124,-21.76143455505371,-41.337223052978516,0.0
495.0432252883911,-21.76143455505371,-41.337223052978516,0.0
495.25236463546753,-21.761436462402344,-41.33721923828125,0.0
495.4622404575348,-21.761436462402344,-41.337215423583984,0.0
495.67234086990356,-21.761436462402344,-41.337215423583984,0.0
495.8833873271942,-21.761436462402344,-41.337215423583984,0.0
496.09212708473206,-21.761436462402344,-41.337215423583984,0.0
496.3023672103882,-21.761436462402344,-41.337215423583984,0.0
496.5123653411865,-21.761436462402344,-41.337215423583984,0.0
496.7213749885559,-21.761436462402344,-41.337215423583984,0.0
496.9313385486603,-21.761436462402344,-41.337215423583984,0.0
497.14237809181213,-21.761436462402344,-41.337215423583984,0.0
497.48136854171753,-21.761444091796875,-41.337188720703125,0.0
497.71625423431396,-21.761444091796875,-41.337188720703125,0.0
497.9346959590912,-21.761444091796875,-41.337188720703125,0.0
498.14439725875854,-21.761444091796875,-41.337188720703125,0.0
498.3547191619873,-21.761444091796875,-41.337188720703125,0.0
498.56455540657043,-21.76144790649414,-41.33717727661133,0.0
498.92644929885864,-21.761451721191406,-41.33717346191406,0.0
499.1412582397461,-21.761451721191406,-41.33717346191406,0.0
499.35131096839905,-21.761451721191406,-41.33717346191406,0.0
499.56126713752747,-21.761451721191406,-41.33717346191406,0.0
499.7713520526886,-21.76145362854004,-41.337162017822266,0.0
499.9815056324005,-21.761455535888672,-41.337162017822266,0.0
500.19150137901306,-21.761455535888672,-41.337158203125,0.0
500.40074038505554,-21.761455535888672,-41.337158203125,0.0
500.61135268211365,-21.761455535888672,-41.337158203125,0.0
500.9521789550781,-21.761455535888672,-41.337158203125,0.0
501.18619441986084,-21.761459350585938,-41.3371467590332,0.0
501.40365076065063,-21.761459350585938,-41.33714294433594,0.0
501.6137385368347,-21.761459350585938,-41.33714294433594,0.0
501.82380270957947,-21.761459350585938,-41.33714294433594,0.0
502.033358335495,-21.761459350585938,-41.33714294433594,0.0
502.45252108573914,-21.761459350585938,-41.33714294433594,0.0
502.8303198814392,-21.761463165283203,-41.337127685546875,0.0
503.04020071029663,-21.761463165283203,-41.337127685546875,0.0
503.25041031837463,-21.761463165283203,-41.337127685546875,0.0
503.4602801799774,-21.76146697998047,-41.33711624145508,0.0
503.67047357559204,-21.76146697998047,-41.33711624145508,0.0
503.880578994751,-21.76146697998047,-41.33711624145508,0.0
504.0892403125763,-21.76146697998047,-41.33711624145508,0.0
504.29945278167725,-21.76146697998047,-41.33711624145508,0.0
504.5103130340576,-21.76146697998047,-41.33711624145508,0.0
504.71956610679626,-21.76146697998047,-41.33711624145508,0.0
504.9296598434448,-21.761472702026367,-41.337100982666016,0.0
505.26961398124695,-21.761472702026367,-41.33709716796875,0.0
505.5043694972992,-21.761472702026367,-41.33709716796875,0.0
505.72267723083496,-21.761474609375,-41.337093353271484,0.0
505.9325499534607,-21.761476516723633,-41.33708953857422,0.0
506.14280247688293,-21.761476516723633,-41.33708953857422,0.0
506.3527352809906,-21.761476516723633,-41.33708953857422,0.0
506.59727931022644,-21.761476516723633,-41.33708953857422,0.0
506.81254482269287,-21.761478424072266,-41.33707809448242,0.0
507.0225784778595,-21.761478424072266,-41.33707809448242,0.0
507.2326078414917,-21.7614803314209,-41.337074279785156,0.0
507.4427125453949,-21.7614803314209,-41.337074279785156,0.0
507.6526870727539,-21.7614803314209,-41.337074279785156,0.0
507.8817284107208,-21.7614803314209,-41.337074279785156,0.0
508.0927610397339,-21.7614803314209,-41.337074279785156,0.0
508.46044278144836,-21.76148223876953,-41.33706283569336,0.0
508.6726815700531,-21.76148223876953,-41.33706283569336,0.0
508.88150119781494,-21.76148223876953,-41.33706283569336,0.0
509.0915353298187,-21.76148223876953,-41.33706283569336,0.0
509.32558965682983,-21.76148223876953,-41.33706283569336,0.0
509.5416667461395,-21.761486053466797,-41.3370475769043,0.0
509.75272846221924,-21.76148796081543,-41.33704376220703,0.0
509.96163177490234,-21.76148796081543,-41.33704376220703,0.0
510.17171335220337,-21.76148796081543,-41.33704376220703,0.0
510.4034330844879,-21.76148796081543,-41.33704376220703,0.0
510.62164545059204,-21.76148796081543,-41.33704376220703,0.0
510.8316767215729,-21.761491775512695,-41.337032318115234,0.0
511.0416052341461,-21.761491775512695,-41.33702850341797,0.0
511.2516703605652,-21.761493682861328,-41.33702850341797,0.0
511.66974544525146,-21.761491775512695,-41.3370246887207,0.0
512.0484251976013,-21.761493682861328,-41.33701705932617,0.0
512.2582411766052,-21.761493682861328,-41.33701705932617,0.0
512.467493057251,-21.761493682861328,-41.33701705932617,0.0
512.6775722503662,-21.761493682861328,-41.33701705932617,0.0
512.8875072002411,-21.761493682861328,-41.33701705932617,0.0
513.0973923206329,-21.761493682861328,-41.33701705932617,0.0
513.3074045181274,-21.761493682861328,-41.33701705932617,0.0
513.5175933837891,-21.761493682861328,-41.33701705932617,0.0
513.7276110649109,-21.761478424072266,-41.33700180053711,0.0
513.9375348091125,-21.761476516723633,-41.336997985839844,0.0
514.1476175785065,-21.761474609375,-41.336997985839844,0.0
514.4876883029938,-21.761474609375,-41.336997985839844,0.0
514.7225167751312,-21.761474609375,-41.336997985839844,0.0
514.9412751197815,-21.761465072631836,-41.33699417114258,0.0
515.151077747345,-21.76146125793457,-41.33699417114258,0.0
515.360732793808,-21.76146125793457,-41.33699417114258,0.0
515.5697326660156,-21.76146125793457,-41.33699417114258,0.0
515.80073595047,-21.76146125793457,-41.33699417114258,0.0
516.0096220970154,-21.76146125793457,-41.33699417114258,0.0
516.2198266983032,-21.76144790649414,-41.33698654174805,0.0
516.4382438659668,-21.761442184448242,-41.33698272705078,0.0
516.7864904403687,-21.761442184448242,-41.33698272705078,0.0
516.9963927268982,-21.761442184448242,-41.33698272705078,0.0
517.2063682079315,-21.761442184448242,-41.33698272705078,0.0
517.4167141914368,-21.761432647705078,-41.336978912353516,0.0
517.6266443729401,-21.761430740356445,-41.336978912353516,0.0
517.8366405963898,-21.76142692565918,-41.336978912353516,0.0
518.0466210842133,-21.76142692565918,-41.336978912353516,0.0
518.2565660476685,-21.76142692565918,-41.336978912353516,0.0
518.4990568161011,-21.76142692565918,-41.336978912353516,0.0
518.7100367546082,-21.76142692565918,-41.336978912353516,0.0
518.9200596809387,-21.76141357421875,-41.336971282958984,0.0
519.1315824985504,-21.761411666870117,-41.336971282958984,0.0
519.3490629196167,-21.76140785217285,-41.336971282958984,0.0
519.616562128067,-21.76140785217285,-41.336971282958984,0.0
519.8258278369904,-21.761402130126953,-41.33696746826172,0.0
520.035558462143,-21.76140022277832,-41.33696746826172,0.0
520.2473013401031,-21.76140022277832,-41.33696746826172,0.0
520.4591991901398,-21.76140022277832,-41.33696746826172,0.0
520.6689081192017,-21.76140022277832,-41.33696746826172,0.0
520.8789618015289,-21.76140022277832,-41.33696746826172,0.0
521.088906288147,-21.76140022277832,-41.33696746826172,0.0
521.2987997531891,-21.761383056640625,-41.33696365356445,0.0
521.5499930381775,-21.761381149291992,-41.33695983886719,0.0
521.7687029838562,-21.761381149291992,-41.33695983886719,0.0
521.9790525436401,-21.761381149291992,-41.33695983886719,0.0
522.1889111995697,-21.761381149291992,-41.33695983886719,0.0
522.4598436355591,-21.761367797851562,-41.33695602416992,0.0
522.6787135601044,-21.761367797851562,-41.33695602416992,0.0
522.8877708911896,-21.761367797851562,-41.33695602416992,0.0
523.1278984546661,-21.761356353759766,-41.336952209472656,0.0
523.3377895355225,-21.761356353759766,-41.336952209472656,0.0
523.5456531047821,-21.761356353759766,-41.336952209472656,0.0
523.8997173309326,-21.761356353759766,-41.336952209472656,0.0
524.1178097724915,-21.761343002319336,-41.33694839477539,0.0
524.3277578353882,-21.761341094970703,-41.33694839477539,0.0
524.534524679184,-21.761337280273438,-41.33694839477539,0.0
524.7447862625122,-21.761335372924805,-41.33694839477539,0.0
524.9551250934601,-21.76133155822754,-41.336952209472656,0.0
525.1647572517395,-21.76133155822754,-41.336952209472656,0.0
525.3735301494598,-21.76133155822754,-41.336952209472656,0.0
525.5844941139221,-21.76133155822754,-41.336952209472656,0.0
525.7948462963104,-21.76133155822754,-41.336952209472656,0.0
526.0046446323395,-21.76133155822754,-41.336952209472656,0.0
526.2135469913483,-21.76133155822754,-41.336952209472656,0.0
526.4246621131897,-21.76133155822754,-41.336952209472656,0.0
526.7641227245331,-21.761320114135742,-41.336971282958984,0.0
527.000964641571,-21.761320114135742,-41.336971282958984,0.0
527.21706366539,-21.761320114135742,-41.336971282958984,0.0
527.4272017478943,-21.761316299438477,-41.336978912353516,0.0
527.6383030414581,-21.761316299438477,-41.33698272705078,0.0
527.8471360206604,-21.761314392089844,-41.33698654174805,0.0
528.2648632526398,-21.761314392089844,-41.33698654174805,0.0
528.5206689834595,-21.761314392089844,-41.33698654174805,0.0
528.7382981777191,-21.761310577392578,-41.33699417114258,0.0
528.953688621521,-21.761310577392578,-41.33699417114258,0.0
529.1637415885925,-21.761310577392578,-41.33699417114258,0.0
529.3751487731934,-21.761310577392578,-41.33699417114258,0.0
529.5838167667389,-21.761310577392578,-41.33699417114258,0.0
529.7928507328033,-21.761310577392578,-41.33699417114258,0.0
530.0028648376465,-21.761310577392578,-41.33699417114258,0.0
530.2128140926361,-21.761310577392578,-41.33699417114258,0.0
530.4228076934814,-21.761306762695312,-41.33700942993164,0.0
530.6331472396851,-21.761306762695312,-41.33700942993164,0.0
530.8428220748901,-21.761306762695312,-41.337013244628906,0.0
531.0528364181519,-21.76130485534668,-41.337013244628906,0.0
531.2628633975983,-21.76130485534668,-41.337013244628906,0.0
531.472820520401,-21.76130485534668,-41.337013244628906,0.0
531.6842358112335,-21.76130485534668,-41.337013244628906,0.0
531.8928332328796,-21.76130485534668,-41.337013244628906,0.0
532.1030704975128,-21.76130485534668,-41.337013244628906,0.0
532.3128519058228,-21.76130485534668,-41.33702850341797,0.0
532.644989490509,-21.76130485534668,-41.337032318115234,0.0
532.9381835460663,-21.761306762695312,-41.3370361328125,0.0
533.1517248153687,-21.761306762695312,-41.3370361328125,0.0
533.3617651462555,-21.761306762695312,-41.3370361328125,0.0
533.6724860668182,-21.761306762695312,-41.3370361328125,0.0
533.9636170864105,-21.761306762695312,-41.3370361328125,0.0
534.1724677085876,-21.761306762695312,-41.3370361328125,0.0
534.3818092346191,-21.761306762695312,-41.3370361328125,0.0
534.5699000358582,-21.761306762695312,-41.3370361328125,0.0
534.7864098548889,-21.761306762695312,-41.3370361328125,0.0
534.9952642917633,-21.761320114135742,-41.3370475769043,0.0
535.205235004425,-21.761322021484375,-41.33705139160156,0.0
535.4341201782227,-21.761323928833008,-41.33705139160156,0.0
535.6455326080322,-21.761323928833008,-41.33705139160156,0.0
535.8542256355286,-21.761323928833008,-41.33705139160156,0.0
536.0996651649475,-21.761323928833008,-41.33705139160156,0.0
536.310825586319,-21.761329650878906,-41.33705520629883,0.0
536.6478219032288,-21.761329650878906,-41.33705520629883,0.0
536.8641331195831,-21.761329650878906,-41.33705520629883,0.0
537.0739097595215,-21.761329650878906,-41.33705520629883,0.0
537.2841091156006,-21.761337280273438,-41.337059020996094,0.0
537.4943172931671,-21.76133918762207,-41.337059020996094,0.0
537.704333782196,-21.761343002319336,-41.33706283569336,0.0
537.9376220703125,-21.761343002319336,-41.33706283569336,0.0
538.1540553569794,-21.761343002319336,-41.33706283569336,0.0
538.3641393184662,-21.761343002319336,-41.33706283569336,0.0
538.5568346977234,-21.761348724365234,-41.337066650390625,0.0
538.7740983963013,-21.761348724365234,-41.337066650390625,0.0
538.983145236969,-21.761348724365234,-41.337066650390625,0.0
539.1967239379883,-21.761354446411133,-41.337066650390625,0.0
539.4788835048676,-21.761356353759766,-41.337066650390625,0.0
539.6910138130188,-21.761356353759766,-41.337066650390625,0.0
539.9010546207428,-21.76136016845703,-41.33707046508789,0.0
540.1101098060608,-21.761362075805664,-41.33707046508789,0.0
540.3199272155762,-21.761363983154297,-41.337074279785156,0.0
540.5331394672394,-21.761363983154297,-41.337074279785156,0.0
540.7433614730835,-21.761363983154297,-41.337074279785156,0.0
540.9530837535858,-21.761363983154297,-41.337074279785156,0.0
541.1631937026978,-21.761363983154297,-41.337074279785156,0.0
541.3731462955475,-21.761363983154297,-41.337074279785156,0.0
541.5275044441223,-21.761363983154297,-41.337074279785156,0.0
542.0372698307037,-21.76137924194336,-41.33707809448242,0.0
542.2499032020569,-21.76137924194336,-41.33707809448242,0.0
542.4598031044006,-21.76137924194336,-41.33707809448242,0.0
542.6690747737885,-21.76137924194336,-41.33707809448242,0.0
542.8790493011475,-21.76137924194336,-41.33707809448242,0.0
543.089040517807,-21.761394500732422,-41.33708953857422,0.0
543.2990200519562,-21.761396408081055,-41.33708953857422,0.0
543.5950121879578,-21.761398315429688,-41.33708953857422,0.0
543.8089044094086,-21.761402130126953,-41.337093353271484,0.0
544.0190300941467,-21.761404037475586,-41.337093353271484,0.0
544.2288303375244,-21.761404037475586,-41.337093353271484,0.0
544.439028263092,-21.761404037475586,-41.337093353271484,0.0
544.6488001346588,-21.761411666870117,-41.33709716796875,0.0
544.8589012622833,-21.761411666870117,-41.33709716796875,0.0
545.0677757263184,-21.761411666870117,-41.33709716796875,0.0
545.278968334198,-21.761411666870117,-41.33709716796875,0.0
545.4896738529205,-21.761411666870117,-41.33709716796875,0.0
545.6981739997864,-21.761411666870117,-41.33709716796875,0.0
545.908082485199,-21.761411666870117,-41.33709716796875,0.0
546.1182684898376,-21.761423110961914,-41.33711624145508,0.0
546.3290374279022,-21.761423110961914,-41.33711624145508,0.0
546.5382630825043,-21.761423110961914,-41.337120056152344,0.0
546.8784029483795,-21.761423110961914,-41.337120056152344,0.0
547.1882030963898,-21.761423110961914,-41.337120056152344,0.0
547.4802701473236,-21.761423110961914,-41.337120056152344,0.0
547.688127040863,-21.761423110961914,-41.337120056152344,0.0
547.8996114730835,-21.761423110961914,-41.337120056152344,0.0
548.1083474159241,-21.761423110961914,-41.337120056152344,0.0
548.3185877799988,-21.761425018310547,-41.33714294433594,0.0
548.6913697719574,-21.761425018310547,-41.3371467590332,0.0
548.9014070034027,-21.761425018310547,-41.3371467590332,0.0
549.1103525161743,-21.761423110961914,-41.337158203125,0.0
549.330493927002,-21.761423110961914,-41.337162017822266,0.0
549.5402810573578,-21.761423110961914,-41.33716583251953,0.0
549.7501709461212,-21.761423110961914,-41.33716583251953,0.0
549.968713760376,-21.761423110961914,-41.33716583251953,0.0
550.1994230747223,-21.761423110961914,-41.33716583251953,0.0
550.4102945327759,-21.76142120361328,-41.33717346191406,0.0
550.7572112083435,-21.76141929626465,-41.33717727661133,0.0
550.9723210334778,-21.76141929626465,-41.33717727661133,0.0
551.187283039093,-21.76141929626465,-41.33717727661133,0.0
551.3971128463745,-21.76141929626465,-41.33717727661133,0.0
551.6070148944855,-21.76141929626465,-41.33717727661133,0.0
551.81720495224,-21.761415481567383,-41.33719253540039,0.0
552.0263528823853,-21.761415481567383,-41.337196350097656,0.0
552.2361125946045,-21.76141357421875,-41.33720016479492,0.0
552.4493045806885,-21.76141357421875,-41.33720397949219,0.0
552.6594030857086,-21.76141357421875,-41.33720397949219,0.0
552.9883489608765,-21.76141357421875,-41.33720397949219,0.0
553.1991958618164,-21.76141357421875,-41.33720397949219,0.0
553.4889302253723,-21.76141357421875,-41.33720397949219,0.0
553.6971929073334,-21.76141357421875,-41.33720397949219,0.0
553.9070386886597,-21.76141357421875,-41.33720397949219,0.0
554.2793440818787,-21.76140022277832,-41.337223052978516,0.0
554.489732503891,-21.76140022277832,-41.337223052978516,0.0
554.6997117996216,-21.76140022277832,-41.337223052978516,0.0
554.9095177650452,-21.76140022277832,-41.337223052978516,0.0
555.1220633983612,-21.761390686035156,-41.337223052978516,0.0
555.329042673111,-21.761388778686523,-41.337223052978516,0.0
555.5499081611633,-21.76138687133789,-41.33721923828125,0.0
555.768168926239,-21.76138687133789,-41.33721923828125,0.0
555.9783840179443,-21.76138687133789,-41.33721923828125,0.0
556.1893262863159,-21.76138687133789,-41.33721923828125,0.0
556.4282066822052,-21.761375427246094,-41.33721923828125,0.0
556.6383817195892,-21.761371612548828,-41.337215423583984,0.0
556.8483893871307,-21.761369705200195,-41.337215423583984,0.0
557.0586090087891,-21.761369705200195,-41.337215423583984,0.0
557.275622844696,-21.761369705200195,-41.337215423583984,0.0
557.5064842700958,-21.761369705200195,-41.337215423583984,0.0
557.7187201976776,-21.7613582611084,-41.33721160888672,0.0
557.9411015510559,-21.761356353759766,-41.33721160888672,0.0
558.1576056480408,-21.7613525390625,-41.33721160888672,0.0
558.3683247566223,-21.7613525390625,-41.33721160888672,0.0
558.6151208877563,-21.7613525390625,-41.33721160888672,0.0
558.8242568969727,-21.76134490966797,-41.33721160888672,0.0
559.034735918045,-21.761341094970703,-41.33721160888672,0.0
559.2444121837616,-21.76133918762207,-41.33720779418945,0.0
559.4545753002167,-21.76133918762207,-41.33720779418945,0.0
559.6642150878906,-21.76133918762207,-41.33720779418945,0.0
559.8741710186005,-21.76133918762207,-41.33720779418945,0.0
560.085043668747,-21.76133918762207,-41.33720779418945,0.0
560.2942349910736,-21.76133918762207,-41.33720779418945,0.0
560.5042216777802,-21.76133918762207,-41.33720779418945,0.0
560.7151017189026,-21.76133918762207,-41.33720779418945,0.0
560.924165725708,-21.76133918762207,-41.33720779418945,0.0
561.1341469287872,-21.76133918762207,-41.33720779418945,0.0
561.3445134162903,-21.761310577392578,-41.33720779418945,0.0
561.5542874336243,-21.761308670043945,-41.33720397949219,0.0
561.7632396221161,-21.761306762695312,-41.33720397949219,0.0
562.1032235622406,-21.761302947998047,-41.33720397949219,0.0
562.338091135025,-21.761302947998047,-41.33720397949219,0.0
562.5566112995148,-21.761295318603516,-41.33720397949219,0.0
562.7664313316345,-21.761293411254883,-41.33720397949219,0.0
562.9768121242523,-21.76129150390625,-41.33720397949219,0.0
563.1863522529602,-21.76129150390625,-41.33720397949219,0.0
563.493732213974,-21.76129150390625,-41.33720397949219,0.0
563.785078048706,-21.76129150390625,-41.33720397949219,0.0
563.9931881427765,-21.76129150390625,-41.33720397949219,0.0
564.203277349472,-21.76129150390625,-41.33720397949219,0.0
564.4132888317108,-21.76129150390625,-41.33720397949219,0.0
564.6265211105347,-21.76129150390625,-41.33720397949219,0.0
564.8337624073029,-21.761266708374023,-41.33720397949219,0.0
565.1672518253326,-21.761259078979492,-41.33720397949219,0.0
565.5935847759247,-21.761259078979492,-41.33720397949219,0.0
565.885137796402,-21.761259078979492,-41.33720397949219,0.0
566.2151577472687,-21.761259078979492,-41.33720397949219,0.0
566.4655201435089,-21.761259078979492,-41.33720397949219,0.0
566.6754095554352,-21.761259078979492,-41.33720397949219,0.0
566.8857266902924,-21.761259078979492,-41.33720397949219,0.0
567.0954821109772,-21.761259078979492,-41.33720397949219,0.0
567.3055171966553,-21.761259078979492,-41.33720397949219,0.0
567.8346529006958,-21.761259078979492,-41.33720397949219,0.0
568.0876977443695,-21.761226654052734,-41.337215423583984,0.0
568.3056066036224,-21.761226654052734,-41.337215423583984,0.0
568.5113470554352,-21.761226654052734,-41.337215423583984,0.0
568.7254931926727,-21.761226654052734,-41.337215423583984,0.0
568.934577703476,-21.761220932006836,-41.337223052978516,0.0
569.1455523967743,-21.76121711730957,-41.337223052978516,0.0
569.3545722961426,-21.761215209960938,-41.337223052978516,0.0
569.5644526481628,-21.761215209960938,-41.337223052978516,0.0
569.7744405269623,-21.761215209960938,-41.337223052978516,0.0
569.9844226837158,-21.761215209960938,-41.337223052978516,0.0
570.1955695152283,-21.761215209960938,-41.337223052978516,0.0
570.4047355651855,-21.76120376586914,-41.33723449707031,0.0
570.6262722015381,-21.761199951171875,-41.33723831176758,0.0
570.8444178104401,-21.761199951171875,-41.33723831176758,0.0
571.0544593334198,-21.761199951171875,-41.33723831176758,0.0
571.2652661800385,-21.761199951171875,-41.33723831176758,0.0
571.4744319915771,-21.761199951171875,-41.33723831176758,0.0
571.6847023963928,-21.761199951171875,-41.33723831176758,0.0
571.8947219848633,-21.761199951171875,-41.33723831176758,0.0
572.1053035259247,-21.761192321777344,-41.33725357055664,0.0
572.313640832901,-21.76119041442871,-41.337257385253906,0.0
572.6525914669037,-21.76119041442871,-41.337257385253906,0.0
572.8927583694458,-21.76119041442871,-41.337257385253906,0.0
573.1036245822906,-21.761186599731445,-41.33726119995117,0.0
573.3136093616486,-21.761186599731445,-41.33726501464844,0.0
573.5330312252045,-21.761184692382812,-41.3372688293457,0.0
573.7578248977661,-21.761184692382812,-41.3372688293457,0.0
573.9748277664185,-21.761184692382812,-41.3372688293457,0.0
574.1835000514984,-21.761184692382812,-41.3372688293457,0.0
574.3969588279724,-21.761184692382812,-41.3372688293457,0.0
574.613659620285,-21.761184692382812,-41.3372688293457,0.0
574.960471868515,-21.761184692382812,-41.3372688293457,0.0
575.1703515052795,-21.761180877685547,-41.33728790283203,0.0
575.3846170902252,-21.761180877685547,-41.33728790283203,0.0
575.5994880199432,-21.761180877685547,-41.33728790283203,0.0
575.810090303421,-21.761180877685547,-41.33728790283203,0.0
576.0196583271027,-21.761180877685547,-41.33728790283203,0.0
576.2295813560486,-21.761180877685547,-41.33728790283203,0.0
576.4404079914093,-21.761180877685547,-41.33728790283203,0.0
576.6494493484497,-21.761180877685547,-41.33728790283203,0.0
576.8606624603271,-21.761173248291016,-41.33730697631836,0.0
577.0695230960846,-21.761173248291016,-41.337310791015625,0.0
577.2793872356415,-21.761171340942383,-41.337310791015625,0.0
577.4895632266998,-21.761171340942383,-41.337310791015625,0.0
577.6995930671692,-21.761171340942383,-41.337310791015625,0.0
577.9092948436737,-21.761171340942383,-41.337310791015625,0.0
578.1192901134491,-21.761171340942383,-41.337310791015625,0.0
578.3293755054474,-21.761171340942383,-41.337310791015625,0.0
578.5394592285156,-21.761171340942383,-41.337310791015625,0.0
578.7493994235992,-21.761165618896484,-41.33732986450195,0.0
578.959832906723,-21.76116371154785,-41.33733367919922,0.0
579.1697216033936,-21.76116371154785,-41.33733367919922,0.0
579.3798067569733,-21.76116371154785,-41.33733367919922,0.0
579.7200429439545,-21.76116371154785,-41.33733367919922,0.0
579.9323239326477,-21.761159896850586,-41.337345123291016,0.0
580.2785382270813,-21.761159896850586,-41.337345123291016,0.0
580.4884262084961,-21.761159896850586,-41.337345123291016,0.0
580.6988542079926,-21.761159896850586,-41.337345123291016,0.0
580.9086544513702,-21.76115608215332,-41.33735656738281,0.0
581.1185801029205,-21.76115608215332,-41.33736038208008,0.0
581.3285553455353,-21.76115608215332,-41.33736038208008,0.0
581.5418541431427,-21.76115608215332,-41.33736038208008,0.0
581.7948455810547,-21.76115608215332,-41.33736038208008,0.0
582.0096144676208,-21.761154174804688,-41.337371826171875,0.0
582.2186162471771,-21.761154174804688,-41.337371826171875,0.0
582.4287867546082,-21.761154174804688,-41.337371826171875,0.0
582.6404807567596,-21.761152267456055,-41.337379455566406,0.0
582.8485062122345,-21.761152267456055,-41.337379455566406,0.0
583.0583083629608,-21.761152267456055,-41.337379455566406,0.0
583.2691044807434,-21.761152267456055,-41.337379455566406,0.0
583.4806742668152,-21.761152267456055,-41.337379455566406,0.0
583.7466776371002,-21.761146545410156,-41.33739471435547,0.0
583.9572925567627,-21.761146545410156,-41.33739471435547,0.0
584.1693162918091,-21.761146545410156,-41.33739471435547,0.0
584.3827338218689,-21.761146545410156,-41.33739471435547,0.0
584.6010653972626,-21.761144638061523,-41.33740234375,0.0
584.8108150959015,-21.76114273071289,-41.337406158447266,0.0
585.0210773944855,-21.76114273071289,-41.337406158447266,0.0
585.2309818267822,-21.76114273071289,-41.337406158447266,0.0
585.4376227855682,-21.76114273071289,-41.337406158447266,0.0
585.6484041213989,-21.76114273071289,-41.337406158447266,0.0
585.8575773239136,-21.76114273071289,-41.337406158447266,0.0
586.0673773288727,-21.76114273071289,-41.337406158447266,0.0
586.2777283191681,-21.76114273071289,-41.337406158447266,0.0
586.5910887718201,-21.761138916015625,-41.33742141723633,0.0
586.8668665885925,-21.761138916015625,-41.33742141723633,0.0
587.076532125473,-21.761138916015625,-41.33742141723633,0.0
587.2867255210876,-21.761138916015625,-41.33742141723633,0.0
587.5456266403198,-21.76113510131836,-41.337432861328125,0.0
587.7565519809723,-21.76113510131836,-41.337432861328125,0.0
587.9663741588593,-21.76113510131836,-41.337432861328125,0.0
588.1765668392181,-21.76113510131836,-41.337432861328125,0.0
588.3888754844666,-21.76113510131836,-41.337432861328125,0.0
588.5967216491699,-21.761131286621094,-41.33744430541992,0.0
588.8067989349365,-21.761131286621094,-41.33744812011719,0.0
589.0166006088257,-21.761131286621094,-41.33744812011719,0.0
589.2265405654907,-21.761131286621094,-41.33744812011719,0.0
589.4397904872894,-21.761131286621094,-41.33744812011719,0.0
589.6497037410736,-21.761131286621094,-41.33744812011719,0.0
589.8605153560638,-21.761131286621094,-41.33744812011719,0.0
590.0699770450592,-21.761131286621094,-41.33744812011719,0.0
590.2799966335297,-21.761131286621094,-41.33744812011719,0.0
590.4898915290833,-21.761131286621094,-41.33744812011719,0.0
590.6988255977631,-21.76112937927246,-41.337467193603516,0.0
591.0096099376678,-21.76112937927246,-41.33747100830078,0.0
591.2646660804749,-21.761127471923828,-41.33747482299805,0.0
591.4797716140747,-21.761127471923828,-41.33747482299805,0.0
591.6888301372528,-21.761127471923828,-41.33747482299805,0.0
591.8990571498871,-21.761127471923828,-41.33747482299805,0.0
592.1101174354553,-21.761125564575195,-41.33748245239258,0.0
592.3189294338226,-21.761123657226562,-41.337486267089844,0.0
592.5256054401398,-21.761123657226562,-41.337486267089844,0.0
592.7361943721771,-21.761123657226562,-41.33749008178711,0.0
592.9458498954773,-21.76112174987793,-41.33749008178711,0.0
593.1558055877686,-21.76112174987793,-41.33749008178711,0.0
593.3657236099243,-21.76112174987793,-41.33749008178711,0.0
593.8738579750061,-21.76112174987793,-41.33749008178711,0.0
594.0856754779816,-21.76112174987793,-41.33749008178711,0.0
594.295788526535,-21.761117935180664,-41.33750534057617,0.0
594.764246225357,-21.761117935180664,-41.33750534057617,0.0
594.9748365879059,-21.761117935180664,-41.33750534057617,0.0
595.1849095821381,-21.761117935180664,-41.33750534057617,0.0
595.3956732749939,-21.761117935180664,-41.33750534057617,0.0
595.6044244766235,-21.761117935180664,-41.33750534057617,0.0
595.814795255661,-21.761117935180664,-41.33750534057617,0.0
596.0247228145599,-21.761112213134766,-41.337520599365234,0.0
596.2347793579102,-21.761112213134766,-41.3375244140625,0.0
596.4457406997681,-21.761112213134766,-41.3375244140625,0.0
596.6617052555084,-21.761112213134766,-41.3375244140625,0.0
596.8650045394897,-21.761112213134766,-41.3375244140625,0.0
597.0745389461517,-21.761112213134766,-41.3375244140625,0.0
597.2845001220703,-21.761112213134766,-41.3375244140625,0.0
597.4948832988739,-21.761112213134766,-41.3375244140625,0.0
597.7046551704407,-21.761112213134766,-41.3375244140625,0.0
597.9147865772247,-21.761106491088867,-41.33754348754883,0.0
598.3586676120758,-21.761106491088867,-41.33754348754883,0.0
598.5772705078125,-21.761106491088867,-41.33754348754883,0.0
598.787882566452,-21.761106491088867,-41.33754348754883,0.0
599.041508436203,-21.7611026763916,-41.337554931640625,0.0
599.2582566738129,-21.7611026763916,-41.337554931640625,0.0
599.4668056964874,-21.7611026763916,-41.337554931640625,0.0
599.687070608139,-21.7611026763916,-41.337554931640625,0.0
599.8970470428467,-21.7611026763916,-41.337554931640625,0.0
600.1071610450745,-21.76110076904297,-41.33756637573242,0.0
600.3172583580017,-21.76110076904297,-41.33756637573242,0.0
600.5270731449127,-21.76110076904297,-41.33757019042969,0.0
600.7388172149658,-21.761098861694336,-41.33757019042969,0.0
600.9573180675507,-21.761098861694336,-41.33757019042969,0.0
601.2861371040344,-21.761098861694336,-41.33757019042969,0.0
601.4928452968597,-21.761096954345703,-41.33757781982422,0.0
601.7028713226318,-21.761096954345703,-41.337581634521484,0.0
601.9128286838531,-21.761096954345703,-41.337581634521484,0.0
602.1239008903503,-21.76109504699707,-41.33758544921875,0.0
602.3328239917755,-21.76109504699707,-41.33758544921875,0.0
602.713559627533,-21.76109504699707,-41.33758544921875,0.0
602.9230818748474,-21.761093139648438,-41.33759307861328,0.0
603.1336801052094,-21.761093139648438,-41.33759689331055,0.0
603.3431611061096,-21.761093139648438,-41.33759689331055,0.0
603.5526700019836,-21.761093139648438,-41.33759689331055,0.0
603.7629115581512,-21.761093139648438,-41.33759689331055,0.0
603.9727444648743,-21.761093139648438,-41.33759689331055,0.0
604.1826701164246,-21.761093139648438,-41.33759689331055,0.0
604.3932220935822,-21.761093139648438,-41.33759689331055,0.0
604.6017444133759,-21.761093139648438,-41.33759689331055,0.0
604.8126602172852,-21.761093139648438,-41.33759689331055,0.0
605.0228345394135,-21.761093139648438,-41.33759689331055,0.0
605.2317569255829,-21.761085510253906,-41.33761978149414,0.0
605.4418992996216,-21.761085510253906,-41.337623596191406,0.0
605.6517271995544,-21.761085510253906,-41.337623596191406,0.0
605.8617196083069,-21.761083602905273,-41.33762741088867,0.0
606.0720481872559,-21.761083602905273,-41.33762741088867,0.0
606.2817182540894,-21.761083602905273,-41.33762741088867,0.0
606.4918529987335,-21.761083602905273,-41.33762741088867,0.0
606.7016875743866,-21.761083602905273,-41.33762741088867,0.0
606.9118814468384,-21.761083602905273,-41.33762741088867,0.0
607.1220228672028,-21.761083602905273,-41.33762741088867,0.0
607.3320546150208,-21.761083602905273,-41.33762741088867,0.0
607.5421335697174,-21.761077880859375,-41.337646484375,0.0
607.7521803379059,-21.761077880859375,-41.337650299072266,0.0
608.0862467288971,-21.761075973510742,-41.337650299072266,0.0
608.3702962398529,-21.76107406616211,-41.3376579284668,0.0
608.5821049213409,-21.76107406616211,-41.3376579284668,0.0
608.7909252643585,-21.76107406616211,-41.3376579284668,0.0
609.0014145374298,-21.76107406616211,-41.3376579284668,0.0
609.3413419723511,-21.761072158813477,-41.337669372558594,0.0
609.5759239196777,-21.761072158813477,-41.33767318725586,0.0
609.7941927909851,-21.761072158813477,-41.33767318725586,0.0
610.0044987201691,-21.761072158813477,-41.33767318725586,0.0
610.2142915725708,-21.761070251464844,-41.337677001953125,0.0
610.4243068695068,-21.761070251464844,-41.33768081665039,0.0
610.8423006534576,-21.76106834411621,-41.33768081665039,0.0
611.2202548980713,-21.761066436767578,-41.33769226074219,0.0
611.5191671848297,-21.761066436767578,-41.33769226074219,0.0
611.7311356067657,-21.761066436767578,-41.33769607543945,0.0
612.0624086856842,-21.761066436767578,-41.33769607543945,0.0
612.522304058075,-21.761066436767578,-41.33769607543945,0.0
612.7333731651306,-21.761062622070312,-41.33770751953125,0.0
612.9434144496918,-21.761062622070312,-41.33770751953125,0.0
613.1589133739471,-21.761062622070312,-41.33770751953125,0.0
613.3870692253113,-21.761062622070312,-41.33770751953125,0.0
613.5663073062897,-21.761062622070312,-41.33770751953125,0.0
613.7833943367004,-21.761062622070312,-41.33770751953125,0.0
614.1306719779968,-21.761062622070312,-41.33770751953125,0.0
614.3398866653442,-21.761062622070312,-41.33772277832031,0.0
614.5870418548584,-21.761062622070312,-41.33772277832031,0.0
614.8032681941986,-21.761062622070312,-41.33772277832031,0.0
615.0132644176483,-21.761064529418945,-41.337730407714844,0.0
615.223530292511,-21.761064529418945,-41.33773422241211,0.0
615.4536056518555,-21.761062622070312,-41.33773422241211,0.0
615.6623713970184,-21.761062622070312,-41.33773422241211,0.0
616.0098822116852,-21.761062622070312,-41.33773422241211,0.0
616.2190501689911,-21.761064529418945,-41.337745666503906,0.0
616.5328903198242,-21.761066436767578,-41.337745666503906,0.0
616.8482389450073,-21.76106834411621,-41.33774948120117,0.0
617.1563460826874,-21.76106834411621,-41.33774948120117,0.0
617.4932448863983,-21.76106834411621,-41.33774948120117,0.0
617.7090873718262,-21.76106834411621,-41.33774948120117,0.0
617.9190773963928,-21.761077880859375,-41.33776092529297,0.0
618.1291823387146,-21.761079788208008,-41.33776092529297,0.0
618.3392305374146,-21.761083602905273,-41.33776092529297,0.0
618.6610505580902,-21.761085510253906,-41.337764739990234,0.0
618.9060406684875,-21.761085510253906,-41.337764739990234,0.0
619.1223390102386,-21.761085510253906,-41.337764739990234,0.0
619.3315424919128,-21.761093139648438,-41.3377685546875,0.0
619.5414736270905,-21.761096954345703,-41.337772369384766,0.0
619.7513427734375,-21.76110076904297,-41.337772369384766,0.0
619.9612891674042,-21.76110076904297,-41.337772369384766,0.0
620.189181804657,-21.76110076904297,-41.337772369384766,0.0
620.4013578891754,-21.76110076904297,-41.337772369384766,0.0
620.6891164779663,-21.76110076904297,-41.337772369384766,0.0
621.1993856430054,-21.76110076904297,-41.337772369384766,0.0
621.4078192710876,-21.76110076904297,-41.337772369384766,0.0
621.5804901123047,-21.76110076904297,-41.337772369384766,0.0
621.8125479221344,-21.76110076904297,-41.337772369384766,0.0
622.0312983989716,-21.761123657226562,-41.3377799987793,0.0
622.2403497695923,-21.761125564575195,-41.3377799987793,0.0
622.4510810375214,-21.761127471923828,-41.33778381347656,0.0
622.6606917381287,-21.761133193969727,-41.33778381347656,0.0
622.9162046909332,-21.761133193969727,-41.33778381347656,0.0
623.1270940303802,-21.761137008666992,-41.33778381347656,0.0
623.3370323181152,-21.761138916015625,-41.33778762817383,0.0
623.5473334789276,-21.761140823364258,-41.33778762817383,0.0
623.7571973800659,-21.761140823364258,-41.33778762817383,0.0
623.967193365097,-21.761140823364258,-41.33778762817383,0.0
624.1771385669708,-21.761140823364258,-41.33778762817383,0.0
624.3873736858368,-21.761140823364258,-41.33778762817383,0.0
624.5972747802734,-21.761140823364258,-41.33778762817383,0.0
624.8073124885559,-21.761140823364258,-41.33778762817383,0.0
625.0173983573914,-21.761140823364258,-41.33778762817383,0.0
625.2272737026215,-21.761159896850586,-41.33779525756836,0.0
625.4375619888306,-21.76116180419922,-41.33779525756836,0.0
625.6473472118378,-21.76116371154785,-41.33779525756836,0.0
625.8571591377258,-21.761165618896484,-41.33779525756836,0.0
626.0665664672852,-21.761165618896484,-41.33779525756836,0.0
626.276519536972,-21.761165618896484,-41.33779525756836,0.0
626.6165072917938,-21.761165618896484,-41.33779525756836,0.0
626.8532836437225,-21.76117706298828,-41.337799072265625,0.0
627.069516658783,-21.76117706298828,-41.337799072265625,0.0
627.281165599823,-21.76117706298828,-41.337799072265625,0.0
627.4964525699615,-21.76117706298828,-41.337799072265625,0.0
627.7066471576691,-21.761186599731445,-41.33780288696289,0.0
627.9179286956787,-21.761188507080078,-41.33780288696289,0.0
628.1266851425171,-21.76119041442871,-41.337806701660156,0.0
628.3368015289307,-21.76119041442871,-41.337806701660156,0.0
628.5497498512268,-21.76119041442871,-41.337806701660156,0.0
628.7599127292633,-21.76119041442871,-41.337806701660156,0.0
628.9687910079956,-21.76119041442871,-41.337806701660156,0.0
629.1788203716278,-21.76119041442871,-41.337806701660156,0.0
629.3890941143036,-21.76119041442871,-41.337806701660156,0.0
629.5907859802246,-21.761207580566406,-41.33781051635742,0.0
629.8089923858643,-21.761207580566406,-41.33781051635742,0.0
630.0190160274506,-21.761213302612305,-41.33781433105469,0.0
630.241765499115,-21.761215209960938,-41.33781433105469,0.0
630.4556908607483,-21.761215209960938,-41.33781433105469,0.0
630.6663272380829,-21.761215209960938,-41.33781433105469,0.0
630.8760132789612,-21.761215209960938,-41.33781433105469,0.0
631.0858156681061,-21.761215209960938,-41.33781433105469,0.0
631.2964284420013,-21.761226654052734,-41.33781433105469,0.0
631.5060679912567,-21.761228561401367,-41.33781433105469,0.0
631.7158744335175,-21.76123046875,-41.33781433105469,0.0
631.9262156486511,-21.76123046875,-41.33781433105469,0.0
632.135812997818,-21.76123046875,-41.33781433105469,0.0
632.3456165790558,-21.76123046875,-41.33781433105469,0.0
632.5548059940338,-21.76123046875,-41.33781433105469,0.0
632.765362739563,-21.76123046875,-41.33781433105469,0.0
632.9752206802368,-21.76123046875,-41.33781433105469,0.0
633.1866056919098,-21.76123046875,-41.33781433105469,0.0
633.3948276042938,-21.76123046875,-41.33781433105469,0.0
633.5950665473938,-21.761247634887695,-41.33781814575195,0.0
633.8060252666473,-21.761249542236328,-41.33781814575195,0.0
634.014967918396,-21.76125144958496,-41.33781814575195,0.0
634.3551933765411,-21.761253356933594,-41.33782196044922,0.0
634.6652209758759,-21.761253356933594,-41.33782196044922,0.0
634.9572103023529,-21.761253356933594,-41.33782196044922,0.0
635.165125131607,-21.761253356933594,-41.33782196044922,0.0
635.3751020431519,-21.761253356933594,-41.33782196044922,0.0
635.5191159248352,-21.761253356933594,-41.33782196044922,0.0
635.8352482318878,-21.761268615722656,-41.33781814575195,0.0
636.1383984088898,-21.761268615722656,-41.33781814575195,0.0
636.6226375102997,-21.761268615722656,-41.33781814575195,0.0
636.9682812690735,-21.761280059814453,-41.33781814575195,0.0
637.2086992263794,-21.761280059814453,-41.33781814575195,0.0
637.6495418548584,-21.761289596557617,-41.33781433105469,0.0
637.8676142692566,-21.761289596557617,-41.33781433105469,0.0
638.0776488780975,-21.761289596557617,-41.33781433105469,0.0
638.3316633701324,-21.761289596557617,-41.33781433105469,0.0
638.5445604324341,-21.76129913330078,-41.33781051635742,0.0
638.7546141147614,-21.76129913330078,-41.33781051635742,0.0
638.9644675254822,-21.76129913330078,-41.33781051635742,0.0
639.1753256320953,-21.76129913330078,-41.33781051635742,0.0
639.3833990097046,-21.76129913330078,-41.33781051635742,0.0
639.6169819831848,-21.76129913330078,-41.33781051635742,0.0
639.8268494606018,-21.76131248474121,-41.33780288696289,0.0
640.0372586250305,-21.761316299438477,-41.337799072265625,0.0
640.2469956874847,-21.761316299438477,-41.337799072265625,0.0
640.453690290451,-21.761316299438477,-41.337799072265625,0.0
640.6635999679565,-21.761316299438477,-41.337799072265625,0.0
640.8734591007233,-21.761316299438477,-41.337799072265625,0.0
641.0842328071594,-21.761316299438477,-41.337799072265625,0.0
641.2936494350433,-21.761316299438477,-41.337799072265625,0.0
641.5071096420288,-21.76132583618164,-41.33778762817383,0.0
641.7380874156952,-21.76132583618164,-41.33778762817383,0.0
641.9472196102142,-21.76132583618164,-41.33778762817383,0.0
642.234662771225,-21.76132583618164,-41.33778762817383,0.0
642.4449973106384,-21.76132583618164,-41.33778762817383,0.0
642.6539056301117,-21.76132583618164,-41.33778762817383,0.0
642.863716840744,-21.76132583618164,-41.33778762817383,0.0
643.3081262111664,-21.76132583618164,-41.33778762817383,0.0
643.6440026760101,-21.761333465576172,-41.3377685546875,0.0
643.9200530052185,-21.761333465576172,-41.337764739990234,0.0
644.1328966617584,-21.761335372924805,-41.33776092529297,0.0
644.3428103923798,-21.761335372924805,-41.33776092529297,0.0
644.6772582530975,-21.761335372924805,-41.33776092529297,0.0
644.9694364070892,-21.761335372924805,-41.33776092529297,0.0
645.1831424236298,-21.761335372924805,-41.33776092529297,0.0
645.3930585384369,-21.761335372924805,-41.33776092529297,0.0
645.5949721336365,-21.761335372924805,-41.33776092529297,0.0
645.8924608230591,-21.761335372924805,-41.33776092529297,0.0
646.1036996841431,-21.761343002319336,-41.33774185180664,0.0
646.4312460422516,-21.761343002319336,-41.337738037109375,0.0
646.6436080932617,-21.76134490966797,-41.33773422241211,0.0
646.8525085449219,-21.76134490966797,-41.33773422241211,0.0
647.062203168869,-21.76134490966797,-41.33773422241211,0.0
647.2721991539001,-21.76134490966797,-41.33773422241211,0.0
647.4822111129761,-21.76134490966797,-41.33773422241211,0.0
647.692275762558,-21.76134490966797,-41.33773422241211,0.0
647.9021639823914,-21.76134490966797,-41.33773422241211,0.0
648.1125063896179,-21.76134490966797,-41.33773422241211,0.0
648.3221628665924,-21.761350631713867,-41.33771896362305,0.0
648.5327377319336,-21.761350631713867,-41.33771514892578,0.0
648.7424466609955,-21.7613525390625,-41.337711334228516,0.0
648.9524636268616,-21.7613525390625,-41.337711334228516,0.0
649.1624686717987,-21.7613525390625,-41.337711334228516,0.0
649.3724422454834,-21.7613525390625,-41.337711334228516,0.0
649.585545539856,-21.7613525390625,-41.337711334228516,0.0
649.8513493537903,-21.7613525390625,-41.337711334228516,0.0
650.0615711212158,-21.7613525390625,-41.337711334228516,0.0
650.2718818187714,-21.7613525390625,-41.337711334228516,0.0
650.481377363205,-21.7613525390625,-41.337711334228516,0.0
650.6926267147064,-21.7613525390625,-41.337711334228516,0.0
650.901528596878,-21.7613525390625,-41.337711334228516,0.0
651.1115076541901,-21.7613525390625,-41.337711334228516,0.0
651.3213844299316,-21.761362075805664,-41.337684631347656,0.0
651.531619310379,-21.761362075805664,-41.33768081665039,0.0
651.7416088581085,-21.761363983154297,-41.33768081665039,0.0
651.9518327713013,-21.761363983154297,-41.33768081665039,0.0
652.1618173122406,-21.761363983154297,-41.33768081665039,0.0
652.3717629909515,-21.761363983154297,-41.33768081665039,0.0
652.6192922592163,-21.761363983154297,-41.33768081665039,0.0
652.8305768966675,-21.761367797851562,-41.337669372558594,0.0
653.041877746582,-21.761367797851562,-41.33766555786133,0.0
653.250833272934,-21.761367797851562,-41.33766555786133,0.0
653.4641599655151,-21.761367797851562,-41.33766555786133,0.0
653.6751194000244,-21.761367797851562,-41.33766555786133,0.0
653.8969185352325,-21.761367797851562,-41.33766555786133,0.0
654.1152033805847,-21.761371612548828,-41.337650299072266,0.0
654.3243970870972,-21.761371612548828,-41.337650299072266,0.0
654.5341112613678,-21.761371612548828,-41.337650299072266,0.0
654.7441818714142,-21.76137351989746,-41.337646484375,0.0
654.9540846347809,-21.76137351989746,-41.337646484375,0.0
655.1643450260162,-21.76137351989746,-41.337646484375,0.0
655.3745653629303,-21.76137351989746,-41.337646484375,0.0
655.4938986301422,-21.76137351989746,-41.337646484375,0.0
655.7664082050323,-21.76137351989746,-41.337646484375,0.0
655.9807431697845,-21.76137351989746,-41.337646484375,0.0
656.1908187866211,-21.76137351989746,-41.337646484375,0.0
656.4491498470306,-21.76137924194336,-41.337623596191406,0.0
656.6599290370941,-21.76137924194336,-41.337623596191406,0.0
656.8702414035797,-21.76137924194336,-41.337623596191406,0.0
657.0806167125702,-21.76137924194336,-41.337623596191406,0.0
657.2909276485443,-21.76137924194336,-41.337623596191406,0.0
657.500191450119,-21.76137924194336,-41.33761215209961,0.0
657.7100594043732,-21.76137924194336,-41.33761215209961,0.0
657.9202916622162,-21.76137924194336,-41.33760452270508,0.0
658.1301217079163,-21.76137924194336,-41.33760452270508,0.0
658.3402066230774,-21.76137924194336,-41.33760452270508,0.0
658.5534138679504,-21.76137924194336,-41.33760452270508,0.0
658.7734260559082,-21.76137924194336,-41.33760452270508,0.0
658.9833605289459,-21.76137924194336,-41.33760452270508,0.0
659.1926300525665,-21.76137924194336,-41.33760452270508,0.0
659.4073312282562,-21.76137924194336,-41.33758544921875,0.0
659.6225106716156,-21.76137924194336,-41.33758544921875,0.0
659.8326547145844,-21.76137924194336,-41.337581634521484,0.0
660.0425252914429,-21.76137924194336,-41.337581634521484,0.0
660.2525291442871,-21.76137924194336,-41.337581634521484,0.0
660.599869966507,-21.76137924194336,-41.337581634521484,0.0
660.8098013401031,-21.76137924194336,-41.33757019042969,0.0
661.0195188522339,-21.76137924194336,-41.33757019042969,0.0
661.2296879291534,-21.76137924194336,-41.33757019042969,0.0
661.4428520202637,-21.76137924194336,-41.33757019042969,0.0
661.6529734134674,-21.76137924194336,-41.33757019042969,0.0
661.8626298904419,-21.76137924194336,-41.33757019042969,0.0
662.0725991725922,-21.76137924194336,-41.33757019042969,0.0
662.2825765609741,-21.76137924194336,-41.33757019042969,0.0
662.4895465373993,-21.76137924194336,-41.33755111694336,0.0
662.6994771957397,-21.76137924194336,-41.33755111694336,0.0
662.9087545871735,-21.761377334594727,-41.33754348754883,0.0
663.1185488700867,-21.761377334594727,-41.33754348754883,0.0
663.3287043571472,-21.761377334594727,-41.33753967285156,0.0
663.5423018932343,-21.761377334594727,-41.33753967285156,0.0
663.7707314491272,-21.761377334594727,-41.33753204345703,0.0
663.982054233551,-21.761377334594727,-41.33753204345703,0.0
664.3106639385223,-21.761377334594727,-41.33753204345703,0.0
664.5218069553375,-21.76137924194336,-41.3375244140625,0.0
664.7444608211517,-21.76137924194336,-41.337520599365234,0.0
664.9621953964233,-21.76137924194336,-41.337520599365234,0.0
665.171927690506,-21.76137924194336,-41.337520599365234,0.0
665.3811221122742,-21.76137924194336,-41.337520599365234,0.0
665.5538814067841,-21.76137924194336,-41.337520599365234,0.0
665.7676901817322,-21.76137924194336,-41.337520599365234,0.0
665.9777364730835,-21.76137924194336,-41.337520599365234,0.0
666.1886522769928,-21.76137924194336,-41.337520599365234,0.0
666.471873998642,-21.76138687133789,-41.33749771118164,0.0
666.8371734619141,-21.76138687133789,-41.33749771118164,0.0
667.0512118339539,-21.76138687133789,-41.33749771118164,0.0
667.2610793113708,-21.76138687133789,-41.33749771118164,0.0
667.4715914726257,-21.76138687133789,-41.33749771118164,0.0
667.8333387374878,-21.76138687133789,-41.33749771118164,0.0
668.0479090213776,-21.76138687133789,-41.33749771118164,0.0
668.2580146789551,-21.76138687133789,-41.33749771118164,0.0
668.5390577316284,-21.76138687133789,-41.33749771118164,0.0
668.7479102611542,-21.76138687133789,-41.33749771118164,0.0
668.9570236206055,-21.76138687133789,-41.33749771118164,0.0
669.1669607162476,-21.76138687133789,-41.33749771118164,0.0
669.3767580986023,-21.76138687133789,-41.33749771118164,0.0
669.6883351802826,-21.76140022277832,-41.33745574951172,0.0
670.0210993289948,-21.76140022277832,-41.33745574951172,0.0
670.2659018039703,-21.76140022277832,-41.33745574951172,0.0
670.4772953987122,-21.76140022277832,-41.33745574951172,0.0
670.6871793270111,-21.76140022277832,-41.33745574951172,0.0
670.8972899913788,-21.76140022277832,-41.33745574951172,0.0
671.107207775116,-21.76140022277832,-41.33745574951172,0.0
671.3171901702881,-21.76140594482422,-41.33743667602539,0.0
671.597000837326,-21.76140594482422,-41.337432861328125,0.0
671.8061406612396,-21.76140785217285,-41.33742904663086,0.0
672.0163581371307,-21.76140785217285,-41.33742904663086,0.0
672.2262823581696,-21.761409759521484,-41.337425231933594,0.0
672.4394102096558,-21.761409759521484,-41.337425231933594,0.0
672.6495230197906,-21.761409759521484,-41.337425231933594,0.0
672.8594431877136,-21.761409759521484,-41.337425231933594,0.0
673.0693881511688,-21.761409759521484,-41.337425231933594,0.0
673.2812986373901,-21.761409759521484,-41.337425231933594,0.0
673.4961993694305,-21.76141357421875,-41.33740997314453,0.0
673.7065205574036,-21.76141357421875,-41.33740997314453,0.0
673.9162714481354,-21.76141357421875,-41.33740997314453,0.0
674.1262974739075,-21.761415481567383,-41.337406158447266,0.0
674.3363440036774,-21.761417388916016,-41.33740234375,0.0
674.5514001846313,-21.761417388916016,-41.33740234375,0.0
674.7913198471069,-21.761417388916016,-41.33740234375,0.0
675.0097024440765,-21.761417388916016,-41.33740234375,0.0
675.2186276912689,-21.76141929626465,-41.33738708496094,0.0
675.4926147460938,-21.76141929626465,-41.33738708496094,0.0
675.705659866333,-21.76141929626465,-41.33738708496094,0.0
675.9156808853149,-21.76142120361328,-41.33738327026367,0.0
676.1264350414276,-21.76142120361328,-41.337379455566406,0.0
676.3354890346527,-21.761423110961914,-41.337379455566406,0.0
676.7796230316162,-21.761423110961914,-41.337371826171875,0.0
676.9886076450348,-21.761423110961914,-41.337371826171875,0.0
677.2231118679047,-21.761423110961914,-41.337371826171875,0.0
677.4715435504913,-21.761425018310547,-41.337364196777344,0.0
677.6854918003082,-21.761425018310547,-41.337364196777344,0.0
677.9048674106598,-21.761425018310547,-41.337364196777344,0.0
678.1129744052887,-21.76142692565918,-41.33735656738281,0.0
678.3181426525116,-21.76142692565918,-41.33735275268555,0.0
678.5281343460083,-21.76142692565918,-41.33735275268555,0.0
678.7383909225464,-21.761428833007812,-41.33734893798828,0.0
678.9480986595154,-21.761428833007812,-41.33734893798828,0.0
679.158383846283,-21.761428833007812,-41.33734893798828,0.0
679.3678305149078,-21.761428833007812,-41.33734893798828,0.0
679.5746991634369,-21.761428833007812,-41.33734893798828,0.0
679.7849173545837,-21.761428833007812,-41.33734893798828,0.0
679.9948265552521,-21.761428833007812,-41.33734893798828,0.0
680.315721988678,-21.761428833007812,-41.33734893798828,0.0
680.527836561203,-21.761430740356445,-41.33732986450195,0.0
680.738020658493,-21.761432647705078,-41.33732986450195,0.0
680.9482414722443,-21.761432647705078,-41.33732604980469,0.0
681.1581919193268,-21.761432647705078,-41.33732604980469,0.0
681.3769624233246,-21.761432647705078,-41.33732604980469,0.0
681.5058164596558,-21.761432647705078,-41.33732604980469,0.0
681.8331353664398,-21.76143455505371,-41.33731460571289,0.0
682.1093287467957,-21.76143455505371,-41.33731460571289,0.0
682.3238089084625,-21.76143455505371,-41.337310791015625,0.0
682.5340597629547,-21.76143455505371,-41.337310791015625,0.0
682.7439932823181,-21.76143455505371,-41.337310791015625,0.0
682.9540252685547,-21.76143455505371,-41.337310791015625,0.0
683.1641275882721,-21.76143455505371,-41.337310791015625,0.0
683.4970183372498,-21.76143455505371,-41.337310791015625,0.0
683.7145359516144,-21.761436462402344,-41.3372917175293,0.0
683.946329832077,-21.761436462402344,-41.33728790283203,0.0
684.156417131424,-21.761436462402344,-41.33728790283203,0.0
684.6451909542084,-21.761436462402344,-41.33728790283203,0.0
684.8563778400421,-21.761436462402344,-41.33728790283203,0.0
685.066385269165,-21.761436462402344,-41.33728790283203,0.0
685.3618595600128,-21.761436462402344,-41.33728790283203,0.0
685.5733470916748,-21.761436462402344,-41.33728790283203,0.0
685.7831420898438,-21.761436462402344,-41.33728790283203,0.0
685.9923369884491,-21.761436462402344,-41.33728790283203,0.0
686.2022154331207,-21.761436462402344,-41.33728790283203,0.0
686.4128487110138,-21.761438369750977,-41.33726119995117,0.0
686.6223440170288,-21.761438369750977,-41.337257385253906,0.0
686.8323533535004,-21.761438369750977,-41.337257385253906,0.0
687.0423152446747,-21.761438369750977,-41.33725357055664,0.0
687.2523682117462,-21.761438369750977,-41.33725357055664,0.0
687.4622507095337,-21.761438369750977,-41.33725357055664,0.0
687.6721532344818,-21.761438369750977,-41.33725357055664,0.0
687.8821589946747,-21.761438369750977,-41.33725357055664,0.0
688.092134475708,-21.761438369750977,-41.33725357055664,0.0
688.3022599220276,-21.761438369750977,-41.33725357055664,0.0
688.5121698379517,-21.761438369750977,-41.33725357055664,0.0
688.7214982509613,-21.761442184448242,-41.33723449707031,0.0
688.9320166110992,-21.761442184448242,-41.33723449707031,0.0
689.1415133476257,-21.761442184448242,-41.33723068237305,0.0
689.3514811992645,-21.761444091796875,-41.33723068237305,0.0
689.5647451877594,-21.761444091796875,-41.33723068237305,0.0
689.8006527423859,-21.761444091796875,-41.33723068237305,0.0
690.0150201320648,-21.761444091796875,-41.33723068237305,0.0
690.2247061729431,-21.76144790649414,-41.33721923828125,0.0
690.4346296787262,-21.76144790649414,-41.33721923828125,0.0
690.6445460319519,-21.76144790649414,-41.337215423583984,0.0
690.8546724319458,-21.761449813842773,-41.33721160888672,0.0
691.0775151252747,-21.761449813842773,-41.33721160888672,0.0
691.2946701049805,-21.761449813842773,-41.33721160888672,0.0
691.5037026405334,-21.761449813842773,-41.33721160888672,0.0
691.7178411483765,-21.761449813842773,-41.33721160888672,0.0
691.9337630271912,-21.76145362854004,-41.33720016479492,0.0
692.1438286304474,-21.76145362854004,-41.337196350097656,0.0
692.3548984527588,-21.761455535888672,-41.337196350097656,0.0
692.5636842250824,-21.761455535888672,-41.337196350097656,0.0
692.7766487598419,-21.761455535888672,-41.337196350097656,0.0
692.9940190315247,-21.761455535888672,-41.337196350097656,0.0
693.3407897949219,-21.761455535888672,-41.337196350097656,0.0
693.620680809021,-21.761459350585938,-41.337181091308594,0.0
693.9236454963684,-21.761459350585938,-41.337181091308594,0.0
694.1858985424042,-21.761459350585938,-41.337181091308594,0.0
694.4219233989716,-21.761463165283203,-41.3371696472168,0.0
694.6307992935181,-21.761465072631836,-41.33716583251953,0.0
694.969221830368,-21.761465072631836,-41.33716583251953,0.0
695.2363128662109,-21.761465072631836,-41.33716583251953,0.0
695.5099947452545,-21.7614688873291,-41.337154388427734,0.0
695.7197949886322,-21.7614688873291,-41.337154388427734,0.0
695.92982172966,-21.7614688873291,-41.337154388427734,0.0
696.1397676467896,-21.761470794677734,-41.33715057373047,0.0
696.3506152629852,-21.761470794677734,-41.3371467590332,0.0
696.6601526737213,-21.761472702026367,-41.33714294433594,0.0
696.873069524765,-21.761472702026367,-41.33714294433594,0.0
697.0835294723511,-21.761472702026367,-41.33714294433594,0.0
697.2932252883911,-21.761474609375,-41.337135314941406,0.0
697.503490447998,-21.761474609375,-41.33713150024414,0.0
697.7091763019562,-21.761474609375,-41.33713150024414,0.0
697.9235324859619,-21.761474609375,-41.33713150024414,0.0
698.1325163841248,-21.761478424072266,-41.33712387084961,0.0
698.3421683311462,-21.761478424072266,-41.337120056152344,0.0
698.5492036342621,-21.761478424072266,-41.337120056152344,0.0
698.760204076767,-21.761478424072266,-41.337120056152344,0.0
698.9692964553833,-21.761478424072266,-41.337120056152344,0.0
699.1796960830688,-21.761478424072266,-41.337120056152344,0.0
699.3895137310028,-21.761478424072266,-41.337120056152344,0.0
699.6027953624725,-21.761478424072266,-41.337120056152344,0.0
699.8196053504944,-21.761478424072266,-41.337120056152344,0.0
700.2004766464233,-21.76148223876953,-41.33710479736328,0.0
700.4098408222198,-21.761484146118164,-41.337100982666016,0.0
700.6229801177979,-21.761484146118164,-41.337100982666016,0.0
700.8327429294586,-21.761484146118164,-41.337100982666016,0.0
701.0425584316254,-21.761484146118164,-41.337100982666016,0.0
701.2516334056854,-21.761484146118164,-41.337100982666016,0.0
701.4585688114166,-21.761484146118164,-41.337100982666016,0.0
701.6681997776031,-21.761484146118164,-41.337100982666016,0.0
701.8783795833588,-21.761484146118164,-41.337100982666016,0.0
702.0887389183044,-21.761484146118164,-41.337100982666016,0.0
702.2983150482178,-21.761484146118164,-41.337100982666016,0.0
702.607723236084,-21.761491775512695,-41.33708190917969,0.0
703.0814461708069,-21.761493682861328,-41.337074279785156,0.0
703.2920022010803,-21.761493682861328,-41.337074279785156,0.0
703.5437417030334,-21.761493682861328,-41.337074279785156,0.0
703.7620584964752,-21.76149559020996,-41.337066650390625,0.0
703.9672076702118,-21.76149559020996,-41.337066650390625,0.0
704.1772515773773,-21.76149559020996,-41.337066650390625,0.0
704.3875977993011,-21.76149559020996,-41.337066650390625,0.0
704.5022337436676,-21.76149559020996,-41.337066650390625,0.0
704.720561504364,-21.76149559020996,-41.337066650390625,0.0
704.9309232234955,-21.761499404907227,-41.33705520629883,0.0
705.1408281326294,-21.761499404907227,-41.33705139160156,0.0
705.3509032726288,-21.761499404907227,-41.33705139160156,0.0
705.5573537349701,-21.761499404907227,-41.33705139160156,0.0
705.8978703022003,-21.761499404907227,-41.33705139160156,0.0
706.132574558258,-21.761499404907227,-41.33705139160156,0.0
706.3505661487579,-21.761503219604492,-41.3370361328125,0.0
706.5575196743011,-21.761503219604492,-41.3370361328125,0.0
706.767459154129,-21.761503219604492,-41.3370361328125,0.0
706.9765198230743,-21.761503219604492,-41.3370361328125,0.0