time,lin_x,lin_y,lin_z,ang_x,ang_y,ang_z
0.19979596138000488,0.011634830385446548,0.008331194519996643,1.399999976158142,0.0,-1.0,-1.0
0.4098799228668213,0.011257611215114594,0.008331194519996643,1.399999976158142,0.0,0.0,-1.0
0.6194930076599121,0.012137144804000854,0.009210728108882904,1.399999976158142,-1.0,-1.0,-1.0
0.8292877674102783,0.011634661816060543,0.009461970068514347,1.399999976158142,0.0,-1.0,0.0
1.0394654273986816,0.012011689133942127,0.009964673779904842,1.399999976158142,0.0,-1.0,0.0
1.2592031955718994,0.012801581993699074,0.010622917674481869,1.399999976158142,0.0,-1.0,-1.0
1.4896209239959717,0.01211380586028099,0.011035583913326263,1.399999976158142,0.0,0.0,0.0
1.699124813079834,0.01324478629976511,0.011161248199641705,1.399999976158142,-1.0,-1.0,0.0
1.9091095924377441,0.012993387877941132,0.010658451355993748,1.399999976158142,-1.0,0.0,0.0
2.119804859161377,0.2629542052745819,0.027230437844991684,1.399999976158142,3.0,13.0,1.0
2.3294215202331543,0.39802196621894836,0.008617745712399483,1.399999976158142,1.0,-2.0,1.0
2.5486207008361816,0.527251124382019,0.030462997034192085,1.399999976158142,-1.0,-4.0,3.0
2.758819818496704,0.6124406456947327,0.05722608417272568,1.399999976158142,-2.0,-2.0,2.0
2.969207525253296,0.7092188596725464,0.08864758908748627,1.399999976158142,-2.0,4.0,4.0
3.198368549346924,0.8173015117645264,0.1461266726255417,1.399999976158142,-4.0,0.0,3.0
3.4090259075164795,0.9084455370903015,0.19578446447849274,1.399999976158142,0.0,8.0,4.0
3.6187212467193604,0.855435848236084,0.15671807527542114,1.399999976158142,-12.0,-4.0,0.0
3.8287160396575928,0.9431968331336975,0.34204718470573425,1.399999976158142,-23.0,-14.0,1.0
4.138017416000366,0.9554320573806763,0.6846339106559753,1.399999976158142,-1.0,-3.0,43.0
4.428137540817261,1.038024663925171,0.6882777214050293,1.399999976158142,9.0,3.0,14.0
4.757909297943115,1.0502722263336182,1.116941213607788,1.399999976158142,-5.0,-5.0,53.0
4.907762765884399,1.098456859588623,1.1222352981567383,1.399999976158142,-5.0,-3.0,24.0
5.118009805679321,1.1477110385894775,1.0839126110076904,1.399999976158142,-3.0,3.0,8.0
5.328229188919067,1.1372820138931274,1.1865696907043457,1.399999976158142,11.0,-1.0,23.0
5.537703275680542,1.1815087795257568,1.2702486515045166,1.399999976158142,2.0,-8.0,40.0
5.747650384902954,1.2568855285644531,1.2941179275512695,1.399999976158142,4.0,7.0,8.0
5.937362194061279,1.287447452545166,1.3049111366271973,1.399999976158142,-4.0,3.0,7.0
6.14764404296875,1.3083263635635376,1.2908241748809814,1.399999976158142,6.0,-8.0,7.0
6.387542247772217,1.3439207077026367,1.3215386867523193,1.399999976158142,1.0,8.0,6.0
6.59725284576416,1.303096055984497,1.2593597173690796,1.399999976158142,1.0,-7.0,3.0
6.807342529296875,1.3758676052093506,1.2584799528121948,1.399999976158142,-5.0,2.0,6.0
7.017296075820923,1.3903241157531738,1.3383049964904785,1.399999976158142,-1.0,-6.0,4.0
7.227121591567993,1.3822884559631348,1.2160115242004395,1.399999976158142,-3.0,-1.0,-9.0
7.4372828006744385,1.399999976158142,1.2474361658096313,1.399999976158142,-5.0,0.0,3.0
7.656849384307861,1.399999976158142,1.2455934286117554,1.399999976158142,-2.0,-5.0,4.0
7.88686203956604,1.399999976158142,1.207327127456665,1.399999976158142,3.0,3.0,7.0
8.09670615196228,1.399999976158142,1.1853326559066772,1.399999976158142,2.0,-4.0,7.0
8.326504945755005,1.399999976158142,1.2091249227523804,1.399999976158142,1.0,5.0,3.0
8.536813259124756,1.3700684309005737,0.9847643971443176,1.399999976158142,-11.0,-2.0,-44.0
8.746656894683838,1.399999976158142,0.96403568983078,1.399999976158142,8.0,0.0,-18.0
8.956427812576294,1.399999976158142,0.9669260382652283,1.399999976158142,0.0,1.0,5.0
9.166469097137451,1.399999976158142,0.9562475681304932,1.399999976158142,1.0,-1.0,4.0
9.376491785049438,1.399999976158142,1.028641700744629,1.399999976158142,-6.0,-5.0,2.0
9.586601972579956,1.399999976158142,1.029897928237915,1.399999976158142,2.0,7.0,4.0
9.79615569114685,1.399999976158142,1.0518814325332642,1.399999976158142,0.0,-1.0,5.0
10.006276845932007,1.3869296312332153,0.9603894352912903,1.399999976158142,4.0,-6.0,7.0
10.316028594970703,1.399999976158142,0.9001354575157166,1.399999976158142,4.0,1.0,4.0
10.656142473220825,1.399999976158142,0.9265891909599304,1.399999976158142,2.0,2.0,4.0
10.865739583969116,1.399999976158142,0.8327544927597046,1.399999976158142,5.0,10.0,1.0
11.075624465942383,1.3592864274978638,0.6697746515274048,1.399999976158142,-17.0,-9.0,-31.0
11.316262006759644,1.3090031147003174,0.6160433888435364,1.399999976158142,7.0,-3.0,3.0
11.53577971458435,1.3855921030044556,0.6614440679550171,1.399999976158142,-3.0,11.0,1.0
11.745546817779541,1.2102351188659668,0.5310890674591064,1.399999976158142,-5.0,-12.0,-21.0
11.955379009246826,1.3552448749542236,0.5572033524513245,1.399999976158142,-1.0,3.0,7.0
12.165180921554565,1.3308712244033813,0.5793155431747437,1.399999976158142,11.0,-2.0,1.0
12.375467300415039,1.399999976158142,0.5413278341293335,1.399999976158142,4.0,13.0,3.0
12.595231294631958,1.3419690132141113,0.42802926898002625,1.399999976158142,7.0,-8.0,3.0
12.825273036956787,1.399999976158142,0.36888590455055237,1.399999976158142,3.0,4.0,2.0
13.035316705703735,1.3889400959014893,0.3558151125907898,1.399999976158142,1.0,-3.0,4.0
13.245119094848633,1.399999976158142,0.3901287019252777,1.399999976158142,1.0,1.0,4.0
13.464766263961792,1.3919683694839478,0.3826237618923187,1.399999976158142,3.0,3.0,3.0
13.6747727394104,1.399999976158142,0.3999529778957367,1.399999976158142,-6.0,-5.0,-1.0
13.975123405456543,1.399999976158142,0.2379836142063141,1.399999976158142,-5.0,6.0,-12.0
14.314879894256592,1.399999976158142,0.2328980714082718,1.399999976158142,4.0,7.0,3.0
14.524477243423462,1.399999976158142,0.23478156328201294,1.399999976158142,4.0,-9.0,2.0
14.8345627784729,1.399999976158142,0.19098369777202606,1.399999976158142,-6.0,-5.0,0.0
15.124437808990479,1.399999976158142,0.1665172427892685,1.399999976158142,4.0,4.0,2.0
15.334152460098267,1.3839223384857178,0.15445896983146667,1.399999976158142,5.0,-5.0,0.0
15.544344902038574,1.399999976158142,0.19929960370063782,1.399999976158142,7.0,-2.0,3.0
15.754039525985718,1.399999976158142,0.15105295181274414,1.399999976158142,7.0,5.0,4.0
15.964065790176392,1.3488496541976929,0.04950638860464096,1.399999976158142,1.0,-2.0,5.0
16.333832025527954,1.300808310508728,0.608955979347229,1.399999976158142,8.0,-5.0,66.0
16.544328451156616,1.2195783853530884,0.8889853358268738,1.399999976158142,4.0,2.0,61.0
16.75392508506775,1.243831753730774,1.027468204498291,1.399999976158142,-3.0,-4.0,27.0
16.963833332061768,1.3012601137161255,1.054360270500183,1.399999976158142,1.0,3.0,2.0
17.173835039138794,1.2947298288345337,1.038788080215454,1.399999976158142,4.0,-7.0,-1.0
17.38372230529785,1.2998805046081543,1.2827540636062622,1.399999976158142,21.0,-4.0,41.0
17.65378737449646,1.3053759336471558,1.2620654106140137,1.399999976158142,0.0,0.0,7.0
17.86323833465576,1.3352521657943726,1.27750563621521,1.399999976158142,-3.0,-4.0,1.0
18.073443174362183,1.3879108428955078,1.2771285772323608,1.399999976158142,2.0,-2.0,-13.0
18.283167362213135,1.399999976158142,1.292968511581421,1.399999976158142,-1.0,7.0,-5.0
18.493300199508667,1.399999976158142,1.3148280382156372,1.399999976158142,0.0,0.0,10.0
18.703359127044678,1.399999976158142,1.2914459705352783,1.399999976158142,9.0,-1.0,0.0
18.91341757774353,1.399999976158142,1.3786143064498901,1.399999976158142,-9.0,-5.0,18.0
19.12299609184265,1.399999976158142,1.3529682159423828,1.399999976158142,-2.0,5.0,1.0
19.333513975143433,1.399999976158142,1.349449872970581,1.399999976158142,-1.0,1.0,1.0
19.54307532310486,1.399999976158142,1.3760874271392822,1.399999976158142,-7.0,2.0,1.0
19.75303316116333,1.399999976158142,1.3205657005310059,1.399999976158142,-4.0,6.0,2.0
19.962772846221924,1.399999976158142,1.3043627738952637,1.399999976158142,-5.0,-8.0,-2.0
20.172974824905396,1.399999976158142,1.390204668045044,1.399999976158142,2.0,-1.0,4.0
20.382633924484253,1.399999976158142,1.307261347770691,1.399999976158142,-6.0,-3.0,-1.0
20.592740535736084,1.399999976158142,1.27800452709198,1.399999976158142,-1.0,-5.0,1.0
20.80260944366455,1.399999976158142,1.3235307931900024,1.399999976158142,-5.0,-3.0,0.0
21.01526689529419,1.399999976158142,1.3267979621887207,1.399999976158142,0.0,-3.0,1.0
21.22265625,1.399999976158142,1.3393638134002686,1.399999976158142,-4.0,-1.0,-1.0
21.432305812835693,1.399999976158142,1.3252906799316406,1.399999976158142,-4.0,6.0,-3.0
21.64255166053772,1.399999976158142,1.399999976158142,1.399999976158142,-12.0,-2.0,-2.0
21.972280502319336,1.399999976158142,1.399999976158142,1.399999976158142,-1.0,-1.0,44.0
22.211915969848633,1.399999976158142,1.399999976158142,1.399999976158142,4.0,0.0,43.0
22.421950340270996,1.399999976158142,1.356172800064087,1.399999976158142,2.0,0.0,1.0
22.631911754608154,1.399999976158142,1.399999976158142,1.399999976158142,11.0,-5.0,39.0
22.84166169166565,1.399999976158142,1.399999976158142,1.399999976158142,3.0,0.0,28.0
23.0620436668396,1.399999976158142,1.399999976158142,1.399999976158142,1.0,1.0,1.0
23.292728662490845,1.399999976158142,1.399999976158142,1.399999976158142,-1.0,0.0,30.0
23.501821994781494,1.399999976158142,1.3834112882614136,1.399999976158142,-8.0,-3.0,3.0
23.731798887252808,1.399999976158142,1.3864374160766602,1.399999976158142,4.0,-5.0,-1.0
23.94225549697876,1.399999976158142,1.376510500907898,1.399999976158142,1.0,-3.0,-1.0
24.151856184005737,1.399999976158142,1.3434566259384155,1.399999976158142,5.0,4.0,0.0
24.361445426940918,1.399999976158142,1.3621830940246582,1.399999976158142,-3.0,4.0,1.0
24.571332216262817,1.399999976158142,1.399999976158142,1.399999976158142,-10.0,-7.0,24.0
24.811418294906616,1.399999976158142,1.399999976158142,1.399999976158142,-4.0,-6.0,-2.0
25.021103143692017,1.399999976158142,1.399999976158142,1.399999976158142,-14.0,17.0,0.0
25.231258869171143,1.399999976158142,1.399999976158142,1.399999976158142,-10.0,18.0,3.0
25.44092869758606,1.3314214944839478,1.399999976158142,1.399999976158142,0.0,-20.0,-1.0
25.65114426612854,1.3996596336364746,1.399999976158142,1.399999976158142,-10.0,-8.0,-5.0
25.861100912094116,1.399999976158142,1.399999976158142,1.399999976158142,4.0,3.0,2.0
26.071060180664062,1.399999976158142,1.399999976158142,1.399999976158142,1.0,9.0,10.0
26.280746459960938,1.399999976158142,1.399999976158142,1.399999976158142,-8.0,7.0,1.0
26.490803003311157,1.399999976158142,1.3825258016586304,1.399999976158142,4.0,-1.0,2.0
26.700688123703003,1.399999976158142,1.3918205499649048,1.399999976158142,-2.0,2.0,1.0
26.91075301170349,1.399999976158142,1.373213529586792,1.399999976158142,2.0,-4.0,-1.0
27.12067174911499,1.399999976158142,1.3302348852157593,1.399999976158142,15.0,9.0,1.0
27.33049201965332,1.399999976158142,1.3419116735458374,1.399999976158142,1.0,3.0,3.0
27.540481328964233,1.399999976158142,1.354222297668457,1.399999976158142,-13.0,14.0,0.0
27.750773906707764,1.399999976158142,1.3406423330307007,1.399999976158142,6.0,6.0,-5.0
27.990700483322144,1.399999976158142,1.399999976158142,1.399999976158142,3.0,-15.0,34.0
28.200660705566406,1.399999976158142,1.3646965026855469,1.399999976158142,3.0,-1.0,2.0
28.41064453125,1.399999976158142,1.399999976158142,1.399999976158142,-6.0,5.0,-3.0
28.619964122772217,1.399999976158142,1.3647944927215576,1.399999976158142,-1.0,6.0,3.0
28.830124616622925,1.399999976158142,1.399999976158142,1.399999976158142,-5.0,13.0,1.0
29.03998112678528,1.395851969718933,1.3269695043563843,1.399999976158142,4.0,-2.0,2.0
29.250147104263306,1.399999976158142,1.3120334148406982,1.399999976158142,6.0,-7.0,-2.0
29.459798097610474,1.399999976158142,1.3816587924957275,1.399999976158142,7.0,-9.0,-4.0
29.671845197677612,1.3781421184539795,1.1998872756958008,1.399999976158142,10.0,23.0,4.0
29.889787673950195,1.399999976158142,1.1399377584457397,1.399999976158142,-12.0,-5.0,3.0
30.099911212921143,1.3741103410720825,1.086273431777954,1.399999976158142,-2.0,-8.0,4.0
30.30947208404541,1.2830721139907837,1.0889103412628174,1.399999976158142,-9.0,-17.0,1.0
30.520105361938477,1.362638235092163,1.0704329013824463,1.399999976158142,7.0,-8.0,-1.0
30.72942614555359,1.399999976158142,1.0758330821990967,1.399999976158142,8.0,2.0,-1.0
30.939526796340942,1.399999976158142,1.0645204782485962,1.399999976158142,-6.0,2.0,-5.0
31.14967393875122,1.3256324529647827,1.0886396169662476,1.399999976158142,6.0,-13.0,-5.0
31.359490871429443,1.3848708868026733,1.0677615404129028,1.399999976158142,4.0,5.0,1.0
31.580161809921265,1.399999976158142,1.1029059886932373,1.399999976158142,-5.0,-1.0,0.0
31.839734077453613,1.399999976158142,1.0937288999557495,1.399999976158142,6.0,1.0,3.0
32.04913115501404,1.3997485637664795,1.1550710201263428,1.399999976158142,-1.0,3.0,-1.0
32.25918698310852,1.399999976158142,1.2398897409439087,1.399999976158142,-9.0,-11.0,1.0
32.47004437446594,1.399999976158142,1.251320719718933,1.399999976158142,5.0,-1.0,-1.0
32.67923188209534,1.399999976158142,1.1803209781646729,1.399999976158142,9.0,-4.0,4.0
33.069902420043945,1.399999976158142,1.2603342533111572,1.399999976158142,-2.0,-5.0,1.0
33.27872133255005,1.399999976158142,1.3512104749679565,1.399999976158142,-4.0,-12.0,-1.0
33.48840832710266,1.399999976158142,1.3763444423675537,1.399999976158142,1.0,-1.0,1.0
33.700186252593994,1.399999976158142,1.399999976158142,1.399999976158142,-5.0,-3.0,-1.0
33.918471813201904,1.399999976158142,1.399999976158142,1.399999976158142,-6.0,-3.0,-2.0
34.128629207611084,1.399999976158142,1.3988679647445679,1.399999976158142,-4.0,-2.0,4.0
34.338308811187744,1.399999976158142,1.399999976158142,1.399999976158142,-10.0,0.0,31.0
34.54866099357605,1.399999976158142,1.392335057258606,1.399999976158142,4.0,4.0,-3.0
34.75958824157715,1.3949753046035767,1.399999976158142,1.399999976158142,14.0,-6.0,48.0
35.04806065559387,1.399999976158142,1.399999976158142,1.399999976158142,-16.0,2.0,7.0
35.348124980926514,1.399999976158142,1.399999976158142,1.399999976158142,-10.0,-4.0,-2.0
35.67807459831238,1.396052598953247,1.399999976158142,1.399999976158142,-4.0,2.0,48.0
35.928447008132935,1.399999976158142,1.399999976158142,1.399999976158142,1.0,2.0,3.0
36.13796281814575,1.399999976158142,1.391324520111084,1.399999976158142,5.0,-2.0,2.0
36.347883462905884,1.399999976158142,1.399999976158142,1.399999976158142,8.0,4.0,38.0
36.55802536010742,1.399999976158142,1.372089147567749,1.399999976158142,1.0,1.0,-2.0
36.76797604560852,1.3917136192321777,1.3370606899261475,1.399999976158142,-1.0,-6.0,2.0
37.187763690948486,1.399999976158142,1.1005016565322876,1.399999976158142,-6.0,6.0,-19.0
37.44784164428711,1.399999976158142,1.0530729293823242,1.399999976158142,-1.0,-1.0,-26.0
37.657798528671265,1.399999976158142,1.0370994806289673,1.399999976158142,8.0,1.0,4.0
37.86735272407532,1.399999976158142,0.9882408976554871,1.399999976158142,-1.0,-6.0,2.0
38.0773766040802,1.399999976158142,0.9115936160087585,1.399999976158142,14.0,2.0,9.0
38.28717350959778,1.399999976158142,0.9470211863517761,1.399999976158142,0.0,-1.0,21.0
38.49735951423645,1.399999976158142,1.015305757522583,1.399999976158142,-9.0,4.0,2.0
38.70706629753113,1.399999976158142,0.9666842818260193,1.399999976158142,11.0,5.0,4.0
38.916776180267334,1.399999976158142,0.8513086438179016,1.399999976158142,12.0,5.0,4.0
39.12675905227661,1.399999976158142,0.7877227067947388,1.399999976158142,5.0,1.0,3.0
39.337088108062744,1.399999976158142,0.8005468845367432,1.399999976158142,-7.0,1.0,4.0
39.546703577041626,1.399999976158142,0.8291813135147095,1.399999976158142,-5.0,-4.0,3.0
39.757261753082275,1.399999976158142,0.8633946180343628,1.399999976158142,7.0,1.0,2.0
39.966896772384644,1.399999976158142,0.8687956929206848,1.399999976158142,1.0,-5.0,3.0
40.176600217819214,1.399999976158142,0.8944299221038818,1.399999976158142,-5.0,0.0,2.0
40.388028621673584,1.399999976158142,0.9864928126335144,1.399999976158142,-2.0,-1.0,12.0
40.59650707244873,1.399999976158142,0.9991962313652039,1.399999976158142,-3.0,-4.0,3.0
40.80636668205261,1.399999976158142,1.1392607688903809,1.399999976158142,0.0,-1.0,17.0
41.14649748802185,1.399999976158142,0.9775273203849792,1.399999976158142,7.0,23.0,2.0
41.416545152664185,1.399999976158142,1.1845288276672363,1.399999976158142,-4.0,-32.0,8.0
41.62619113922119,1.3544148206710815,1.399999976158142,1.399999976158142,0.0,1.0,58.0
41.83609056472778,1.3480048179626465,1.399999976158142,1.399999976158142,13.0,2.0,62.0
42.047324895858765,1.3787862062454224,1.399999976158142,1.399999976158142,9.0,-3.0,57.0
42.25645565986633,1.399999976158142,1.399999976158142,1.399999976158142,-2.0,2.0,16.0
42.466235637664795,1.399999976158142,1.3792824745178223,1.399999976158142,1.0,0.0,2.0
42.675851821899414,1.399999976158142,1.3943662643432617,1.399999976158142,1.0,5.0,0.0
42.88579487800598,1.3885716199874878,1.399999976158142,1.399999976158142,1.0,-4.0,1.0
43.09725332260132,1.3978745937347412,1.399999976158142,1.399999976158142,3.0,4.0,40.0
43.30573797225952,1.399999976158142,1.399999976158142,1.399999976158142,-7.0,5.0,1.0
43.51564931869507,1.399999976158142,1.399999976158142,1.399999976158142,-2.0,3.0,32.0
43.72590160369873,1.365806221961975,1.3186640739440918,1.399999976158142,3.0,-5.0,1.0
43.93566846847534,1.399999976158142,1.2620333433151245,1.399999976158142,0.0,6.0,0.0
44.445786476135254,1.3361942768096924,1.399999976158142,1.399999976158142,7.0,4.0,30.0
44.65555000305176,1.3596917390823364,1.2992247343063354,1.399999976158142,3.0,-4.0,0.0
44.865659952163696,1.3751413822174072,1.2730985879898071,1.399999976158142,-2.0,5.0,-1.0
45.07515525817871,1.3167402744293213,1.2087945938110352,1.399999976158142,-16.0,2.0,-23.0
45.28531885147095,1.368926763534546,1.1916924715042114,1.399999976158142,-2.0,-8.0,-3.0
45.49582576751709,1.3889100551605225,1.2047632932662964,1.399999976158142,-7.0,9.0,-3.0
45.70563745498657,1.399999976158142,1.2513710260391235,1.399999976158142,-4.0,-2.0,0.0
45.9153995513916,1.399999976158142,1.230269432067871,1.399999976158142,2.0,-6.0,2.0
46.1251585483551,1.399999976158142,1.1980888843536377,1.399999976158142,1.0,8.0,0.0
46.33485817909241,1.399999976158142,1.1997222900390625,1.399999976158142,1.0,-3.0,0.0
46.545063972473145,1.399999976158142,1.160645842552185,1.399999976158142,4.0,-2.0,2.0
46.75474548339844,1.3909507989883423,1.1505911350250244,1.399999976158142,-6.0,-1.0,-1.0
46.964842796325684,1.399999976158142,1.1838862895965576,1.399999976158142,1.0,1.0,-1.0
47.17467522621155,1.399999976158142,1.1035863161087036,1.399999976158142,10.0,-7.0,4.0
47.384615659713745,1.399999976158142,1.100447177886963,1.399999976158142,-6.0,8.0,1.0
47.70435953140259,1.399999976158142,0.9784619212150574,1.399999976158142,-6.0,4.0,-7.0
47.995649337768555,1.3609400987625122,0.8654487133026123,1.399999976158142,-7.0,-11.0,-10.0
48.20482635498047,1.399999976158142,0.928021252155304,1.399999976158142,-1.0,3.0,-2.0
48.414334774017334,1.399999976158142,0.8942261934280396,1.399999976158142,6.0,-2.0,4.0
48.62481236457825,1.399999976158142,0.8812775611877441,1.399999976158142,-4.0,0.0,3.0
48.83425855636597,1.3884413242340088,0.9033897519111633,1.399999976158142,-4.0,3.0,1.0
49.04407787322998,1.399999976158142,0.930387556552887,1.399999976158142,-5.0,-13.0,1.0
49.25415563583374,1.399999976158142,0.9965301752090454,1.399999976158142,-7.0,11.0,-3.0
49.46431303024292,1.3944700956344604,1.0221686363220215,1.399999976158142,-9.0,2.0,-1.0
49.67391777038574,1.399999976158142,1.0896250009536743,1.399999976158142,1.0,-6.0,-3.0
49.88381218910217,1.399999976158142,1.1053252220153809,1.399999976158142,-1.0,1.0,0.0
50.094125270843506,1.3455561399459839,1.106834053993225,1.399999976158142,-2.0,-1.0,2.0
50.30375695228577,1.3838841915130615,1.2694454193115234,1.399999976158142,-21.0,-11.0,-4.0
50.51373839378357,1.3926713466644287,1.2632943391799927,1.399999976158142,3.0,-2.0,2.0
50.72359347343445,1.399999976158142,1.2821462154388428,1.399999976158142,11.0,4.0,10.0
51.05380296707153,1.399999976158142,1.3591618537902832,1.399999976158142,-10.0,3.0,-2.0
51.35341167449951,1.399999976158142,1.2529276609420776,1.399999976158142,6.0,-1.0,3.0
51.56351971626282,1.399999976158142,1.1904090642929077,1.399999976158142,-1.0,4.0,3.0
51.77318716049194,1.399999976158142,1.2273229360580444,1.399999976158142,-6.0,-5.0,-1.0
51.9830641746521,1.399999976158142,1.1991835832595825,1.399999976158142,5.0,0.0,1.0
52.193061113357544,1.3898144960403442,1.1679983139038086,1.399999976158142,-14.0,-7.0,-9.0
52.403459310531616,1.399999976158142,1.2399474382400513,1.399999976158142,-4.0,8.0,-4.0
52.61281609535217,1.399748682975769,1.214059829711914,1.399999976158142,11.0,-7.0,4.0
52.82440948486328,1.399999976158142,1.1719608306884766,1.399999976158142,0.0,10.0,4.0
53.032883167266846,1.3925813436508179,1.111353874206543,1.399999976158142,8.0,1.0,3.0
53.37295126914978,1.399999976158142,1.0240819454193115,1.399999976158142,-5.0,0.0,6.0
53.58272361755371,1.399999976158142,0.9927916526794434,1.399999976158142,6.0,-5.0,2.0
53.822837591171265,1.3593873977661133,0.9241951704025269,1.399999976158142,5.0,1.0,3.0
54.03447771072388,1.3835402727127075,1.2101298570632935,1.399999976158142,-1.0,7.0,52.0
54.25257921218872,1.399999976158142,1.2335541248321533,1.399999976158142,-10.0,0.0,10.0
54.462825536727905,1.399999976158142,1.3120596408843994,1.399999976158142,-2.0,3.0,0.0
54.672523021698,1.3938418626785278,1.399999976158142,1.399999976158142,10.0,-3.0,38.0
54.88269352912903,1.399999976158142,1.399999976158142,1.399999976158142,-1.0,5.0,55.0
55.09276366233826,1.3987442255020142,1.399999976158142,1.399999976158142,1.0,-6.0,26.0
55.342965602874756,1.399999976158142,1.399999976158142,1.399999976158142,4.0,7.0,34.0
55.552053451538086,1.3966189622879028,1.316976547241211,1.399999976158142,4.0,-9.0,-3.0
55.7633159160614,1.399999976158142,1.3211249113082886,1.399999976158142,-12.0,-3.0,3.0
55.972580909729004,1.399999976158142,1.3041561841964722,1.399999976158142,12.0,3.0,10.0
56.18184494972229,1.399999976158142,1.273642897605896,1.399999976158142,-4.0,2.0,6.0
56.39179730415344,1.399999976158142,1.2889723777770996,1.399999976158142,2.0,6.0,3.0
56.602158308029175,1.399999976158142,1.2713840007781982,1.399999976158142,-6.0,9.0,0.0
56.842355489730835,1.399999976158142,1.251695990562439,1.399999976158142,17.0,-12.0,8.0
57.05195617675781,1.399999976158142,1.251444697380066,1.399999976158142,4.0,-3.0,-1.0
57.26197052001953,1.399999976158142,1.2049455642700195,1.399999976158142,8.0,-6.0,2.0
57.4714629650116,1.399999976158142,1.3800041675567627,1.399999976158142,0.0,-6.0,30.0
57.68158793449402,1.399999976158142,1.3382799625396729,1.399999976158142,-5.0,0.0,2.0
57.891316175460815,1.399999976158142,1.3838670253753662,1.399999976158142,-9.0,8.0,1.0
58.12147665023804,1.399999976158142,1.3674819469451904,1.399999976158142,-2.0,0.0,1.0
58.33133339881897,1.399999976158142,1.3502780199050903,1.399999976158142,-8.0,-4.0,-3.0
58.54121446609497,1.399999976158142,1.3497751951217651,1.399999976158142,1.0,0.0,-1.0
58.7611768245697,1.399999976158142,1.399999976158142,1.399999976158142,-6.0,0.0,0.0
58.99124026298523,1.399999976158142,1.399999976158142,1.399999976158142,-5.0,-5.0,-1.0
59.201406478881836,1.399999976158142,1.399999976158142,1.399999976158142,-7.0,-2.0,-2.0
59.50100302696228,1.399999976158142,1.286865234375,1.399999976158142,7.0,0.0,1.0
59.84091091156006,1.399999976158142,1.276896595954895,1.399999976158142,-6.0,1.0,0.0
60.051289796829224,1.399999976158142,1.2844326496124268,1.399999976158142,-3.0,-3.0,0.0
60.28077960014343,1.399999976158142,1.2173794507980347,1.399999976158142,4.0,-2.0,0.0
60.49054741859436,1.399999976158142,1.1849887371063232,1.399999976158142,-2.0,-2.0,2.0
60.700873136520386,1.399999976158142,1.1504223346710205,1.399999976158142,4.0,-1.0,4.0
60.921162843704224,1.399999976158142,1.1699073314666748,1.399999976158142,-1.0,6.0,1.0
61.13052439689636,1.399999976158142,1.3789201974868774,1.399999976158142,3.0,1.0,32.0
61.390604734420776,1.399999976158142,1.3236980438232422,1.399999976158142,3.0,-9.0,0.0
61.60069298744202,1.399999976158142,1.399999976158142,1.399999976158142,3.0,2.0,21.0
61.81043028831482,1.399999976158142,1.399999976158142,1.399999976158142,0.0,5.0,51.0
62.020466804504395,1.399999976158142,1.399999976158142,1.399999976158142,9.0,-6.0,50.0
62.23022818565369,1.399999976158142,1.3605725765228271,1.399999976158142,3.0,6.0,0.0
62.440712690353394,1.399999976158142,1.399999976158142,1.399999976158142,3.0,-5.0,24.0
62.66091704368591,1.399999976158142,1.3628792762756348,1.399999976158142,-4.0,-3.0,10.0
62.87022876739502,1.399999976158142,1.371431589126587,1.399999976158142,1.0,2.0,-1.0
63.219953298568726,1.399999976158142,1.346091866493225,1.399999976158142,3.0,-3.0,1.0
63.42965316772461,1.399999976158142,1.399999976158142,1.399999976158142,-6.0,3.0,-2.0
63.64003539085388,1.3785051107406616,1.399999976158142,1.399999976158142,-5.0,-2.0,0.0
63.84961175918579,1.399999976158142,1.399999976158142,1.399999976158142,1.0,-6.0,17.0
64.0598795413971,1.399999976158142,1.399999976158142,1.399999976158142,1.0,2.0,22.0
64.27019762992859,1.2627893686294556,1.399999976158142,1.399999976158142,-19.0,-22.0,-3.0
64.48062682151794,1.2534841299057007,1.2973912954330444,1.399999976158142,25.0,-13.0,1.0
64.69072985649109,1.3022091388702393,1.2811914682388306,1.399999976158142,6.0,-13.0,5.0
64.8995406627655,1.3249626159667969,1.399999976158142,1.399999976158142,-1.0,-9.0,40.0
65.10915660858154,1.3703157901763916,1.3986179828643799,1.399999976158142,-2.0,3.0,2.0
65.31951570510864,1.399999976158142,1.399999976158142,1.399999976158142,-5.0,0.0,0.0
65.52917385101318,1.399999976158142,1.3766047954559326,1.399999976158142,0.0,1.0,3.0
65.73892664909363,1.399999976158142,1.3762280941009521,1.399999976158142,4.0,-4.0,1.0
65.94896173477173,1.399999976158142,1.30797278881073,1.399999976158142,17.0,-9.0,-2.0
66.15913701057434,1.399999976158142,1.1740585565567017,1.399999976158142,-2.0,10.0,-6.0
66.36903190612793,1.399999976158142,1.143011212348938,1.399999976158142,-3.0,6.0,-3.0
66.5790343284607,1.399999976158142,1.128058671951294,1.399999976158142,-16.0,-4.0,3.0
66.78873443603516,1.399999976158142,1.1838464736938477,1.399999976158142,-7.0,3.0,-4.0
67.11923480033875,1.399999976158142,0.968695342540741,1.399999976158142,-12.0,3.0,-11.0
67.36843180656433,1.399999976158142,1.1770538091659546,1.399999976158142,-14.0,2.0,-1.0
67.57878184318542,1.399999976158142,1.211763620376587,1.399999976158142,6.0,-7.0,0.0
67.7887053489685,1.399999976158142,1.0636624097824097,1.399999976158142,4.0,-11.0,-1.0
67.99865460395813,1.399999976158142,1.028226375579834,1.399999976158142,1.0,1.0,1.0
68.20936608314514,1.399999976158142,0.9751813411712646,1.399999976158142,9.0,2.0,-2.0
68.4187548160553,1.399999976158142,1.0645917654037476,1.399999976158142,-6.0,13.0,1.0
68.66055393218994,1.399999976158142,0.9677148461341858,1.399999976158142,-15.0,-1.0,-3.0
68.87919664382935,1.399999976158142,1.2071188688278198,1.399999976158142,-14.0,14.0,-10.0
69.0898962020874,1.3780055046081543,1.1926653385162354,1.399999976158142,4.0,-2.0,2.0
69.30049586296082,1.399999976158142,1.1579961776733398,1.399999976158142,1.0,-5.0,-1.0
69.5082745552063,1.399999976158142,1.2561026811599731,1.399999976158142,-6.0,12.0,0.0
69.71810936927795,1.399999976158142,1.2793471813201904,1.399999976158142,-6.0,7.0,-2.0
69.95848345756531,1.399999976158142,1.3132264614105225,1.399999976158142,-6.0,2.0,-3.0
70.16803550720215,1.399999976158142,1.2924890518188477,1.399999976158142,-6.0,-2.0,0.0
70.3779067993164,1.399999976158142,1.275522232055664,1.399999976158142,-2.0,-8.0,-2.0
70.59866118431091,1.399999976158142,1.2606486082077026,1.399999976158142,5.0,0.0,2.0
70.80812788009644,1.3991200923919678,1.2505933046340942,1.399999976158142,0.0,5.0,-1.0
71.01758623123169,1.399999976158142,1.3511378765106201,1.399999976158142,-2.0,-10.0,-1.0
71.22745299339294,1.399999976158142,1.2336214780807495,1.399999976158142,12.0,-9.0,1.0
71.46766257286072,1.399999976158142,1.198729157447815,1.399999976158142,0.0,7.0,3.0
71.67749071121216,1.399999976158142,1.2426276206970215,1.399999976158142,1.0,2.0,0.0
71.88789939880371,1.399999976158142,1.2706366777420044,1.399999976158142,7.0,-15.0,-2.0
72.09726595878601,1.3490012884140015,1.2745306491851807,1.399999976158142,-6.0,-15.0,1.0
72.30751132965088,1.378799557685852,1.3298522233963013,1.399999976158142,0.0,-3.0,-3.0
72.5472502708435,1.399999976158142,1.399999976158142,1.399999976158142,-7.0,6.0,23.0
72.75749254226685,1.380507230758667,1.399999976158142,1.399999976158142,-2.0,-4.0,1.0
72.96746468544006,1.399999976158142,1.399999976158142,1.399999976158142,5.0,-6.0,4.0
73.17702746391296,1.399999976158142,1.399999976158142,1.399999976158142,3.0,2.0,52.0
73.3872458934784,1.399999976158142,1.399999976158142,1.399999976158142,-5.0,-11.0,34.0
73.62739586830139,1.399999976158142,1.399999976158142,1.399999976158142,3.0,-3.0,1.0
73.84857845306396,1.399999976158142,1.399999976158142,1.399999976158142,1.0,8.0,1.0
74.05684351921082,1.399999976158142,1.3251421451568604,1.399999976158142,-4.0,-5.0,1.0
74.26854181289673,1.399999976158142,1.2905572652816772,1.399999976158142,-4.0,-1.0,0.0
74.47806715965271,1.399999976158142,1.280631184577942,1.399999976158142,3.0,13.0,2.0
74.69696998596191,1.399999976158142,1.2940603494644165,1.399999976158142,-2.0,-2.0,0.0
74.9072802066803,1.3885698318481445,1.399999976158142,1.399999976158142,-3.0,-3.0,40.0
75.1169958114624,1.399999976158142,1.3316339254379272,1.399999976158142,10.0,-4.0,0.0
75.32690834999084,1.399999976158142,1.3460849523544312,1.399999976158142,-3.0,-5.0,-1.0
75.54618811607361,1.399999976158142,1.399999976158142,1.399999976158142,-14.0,1.0,-2.0
75.75630521774292,1.399999976158142,1.3915802240371704,1.399999976158142,-9.0,1.0,3.0
76.08946418762207,1.399999976158142,1.399999976158142,1.399999976158142,7.0,-9.0,37.0
76.29688692092896,1.399999976158142,1.380281686782837,1.399999976158142,-1.0,-3.0,13.0
76.58652019500732,1.399999976158142,1.305090069770813,1.399999976158142,2.0,1.0,3.0
77.05675220489502,1.399999976158142,1.3711740970611572,1.399999976158142,-10.0,1.0,-1.0
77.26644253730774,1.399999976158142,1.3319826126098633,1.399999976158142,3.0,-4.0,0.0
77.47612476348877,1.399999976158142,1.297681450843811,1.399999976158142,10.0,2.0,3.0
77.68633961677551,1.399999976158142,1.2944157123565674,1.399999976158142,-8.0,9.0,5.0
77.89566493034363,1.399999976158142,1.2996971607208252,1.399999976158142,4.0,-4.0,1.0
78.10584449768066,1.399999976158142,1.321053147315979,1.399999976158142,2.0,-8.0,29.0
78.31599307060242,1.399999976158142,1.3086161613464355,1.399999976158142,3.0,0.0,2.0
78.54550409317017,1.399999976158142,1.238132119178772,1.399999976158142,4.0,-7.0,2.0
78.75551295280457,1.399999976158142,1.272040843963623,1.399999976158142,-4.0,-3.0,3.0
79.08610820770264,1.399999976158142,1.2376593351364136,1.399999976158142,-6.0,13.0,3.0
79.29519009590149,1.3900800943374634,1.2610150575637817,1.399999976158142,0.0,-9.0,0.0
79.59577178955078,1.3491343259811401,1.2644271850585938,1.399999976158142,3.0,-11.0,1.0
79.91558790206909,1.399999976158142,1.2843390703201294,1.399999976158142,-6.0,4.0,-1.0
80.20504760742188,1.3250298500061035,1.399999976158142,1.399999976158142,-19.0,-47.0,2.0
80.41519784927368,1.3720207214355469,1.399999976158142,1.399999976158142,-1.0,1.0,20.0
80.62528848648071,1.3923780918121338,1.399999976158142,1.399999976158142,12.0,-6.0,13.0
80.83548045158386,1.3575712442398071,1.399999976158142,1.399999976158142,2.0,3.0,58.0
81.1753761768341,1.399999976158142,1.3892167806625366,1.399999976158142,-4.0,2.0,2.0
81.70473289489746,1.399999976158142,1.399999976158142,1.399999976158142,-1.0,1.0,19.0
81.9247739315033,1.399999976158142,1.393153190612793,1.399999976158142,2.0,-1.0,2.0
82.16448330879211,1.392100214958191,1.2921805381774902,1.399999976158142,3.0,-3.0,2.0
82.37435960769653,1.399999976158142,1.3790782690048218,1.399999976158142,-9.0,-5.0,0.0
82.58435416221619,1.399999976158142,1.399999976158142,1.399999976158142,-2.0,1.0,11.0
82.79447340965271,1.399999976158142,1.3767645359039307,1.399999976158142,-3.0,-4.0,3.0
83.03456926345825,1.399999976158142,1.3592453002929688,1.399999976158142,1.0,-2.0,-1.0
83.2550585269928,1.399999976158142,1.354749321937561,1.399999976158142,3.0,-2.0,2.0
83.47430610656738,1.399999976158142,1.399999976158142,1.399999976158142,3.0,8.0,8.0
83.68462777137756,1.3925867080688477,1.3111670017242432,1.399999976158142,1.0,-1.0,5.0
83.89392018318176,1.3767513036727905,1.3544002771377563,1.399999976158142,-4.0,-7.0,-2.0
84.1042582988739,1.399999976158142,1.3828177452087402,1.399999976158142,2.0,7.0,23.0
84.31438112258911,1.3810296058654785,1.3354547023773193,1.399999976158142,-1.0,-3.0,-1.0
84.52388525009155,1.3389480113983154,1.385324478149414,1.399999976158142,-5.0,-1.0,-2.0
84.73490691184998,1.346110463142395,1.353156566619873,1.399999976158142,3.0,-6.0,3.0
84.94453120231628,1.3701292276382446,1.399999976158142,1.399999976158142,1.0,8.0,32.0
85.15362811088562,1.3697526454925537,1.375518798828125,1.399999976158142,3.0,-4.0,1.0
85.36434197425842,1.399999976158142,1.3504977226257324,1.399999976158142,4.0,0.0,-1.0
85.57358002662659,1.3685942888259888,1.2773853540420532,1.399999976158142,3.0,6.0,-2.0
85.78431487083435,1.3711060285568237,1.2797715663909912,1.399999976158142,-3.0,-9.0,1.0
85.9938452243805,1.399999976158142,1.2570061683654785,1.399999976158142,1.0,0.0,2.0
86.20343446731567,1.399999976158142,1.2744560241699219,1.399999976158142,-3.0,8.0,1.0
86.4132308959961,1.382784366607666,1.3351504802703857,1.399999976158142,-3.0,-11.0,-1.0
86.62352538108826,1.399999976158142,1.306872010231018,1.399999976158142,7.0,-4.0,2.0
86.8330807685852,1.399999976158142,1.3199467658996582,1.399999976158142,-3.0,2.0,2.0
87.04310345649719,1.399999976158142,1.3408080339431763,1.399999976158142,2.0,1.0,0.0
87.25349164009094,1.399999976158142,1.3111463785171509,1.399999976158142,5.0,-3.0,2.0
87.463050365448,1.3650789260864258,1.1666886806488037,1.399999976158142,-9.0,5.0,-26.0
87.67357468605042,1.399999976158142,1.1268413066864014,1.399999976158142,10.0,3.0,0.0
87.88320589065552,1.396733045578003,1.1299824714660645,1.399999976158142,0.0,-5.0,1.0
88.0927882194519,1.399999976158142,1.1316163539886475,1.399999976158142,-4.0,4.0,0.0
88.3025598526001,1.399999976158142,1.1110200881958008,1.399999976158142,-6.0,-1.0,0.0
88.51260209083557,1.399999976158142,1.1660637855529785,1.399999976158142,-9.0,2.0,0.0
88.72284054756165,1.3760008811950684,1.1832777261734009,1.399999976158142,1.0,3.0,1.0
89.06377959251404,1.399999976158142,1.0408750772476196,1.399999976158142,0.0,2.0,3.0
89.33245730400085,1.399999976158142,0.9503614902496338,1.399999976158142,6.0,1.0,4.0
89.54275131225586,1.399999976158142,0.9425731301307678,1.399999976158142,1.0,-3.0,2.0
89.75330257415771,1.399999976158142,0.9435781836509705,1.399999976158142,-1.0,0.0,-2.0
89.96284198760986,1.399999976158142,0.856756865978241,1.399999976158142,-8.0,-2.0,-11.0
90.17209029197693,1.399999976158142,0.8881665468215942,1.399999976158142,-5.0,1.0,-1.0
90.3830075263977,1.399999976158142,0.8880408406257629,1.399999976158142,-15.0,-1.0,0.0
90.59205317497253,1.3929609060287476,1.0178862810134888,1.399999976158142,-23.0,-4.0,-4.0
90.93235373497009,1.399999976158142,1.0646705627441406,1.399999976158142,-3.0,0.0,0.0
91.18242239952087,1.3941681385040283,1.082614779472351,1.399999976158142,-4.0,-6.0,2.0
91.39219236373901,1.399999976158142,1.1048651933670044,1.399999976158142,0.0,10.0,4.0
91.60225415229797,1.399999976158142,1.0697002410888672,1.399999976158142,11.0,-1.0,1.0
91.81213283538818,1.399999976158142,1.059898853302002,1.399999976158142,1.0,-4.0,1.0
92.02162742614746,1.399999976158142,1.0680757761001587,1.399999976158142,-1.0,1.0,2.0
92.23161697387695,1.399999976158142,1.205762267112732,1.399999976158142,4.0,9.0,27.0
92.44165253639221,1.3522454500198364,1.1037184000015259,1.399999976158142,13.0,-9.0,4.0
92.65142297744751,1.399999976158142,1.106735110282898,1.399999976158142,0.0,1.0,1.0
92.86143493652344,1.3762400150299072,1.399999976158142,1.399999976158142,6.0,-4.0,45.0
93.07137799263,1.399999976158142,1.399999976158142,1.399999976158142,2.0,9.0,2.0
93.28108334541321,1.399999976158142,1.310091495513916,1.399999976158142,2.0,-1.0,-2.0
93.49162817001343,1.399999976158142,1.399999976158142,1.399999976158142,4.0,-5.0,34.0
93.70120143890381,1.399999976158142,1.399999976158142,1.399999976158142,2.0,4.0,23.0
93.91154885292053,1.3943437337875366,1.399999976158142,1.399999976158142,7.0,-5.0,42.0
94.12100887298584,1.399999976158142,1.399999976158142,1.399999976158142,-2.0,1.0,9.0
94.33110809326172,1.302146553993225,1.399999976158142,1.399999976158142,31.0,-12.0,18.0
94.54117965698242,1.3757082223892212,1.399999976158142,1.399999976158142,-5.0,-7.0,34.0
94.75112509727478,1.399999976158142,1.399999976158142,1.399999976158142,8.0,2.0,1.0
94.961266040802,1.3992458581924438,1.3534950017929077,1.399999976158142,1.0,-1.0,3.0
95.17112994194031,1.399999976158142,1.399999976158142,1.399999976158142,2.0,4.0,42.0
95.38055539131165,1.399999976158142,1.399999976158142,1.399999976158142,1.0,4.0,0.0
95.59082531929016,1.399999976158142,1.367181658744812,1.399999976158142,5.0,3.0,0.0
95.80081725120544,1.399999976158142,1.3070181608200073,1.399999976158142,8.0,0.0,-2.0
96.01059627532959,1.399999976158142,1.3847922086715698,1.399999976158142,-7.0,-3.0,-2.0
96.22060656547546,1.399999976158142,1.399999976158142,1.399999976158142,12.0,3.0,1.0
96.43084144592285,1.399999976158142,1.399999976158142,1.399999976158142,1.0,-3.0,3.0
96.64006114006042,1.399999976158142,1.399999976158142,1.399999976158142,11.0,1.0,9.0
97.0401337146759,1.399999976158142,1.399999976158142,1.399999976158142,-4.0,2.0,-3.0
97.25027775764465,1.399999976158142,1.399999976158142,1.399999976158142,-15.0,-3.0,22.0
97.46038961410522,1.399999976158142,1.399999976158142,1.399999976158142,-12.0,-3.0,3.0
97.67014002799988,1.399999976158142,1.399999976158142,1.399999976158142,-8.0,-1.0,0.0
97.88037586212158,1.399999976158142,1.399999976158142,1.399999976158142,-1.0,-1.0,-1.0
98.08962154388428,1.399999976158142,1.399999976158142,1.399999976158142,-1.0,-1.0,34.0
98.29992747306824,1.399999976158142,1.399999976158142,1.399999976158142,-6.0,-1.0,0.0
98.51100492477417,1.399999976158142,1.399999976158142,1.399999976158142,-9.0,7.0,-1.0
98.7215211391449,1.399999976158142,1.399999976158142,1.399999976158142,-2.0,9.0,17.0
98.92972159385681,1.399999976158142,1.399999976158142,1.399999976158142,1.0,0.0,31.0
99.13961291313171,1.399999976158142,1.399999976158142,1.399999976158142,-2.0,0.0,2.0
99.34952640533447,1.399999976158142,1.399999976158142,1.399999976158142,-2.0,0.0,0.0
99.55940890312195,1.399999976158142,1.399999976158142,1.399999976158142,-1.0,6.0,30.0
99.76946568489075,1.399999976158142,1.3773958683013916,1.399999976158142,-2.0,0.0,1.0
99.98012709617615,1.399999976158142,1.3605458736419678,1.399999976158142,-4.0,3.0,1.0
100.19097399711609,1.399999976158142,1.399999976158142,1.399999976158142,7.0,0.0,41.0
100.40034365653992,1.399999976158142,1.315243124961853,1.399999976158142,0.0,1.0,6.0
100.73949766159058,1.399999976158142,1.2259176969528198,1.399999976158142,4.0,0.0,2.0
100.95187163352966,1.399999976158142,1.203671932220459,1.399999976158142,-2.0,0.0,1.0
101.15982508659363,1.3986173868179321,1.2147324085235596,1.399999976158142,-4.0,-8.0,0.0
101.4498860836029,1.399999976158142,1.1534719467163086,1.399999976158142,-7.0,-4.0,8.0
101.91899585723877,1.3991564512252808,1.399999976158142,1.399999976158142,0.0,0.0,25.0
102.1288468837738,1.399999976158142,1.3325409889221191,1.399999976158142,-4.0,-4.0,6.0
102.33883762359619,1.399999976158142,1.3185923099517822,1.399999976158142,0.0,4.0,0.0
102.54945993423462,1.399999976158142,1.399999976158142,1.399999976158142,9.0,23.0,29.0
102.75845670700073,1.399999976158142,1.21435546875,1.399999976158142,-11.0,-11.0,10.0
102.9687077999115,1.399999976158142,1.1917177438735962,1.399999976158142,0.0,1.0,16.0
103.20849108695984,1.399999976158142,1.2006148099899292,1.399999976158142,-8.0,-5.0,-2.0
103.42057275772095,1.399999976158142,1.2693551778793335,1.399999976158142,-8.0,10.0,2.0
103.62874484062195,1.399999976158142,1.399999976158142,1.399999976158142,-4.0,9.0,29.0
103.83811688423157,1.399999976158142,1.35993492603302,1.399999976158142,10.0,1.0,3.0
104.04828143119812,1.3967310190200806,1.3440930843353271,1.399999976158142,-4.0,-1.0,1.0
104.27872586250305,1.399999976158142,1.399999976158142,1.399999976158142,-5.0,-7.0,-1.0
104.48824405670166,1.399999976158142,1.399999976158142,1.399999976158142,5.0,-8.0,2.0
104.8380377292633,1.399999976158142,1.399999976158142,1.399999976158142,-3.0,0.0,2.0
105.04782390594482,1.399999976158142,1.3713533878326416,1.399999976158142,8.0,4.0,-1.0
105.25828528404236,1.399999976158142,1.3762530088424683,1.399999976158142,1.0,2.0,2.0
105.46803426742554,1.399999976158142,1.3782633543014526,1.399999976158142,-1.0,6.0,2.0
105.67935538291931,1.399999976158142,1.3646806478500366,1.399999976158142,4.0,-4.0,3.0
105.88791346549988,1.399999976158142,1.3148216009140015,1.399999976158142,4.0,-7.0,1.0
106.09816718101501,1.399999976158142,1.1410739421844482,1.399999976158142,17.0,-2.0,-23.0
106.30763912200928,1.3822935819625854,1.0890849828720093,1.399999976158142,9.0,-10.0,-4.0
106.51828026771545,1.399999976158142,1.0822985172271729,1.399999976158142,5.0,-1.0,-8.0
106.72782444953918,1.3906934261322021,1.0083494186401367,1.399999976158142,-1.0,8.0,-16.0
106.93780374526978,1.399999976158142,0.9701716303825378,1.399999976158142,7.0,9.0,-4.0
107.14784073829651,1.399999976158142,0.8368314504623413,1.399999976158142,11.0,-9.0,-1.0
107.37764930725098,1.399999976158142,0.7295313477516174,1.399999976158142,-8.0,9.0,3.0
107.58769917488098,1.399999976158142,0.6919354796409607,1.399999976158142,4.0,-1.0,2.0
107.79809355735779,1.399999976158142,0.7479661107063293,1.399999976158142,2.0,6.0,2.0
108.01784634590149,1.399999976158142,0.8252716660499573,1.399999976158142,-8.0,-1.0,1.0
108.34876990318298,1.399999976158142,0.7942783236503601,1.399999976158142,6.0,9.0,1.0
108.55687689781189,1.399999976158142,0.825686514377594,1.399999976158142,-1.0,-2.0,0.0
108.84836220741272,1.399999976158142,0.7418261766433716,1.399999976158142,5.0,2.0,2.0
109.35729146003723,1.399999976158142,0.8455710411071777,1.399999976158142,-4.0,0.0,4.0
109.56811666488647,1.399999976158142,0.8799849152565002,1.399999976158142,7.0,5.0,4.0
109.77714085578918,1.399999976158142,0.8880310654640198,1.399999976158142,4.0,-1.0,-3.0
109.98662281036377,1.399999976158142,0.8969502449035645,1.399999976158142,1.0,-4.0,-2.0
110.19656348228455,1.399999976158142,0.8582397103309631,1.399999976158142,4.0,7.0,5.0
110.40698432922363,1.399999976158142,0.9310042858123779,1.399999976158142,2.0,-7.0,3.0
110.61674094200134,1.399999976158142,0.6666742563247681,1.399999976158142,0.0,-4.0,-39.0
110.82644963264465,1.399999976158142,0.6088755130767822,1.399999976158142,-3.0,-1.0,-22.0
111.17627429962158,1.3132926225662231,0.4015316963195801,1.399999976158142,-11.0,-4.0,-39.0
111.38675045967102,1.3710157871246338,0.15164966881275177,1.399999976158142,3.0,6.0,-35.0
111.67697548866272,1.399999976158142,0.006569635588675737,1.399999976158142,4.0,5.0,-18.0
112.0164270401001,1.399999976158142,0.0,1.399999976158142,5.0,2.0,5.0
112.22651553153992,1.399999976158142,0.0,1.399999976158142,6.0,3.0,-27.0
112.46609139442444,1.399999976158142,0.0,1.399999976158142,6.0,-3.0,2.0
112.67697858810425,1.399999976158142,0.0,1.399999976158142,-5.0,1.0,1.0
112.88892340660095,1.3925889730453491,0.0,1.399999976158142,-4.0,1.0,-43.0
113.0956518650055,1.3859295845031738,0.022616909816861153,1.399999976158142,0.0,-6.0,-4.0
113.40606164932251,1.399999976158142,0.06436728686094284,1.399999976158142,-7.0,0.0,0.0
113.69573211669922,1.399999976158142,0.0036571549717336893,1.399999976158142,3.0,5.0,4.0
113.90568089485168,1.399999976158142,0.0,1.399999976158142,-7.0,1.0,-19.0
114.1184184551239,1.399999976158142,0.0,1.399999976158142,3.0,-1.0,3.0
114.62605142593384,1.3969471454620361,0.0,1.399999976158142,-2.0,-8.0,-11.0
114.8351719379425,1.399999976158142,0.0,1.399999976158142,1.0,-7.0,1.0
115.04609799385071,1.399999976158142,0.015458422712981701,1.399999976158142,-13.0,-1.0,-2.0
115.25540375709534,1.399999976158142,0.05125880613923073,1.399999976158142,1.0,0.0,-9.0
115.46521329879761,1.399999976158142,0.0,1.399999976158142,8.0,-1.0,0.0
115.67572236061096,1.399999976158142,0.0,1.399999976158142,3.0,-4.0,2.0
115.88506841659546,1.399999976158142,0.07412367314100266,1.399999976158142,-3.0,4.0,2.0
116.09481859207153,1.399999976158142,0.027886640280485153,1.399999976158142,6.0,-5.0,3.0
116.43519520759583,1.3719139099121094,0.0,1.399999976158142,4.0,-9.0,-1.0
116.7452802658081,1.3155163526535034,0.0,1.399999976158142,8.0,-8.0,-30.0
117.03492069244385,1.3210654258728027,0.0121385483071208,1.399999976158142,0.0,0.0,3.0
117.24512934684753,1.3624452352523804,0.0033343262039124966,1.399999976158142,-1.0,-5.0,3.0
117.45602321624756,1.399999976158142,0.07105714827775955,1.399999976158142,-6.0,5.0,2.0
117.66434860229492,1.3846793174743652,0.0,1.399999976158142,-10.0,2.0,-22.0
118.17481756210327,1.399999976158142,0.02380361221730709,1.399999976158142,-2.0,-7.0,2.0
118.38567304611206,1.399999976158142,0.0602463074028492,1.399999976158142,0.0,-2.0,4.0
118.59551072120667,1.387926697731018,0.06263580918312073,1.399999976158142,6.0,3.0,1.0
118.80441069602966,1.3530076742172241,0.08599893748760223,1.399999976158142,-9.0,-12.0,3.0
119.01430296897888,1.373860239982605,0.0014581757131963968,1.399999976158142,-6.0,3.0,-19.0
119.22436714172363,1.3821563720703125,0.0,1.399999976158142,-7.0,1.0,-43.0
119.4344551563263,1.399999976158142,0.0,1.399999976158142,-9.0,9.0,-43.0
119.6444001197815,1.399999976158142,0.0,1.399999976158142,-9.0,0.0,-41.0
119.85409760475159,1.399999976158142,0.0,1.399999976158142,4.0,3.0,-42.0
120.06542444229126,1.372503399848938,0.0,1.399999976158142,-5.0,-2.0,-44.0
120.27368783950806,1.358049750328064,0.0,1.399999976158142,-9.0,2.0,-39.0
120.48409509658813,1.399999976158142,0.0,1.399999976158142,-4.0,-5.0,-43.0
120.69390273094177,1.399999976158142,0.0,1.399999976158142,0.0,3.0,-36.0
120.90365719795227,1.399999976158142,0.0022615832276642323,1.399999976158142,-1.0,5.0,0.0
121.23369979858398,1.399999976158142,0.003051772713661194,1.399999976158142,-2.0,5.0,3.0
121.61365795135498,1.3838582038879395,0.0,1.399999976158142,-2.0,-5.0,4.0
121.82354235649109,1.399999976158142,0.05616051331162453,1.399999976158142,-7.0,4.0,2.0
122.03355360031128,1.399999976158142,0.04220391809940338,1.399999976158142,-2.0,4.0,5.0
122.24349808692932,1.395979881286621,0.03856072574853897,1.399999976158142,-2.0,-6.0,1.0
122.45318579673767,1.399999976158142,0.09158961474895477,1.399999976158142,-2.0,-2.0,2.0
122.66332983970642,1.399999976158142,0.12526898086071014,1.399999976158142,-2.0,4.0,3.0
122.87322568893433,1.3617995977401733,0.08153962343931198,1.399999976158142,-6.0,-6.0,2.0
123.08348441123962,1.366949200630188,0.11206052452325821,1.399999976158142,-3.0,-7.0,2.0
123.29287958145142,1.399999976158142,0.16560786962509155,1.399999976158142,-6.0,-5.0,1.0
123.50290942192078,1.399999976158142,0.045787353068590164,1.399999976158142,4.0,0.0,-23.0
123.71292901039124,1.399999976158142,0.03723573684692383,1.399999976158142,-1.0,-1.0,0.0
123.92359232902527,1.399999976158142,0.07353996485471725,1.399999976158142,-2.0,2.0,2.0
124.13382315635681,1.3438221216201782,0.09679032862186432,1.399999976158142,2.0,-8.0,2.0
124.34301924705505,1.3816554546356201,0.13487499952316284,1.399999976158142,1.0,-12.0,2.0
124.55271506309509,1.399999976158142,0.18836267292499542,1.399999976158142,-4.0,9.0,3.0
124.76262402534485,1.3971093893051147,0.1879856437444687,1.399999976158142,-2.0,1.0,2.0
124.97282290458679,1.399999976158142,0.21112310886383057,1.399999976158142,1.0,0.0,2.0
125.18254923820496,1.3918354511260986,0.2089877724647522,1.399999976158142,0.0,-3.0,3.0
125.51281929016113,1.399999976158142,0.176813006401062,1.399999976158142,-1.0,0.0,4.0
125.89257597923279,1.399999976158142,0.17999708652496338,1.399999976158142,1.0,-11.0,1.0
126.10272932052612,1.399999976158142,0.21996904909610748,1.399999976158142,-3.0,5.0,4.0
126.31253123283386,1.393595576286316,0.24395427107810974,1.399999976158142,5.0,-1.0,2.0
126.52223348617554,1.399999976158142,0.23112770915031433,1.399999976158142,1.0,-7.0,0.0
126.73232460021973,1.383413314819336,0.24293944239616394,1.399999976158142,1.0,1.0,2.0
126.94223546981812,1.399999976158142,0.31466788053512573,1.399999976158142,-8.0,1.0,-1.0
127.15223956108093,1.399999976158142,0.32321056723594666,1.399999976158142,-1.0,-8.0,2.0
127.36238384246826,1.3972346782684326,0.32207927107810974,1.399999976158142,0.0,3.0,1.0
127.57202363014221,1.399999976158142,0.3821457326412201,1.399999976158142,-1.0,-5.0,1.0
127.7822618484497,1.3974870443344116,0.4197140336036682,1.399999976158142,-8.0,-10.0,0.0
127.99212598800659,1.399999976158142,0.4212229549884796,1.399999976158142,-5.0,4.0,1.0
128.20183110237122,1.399999976158142,0.43793705105781555,1.399999976158142,-1.0,1.0,1.0
128.4116837978363,1.39422607421875,0.42036429047584534,1.399999976158142,3.0,-6.0,3.0
128.88182497024536,1.399999976158142,0.525285005569458,1.399999976158142,-7.0,3.0,2.0
129.0920090675354,1.399999976158142,0.6737032532691956,1.399999976158142,-3.0,-6.0,-1.0
129.30175161361694,1.399999976158142,0.6607624888420105,1.399999976158142,6.0,16.0,-1.0
129.51125049591064,1.399999976158142,0.6409143209457397,1.399999976158142,3.0,4.0,2.0
129.72164177894592,1.3721058368682861,0.597816526889801,1.399999976158142,4.0,-12.0,-2.0
129.93189978599548,1.3905776739120483,0.5745697021484375,1.399999976158142,14.0,-4.0,5.0
130.28137969970703,1.399999976158142,0.6001366376876831,1.399999976158142,-3.0,-3.0,2.0
130.4912326335907,1.399999976158142,0.4780285954475403,1.399999976158142,10.0,8.0,-29.0
130.71161365509033,1.399999976158142,0.498831182718277,1.399999976158142,-5.0,-1.0,-2.0
130.92325448989868,1.399999976158142,0.5038559436798096,1.399999976158142,10.0,-2.0,4.0
131.13106393814087,1.399999976158142,0.4404008388519287,1.399999976158142,12.0,-7.0,3.0
131.3410255908966,1.399999976158142,0.424690306186676,1.399999976158142,-6.0,2.0,2.0
131.55091214179993,1.399999976158142,0.4474334120750427,1.399999976158142,-2.0,-1.0,3.0
131.79086208343506,1.399999976158142,0.4330689311027527,1.399999976158142,6.0,-11.0,8.0
132.00073218345642,1.399999976158142,0.4399777054786682,1.399999976158142,0.0,1.0,3.0
132.21066117286682,1.399999976158142,0.6184509992599487,1.399999976158142,0.0,6.0,30.0
132.42039561271667,1.399999976158142,0.6365360617637634,1.399999976158142,-6.0,3.0,2.0
132.63073468208313,1.399999976158142,0.7544671297073364,1.399999976158142,2.0,-2.0,19.0
132.84082913398743,1.399999976158142,0.9858132004737854,1.399999976158142,-7.0,-8.0,37.0
133.07105326652527,1.399999976158142,1.0075715780258179,1.399999976158142,3.0,-2.0,4.0
133.28074169158936,1.399999976158142,0.9529515504837036,1.399999976158142,4.0,-4.0,1.0
133.50075578689575,1.399999976158142,1.0119757652282715,1.399999976158142,-2.0,-2.0,0.0
133.73062920570374,1.399999976158142,1.04306960105896,1.399999976158142,-1.0,-1.0,0.0
133.9402561187744,1.399999976158142,1.0088906288146973,1.399999976158142,1.0,0.0,2.0
134.2703607082367,1.399999976158142,0.9897304773330688,1.399999976158142,-1.0,0.0,1.0
134.48036336898804,1.399999976158142,1.033433437347412,1.399999976158142,0.0,-5.0,1.0
134.8100826740265,1.399999976158142,1.0646393299102783,1.399999976158142,3.0,-9.0,1.0
135.01999020576477,1.399999976158142,1.2904753684997559,1.399999976158142,6.0,3.0,48.0
135.34987354278564,1.399999976158142,1.3932093381881714,1.399999976158142,-4.0,-3.0,3.0
135.55983352661133,1.399999976158142,1.2862575054168701,1.399999976158142,-7.0,5.0,-22.0
135.84978365898132,1.399999976158142,1.1659431457519531,1.399999976158142,-5.0,-8.0,-36.0
136.14977359771729,1.399999976158142,1.151045799255371,1.399999976158142,4.0,-5.0,1.0
136.47964882850647,1.399999976158142,1.1283308267593384,1.399999976158142,0.0,-1.0,7.0
136.72972464561462,1.399999976158142,1.1374545097351074,1.399999976158142,-1.0,3.0,1.0
136.93925833702087,1.399999976158142,1.3068195581436157,1.399999976158142,-6.0,8.0,17.0
137.1498420238495,1.399999976158142,1.3055633306503296,1.399999976158142,0.0,-1.0,3.0
137.35955500602722,1.399999976158142,1.3065695762634277,1.399999976158142,1.0,-1.0,0.0
137.56964755058289,1.399999976158142,1.399999976158142,1.399999976158142,-5.0,-3.0,32.0
137.7792031764984,1.399999976158142,1.399999976158142,1.399999976158142,2.0,-1.0,1.0
138.01962804794312,1.399999976158142,1.399999976158142,1.399999976158142,-5.0,1.0,38.0
138.22916388511658,1.399999976158142,1.3949750661849976,1.399999976158142,1.0,9.0,2.0
138.4392249584198,1.399999976158142,1.399999976158142,1.399999976158142,-1.0,2.0,-2.0
138.64898109436035,1.399999976158142,1.399999976158142,1.399999976158142,-1.0,-2.0,4.0
138.95935559272766,1.399999976158142,1.399999976158142,1.399999976158142,-7.0,8.0,20.0
139.24895763397217,1.399999976158142,1.3350852727890015,1.399999976158142,14.0,5.0,3.0
139.4591498374939,1.3457579612731934,1.2314980030059814,1.399999976158142,-14.0,-6.0,-16.0
139.66880559921265,1.399999976158142,1.3230838775634766,1.399999976158142,-6.0,1.0,-4.0
140.40875244140625,1.399999976158142,1.1539243459701538,1.399999976158142,2.0,2.0,2.0
140.78838777542114,1.399999976158142,1.1975756883621216,1.399999976158142,-5.0,0.0,2.0
140.99843668937683,1.399999976158142,1.2685927152633667,1.399999976158142,0.0,5.0,-4.0
141.2082917690277,1.399999976158142,1.3553049564361572,1.399999976158142,-11.0,5.0,-1.0
141.41843104362488,1.399999976158142,1.3220046758651733,1.399999976158142,6.0,4.0,2.0
141.6280333995819,1.399999976158142,1.333060622215271,1.399999976158142,10.0,-8.0,-9.0
141.83836340904236,1.399999976158142,1.383370041847229,1.399999976158142,5.0,8.0,-2.0
142.04792380332947,1.399999976158142,1.399999976158142,1.399999976158142,-3.0,8.0,-1.0
142.2580211162567,1.399999976158142,1.399999976158142,1.399999976158142,-7.0,1.0,-4.0
142.46824550628662,1.3563767671585083,1.399999976158142,1.399999976158142,1.0,-6.0,21.0
142.67791938781738,1.399999976158142,1.399999976158142,1.399999976158142,-8.0,-4.0,-5.0
142.8878984451294,1.399999976158142,1.399999976158142,1.399999976158142,2.0,4.0,0.0
143.09804701805115,1.383795976638794,1.3665870428085327,1.399999976158142,3.0,-6.0,2.0
143.30803322792053,1.399999976158142,1.3403044939041138,1.399999976158142,13.0,-4.0,-5.0
143.5178792476654,1.399999976158142,1.2441174983978271,1.399999976158142,12.0,-5.0,-2.0
143.84766912460327,1.399999976158142,1.1653218269348145,1.399999976158142,11.0,2.0,-1.0
144.0975911617279,1.399999976158142,1.2534241676330566,1.399999976158142,-6.0,5.0,1.0
144.30745482444763,1.399999976158142,1.1741472482681274,1.399999976158142,13.0,-4.0,4.0
144.51755499839783,1.3542522192001343,1.1715079545974731,1.399999976158142,-6.0,-5.0,-4.0
144.72736525535583,1.399999976158142,1.2704172134399414,1.399999976158142,-1.0,3.0,-6.0
144.9374270439148,1.399999976158142,1.2907789945602417,1.399999976158142,-10.0,-4.0,-2.0
145.14754557609558,1.399999976158142,1.38840913772583,1.399999976158142,10.0,1.0,14.0
145.37725520133972,1.399999976158142,1.325239658355713,1.399999976158142,13.0,-10.0,-3.0
145.5874764919281,1.399999976158142,1.399999976158142,1.399999976158142,-11.0,5.0,-1.0
145.8173635005951,1.399999976158142,1.399999976158142,1.399999976158142,-8.0,-3.0,-2.0
146.02756881713867,1.3437079191207886,1.399999976158142,1.399999976158142,-6.0,-9.0,-1.0
146.23691940307617,1.37136709690094,1.3836559057235718,1.399999976158142,9.0,-1.0,0.0
146.45763635635376,1.399999976158142,1.3922092914581299,1.399999976158142,-2.0,-3.0,0.0
146.6676540374756,1.399999976158142,1.399999976158142,1.399999976158142,0.0,-3.0,0.0
147.01685166358948,1.399999976158142,1.2322394847869873,1.399999976158142,0.0,5.0,-24.0
147.22670888900757,1.3933415412902832,1.322442889213562,1.399999976158142,-1.0,3.0,1.0
147.43709516525269,1.399999976158142,1.2714321613311768,1.399999976158142,2.0,-4.0,2.0
147.64688181877136,1.3894485235214233,1.2976852655410767,1.399999976158142,0.0,-10.0,-2.0
147.85673332214355,1.399999976158142,1.3272186517715454,1.399999976158142,-2.0,-2.0,0.0
148.06685066223145,1.399999976158142,1.3243268728256226,1.399999976158142,-5.0,0.0,-6.0
148.27658581733704,1.3856844902038574,1.2915520668029785,1.399999976158142,5.0,-3.0,1.0
148.4865026473999,1.3944804668426514,1.2567449808120728,1.399999976158142,-5.0,-7.0,2.0
148.69653797149658,1.399999976158142,1.2023035287857056,1.399999976158142,2.0,3.0,7.0
148.90625286102295,1.399999976158142,1.2196383476257324,1.399999976158142,-11.0,10.0,-1.0
149.1165144443512,1.399999976158142,1.2969805002212524,1.399999976158142,-5.0,0.0,-2.0
149.32657313346863,1.399999976158142,1.3751378059387207,1.399999976158142,-5.0,1.0,2.0
149.5364327430725,1.399999976158142,1.3555400371551514,1.399999976158142,-2.0,-4.0,2.0
149.74612140655518,1.399999976158142,1.3398404121398926,1.399999976158142,-1.0,-3.0,2.0
149.9561653137207,1.399999976158142,1.3277734518051147,1.399999976158142,5.0,-3.0,2.0
150.1661343574524,1.399999976158142,1.3867008686065674,1.399999976158142,-7.0,4.0,-1.0
150.3759799003601,1.399999976158142,1.399999976158142,1.399999976158142,-4.0,-2.0,2.0
150.7163610458374,1.399999976158142,1.399999976158142,1.399999976158142,-12.0,2.0,-3.0
150.99565052986145,1.399999976158142,1.399999976158142,1.399999976158142,4.0,-5.0,1.0
151.20617842674255,1.399999976158142,1.399999976158142,1.399999976158142,0.0,3.0,2.0
151.4158411026001,1.399999976158142,1.399999976158142,1.399999976158142,-7.0,9.0,3.0
151.62586379051208,1.399999976158142,1.399999976158142,1.399999976158142,-5.0,1.0,0.0
151.9656901359558,1.3641958236694336,1.3265607357025146,1.399999976158142,-3.0,-2.0,1.0
152.27548670768738,1.3823730945587158,1.399999976158142,1.399999976158142,-7.0,2.0,-1.0
152.5657444000244,1.399999976158142,1.399999976158142,1.399999976158142,-1.0,3.0,-1.0
152.7755184173584,1.399999976158142,1.399999976158142,1.399999976158142,-3.0,2.0,0.0
152.98546385765076,1.3681904077529907,1.348702311515808,1.399999976158142,-7.0,-3.0,2.0
153.19547533988953,1.3965966701507568,1.366047739982605,1.399999976158142,-5.0,-2.0,2.0
153.40537405014038,1.399999976158142,1.3332502841949463,1.399999976158142,5.0,1.0,3.0
153.61534976959229,1.399999976158142,1.3459346294403076,1.399999976158142,-2.0,5.0,1.0
153.82526230812073,1.399999976158142,1.3826267719268799,1.399999976158142,1.0,2.0,2.0
154.03529930114746,1.399999976158142,1.3689188957214355,1.399999976158142,-2.0,1.0,1.0
154.24542570114136,1.399999976158142,1.3898898363113403,1.399999976158142,-5.0,-4.0,2.0
154.75476789474487,1.399999976158142,1.3785971403121948,1.399999976158142,1.0,0.0,2.0
154.96544337272644,1.399999976158142,1.399999976158142,1.399999976158142,-2.0,-3.0,3.0
155.17459869384766,1.399999976158142,1.3102037906646729,1.399999976158142,7.0,-6.0,-6.0
155.38482642173767,1.399999976158142,1.202041745185852,1.399999976158142,-1.0,-1.0,-21.0
155.7247405052185,1.399999976158142,1.3643497228622437,1.399999976158142,-8.0,-5.0,-2.0
155.9647650718689,1.399999976158142,1.332032322883606,1.399999976158142,2.0,-3.0,2.0
156.1746711730957,1.399999976158142,1.306900143623352,1.399999976158142,1.0,4.0,2.0
156.38456201553345,1.399999976158142,1.3174536228179932,1.399999976158142,6.0,-2.0,1.0
156.59489393234253,1.399999976158142,1.3349276781082153,1.399999976158142,2.0,0.0,0.0
156.80428743362427,1.399999976158142,1.399999976158142,1.399999976158142,-1.0,0.0,-4.0
157.04456734657288,1.399999976158142,1.399999976158142,1.399999976158142,-6.0,1.0,1.0
157.25441789627075,1.399999976158142,1.3566385507583618,1.399999976158142,-10.0,5.0,-7.0
157.4641716480255,1.38970148563385,1.3822593688964844,1.399999976158142,2.0,-3.0,4.0
157.67411398887634,1.399999976158142,1.3015385866165161,1.399999976158142,1.0,11.0,2.0
157.88411235809326,1.399999976158142,1.399999976158142,1.399999976158142,-20.0,0.0,-1.0
158.15439653396606,1.3330951929092407,1.399999976158142,1.399999976158142,5.0,-8.0,-4.0
158.36383891105652,1.399999976158142,1.399999976158142,1.399999976158142,1.0,5.0,2.0
158.57396483421326,1.399999976158142,1.399999976158142,1.399999976158142,3.0,3.0,5.0
158.78403186798096,1.3629014492034912,1.3177543878555298,1.399999976158142,11.0,-6.0,1.0
158.99409103393555,1.399999976158142,1.2363176345825195,1.399999976158142,8.0,-10.0,4.0
159.20392537117004,1.399999976158142,1.1678494215011597,1.399999976158142,5.0,1.0,4.0
159.4143877029419,1.399999976158142,1.126242995262146,1.399999976158142,7.0,0.0,-1.0
159.62376880645752,1.399999976158142,1.25014328956604,1.399999976158142,-19.0,-10.0,0.0
159.83362293243408,1.399999976158142,1.3132601976394653,1.399999976158142,-9.0,-8.0,3.0
160.04370522499084,1.399999976158142,1.3053433895111084,1.399999976158142,8.0,-1.0,2.0
160.2534921169281,1.399999976158142,1.3563374280929565,1.399999976158142,-5.0,4.0,-5.0
160.4634485244751,1.399999976158142,1.399999976158142,1.399999976158142,-11.0,2.0,4.0
160.67332315444946,1.399999976158142,1.399999976158142,1.399999976158142,-2.0,9.0,5.0
160.88380813598633,1.3500761985778809,1.3742207288742065,1.399999976158142,-2.0,-9.0,3.0
161.0933756828308,1.3176530599594116,1.2833606004714966,1.399999976158142,-1.0,-1.0,4.0
161.3032684326172,1.3670003414154053,1.2321298122406006,1.399999976158142,5.0,-4.0,4.0
161.64308190345764,1.399999976158142,1.0056790113449097,1.399999976158142,3.0,8.0,3.0
161.85320806503296,1.399999976158142,0.9870743751525879,1.399999976158142,-7.0,-1.0,5.0
162.14351201057434,1.3880302906036377,0.9782272577285767,1.399999976158142,-2.0,-7.0,-3.0
162.77285075187683,1.399999976158142,0.7154374122619629,1.399999976158142,0.0,8.0,4.0
163.06296300888062,1.3852506875991821,0.7576029896736145,1.399999976158142,-3.0,-13.0,1.0
163.27278780937195,1.3489396572113037,0.7557183504104614,1.399999976158142,8.0,-29.0,2.0
163.48283314704895,1.399999976158142,0.6188201904296875,1.399999976158142,8.0,4.0,1.0
163.69270133972168,1.399999976158142,0.666327714920044,1.399999976158142,-4.0,-13.0,1.0
163.9029245376587,1.399999976158142,0.6520105004310608,1.399999976158142,7.0,-1.0,1.0
164.1126265525818,1.399999976158142,0.6129208207130432,1.399999976158142,6.0,-4.0,-4.0
164.32241797447205,1.399999976158142,0.6542590856552124,1.399999976158142,3.0,4.0,4.0
164.53251028060913,1.399999976158142,0.6977607607841492,1.399999976158142,-2.0,-6.0,-5.0
164.74220657348633,1.399999976158142,0.6972581148147583,1.399999976158142,-4.0,-1.0,-1.0
164.95220255851746,1.399999976158142,0.7207481861114502,1.399999976158142,3.0,-1.0,0.0
165.3121325969696,1.399999976158142,0.6220860481262207,1.399999976158142,0.0,3.0,-1.0
165.52227807044983,1.399999976158142,0.6635519862174988,1.399999976158142,11.0,2.0,15.0
165.73250317573547,1.399999976158142,0.6301365494728088,1.399999976158142,5.0,-2.0,1.0
166.08213543891907,1.399999976158142,0.7704464793205261,1.399999976158142,-4.0,5.0,-3.0
166.29206204414368,1.399999976158142,0.8236380219459534,1.399999976158142,-11.0,-3.0,-1.0
166.5022168159485,1.399999976158142,0.8144620060920715,1.399999976158142,15.0,5.0,1.0
166.71179866790771,1.399999976158142,0.8022837042808533,1.399999976158142,3.0,2.0,-2.0
166.92313408851624,1.399999976158142,0.8128484487533569,1.399999976158142,1.0,5.0,0.0
167.14191436767578,1.399999976158142,0.8600888848304749,1.399999976158142,-7.0,4.0,-2.0
167.35188364982605,1.399999976158142,0.8672539591789246,1.399999976158142,-10.0,2.0,0.0
167.56188225746155,1.399999976158142,0.850165069103241,1.399999976158142,0.0,0.0,2.0
167.77167344093323,1.399999976158142,0.8134855628013611,1.399999976158142,7.0,3.0,-2.0
167.98164558410645,1.399999976158142,0.7715128064155579,1.399999976158142,-1.0,-1.0,0.0
168.19170236587524,1.399999976158142,0.9072608351707458,1.399999976158142,-5.0,0.0,-6.0
168.40153551101685,1.399999976158142,0.9729830622673035,1.399999976158142,-3.0,7.0,0.0
168.61131525039673,1.399999976158142,0.9845454692840576,1.399999976158142,-2.0,-6.0,-1.0
168.82132625579834,1.399999976158142,0.9456247687339783,1.399999976158142,5.0,7.0,-2.0
169.15214824676514,1.399999976158142,1.039847493171692,1.399999976158142,-6.0,2.0,-1.0
169.4410581588745,1.399999976158142,1.0407154560089111,1.399999976158142,3.0,-7.0,1.0
169.65208959579468,1.399999976158142,1.098962664604187,1.399999976158142,1.0,-1.0,-1.0
169.86120223999023,1.399999976158142,1.1251153945922852,1.399999976158142,-5.0,-5.0,-3.0
170.07114934921265,1.3934634923934937,1.1517642736434937,1.399999976158142,-2.0,-2.0,0.0
170.4111783504486,1.399999976158142,1.1845170259475708,1.399999976158142,0.0,3.0,0.0
170.6509292125702,1.399999976158142,1.141026496887207,1.399999976158142,7.0,1.0,0.0
170.86096000671387,1.399999976158142,1.2062727212905884,1.399999976158142,-9.0,-5.0,-2.0
171.07101273536682,1.373870611190796,1.2805153131484985,1.399999976158142,2.0,-4.0,2.0
171.28078246116638,1.3778924942016602,1.252488136291504,1.399999976158142,-4.0,-16.0,-1.0
171.49089932441711,1.399999976158142,1.3250855207443237,1.399999976158142,-5.0,1.0,-3.0
171.80060076713562,1.399999976158142,1.399999976158142,1.399999976158142,-7.0,-1.0,1.0
172.0906982421875,1.399999976158142,1.399999976158142,1.399999976158142,-7.0,8.0,1.0
172.30062627792358,1.37913179397583,1.3548694849014282,1.399999976158142,0.0,-3.0,1.0
172.5108299255371,1.3344197273254395,1.3180699348449707,1.399999976158142,1.0,-11.0,2.0
172.72027897834778,1.3944861888885498,1.3159337043762207,1.399999976158142,-10.0,-14.0,-1.0
173.13066482543945,1.399999976158142,1.3308956623077393,1.399999976158142,-3.0,1.0,-1.0
173.34021043777466,1.3979887962341309,1.3253649473190308,1.399999976158142,2.0,-5.0,2.0
173.55012392997742,1.399999976158142,1.2969759702682495,1.399999976158142,4.0,-6.0,-3.0
173.7602574825287,1.399999976158142,1.2002686262130737,1.399999976158142,4.0,13.0,5.0
173.97109651565552,1.399999976158142,1.1712675094604492,1.399999976158142,1.0,7.0,-2.0
174.18002009391785,1.399999976158142,1.1590663194656372,1.399999976158142,2.0,-3.0,3.0
174.5200765132904,1.399999976158142,1.2172436714172363,1.399999976158142,-6.0,-3.0,2.0
174.72977805137634,1.399999976158142,1.377357006072998,1.399999976158142,7.0,-6.0,41.0
175.07970666885376,1.399999976158142,1.3719111680984497,1.399999976158142,-2.0,-8.0,0.0
175.2898609638214,1.399999976158142,1.3908833265304565,1.399999976158142,-1.0,5.0,-3.0
175.49960231781006,1.399999976158142,1.399999976158142,1.399999976158142,-2.0,5.0,0.0
175.70953035354614,1.399999976158142,1.3294978141784668,1.399999976158142,7.0,-2.0,1.0
175.9194462299347,1.399999976158142,1.324472427368164,1.399999976158142,-10.0,2.0,0.0
176.12954545021057,1.399999976158142,1.321202039718628,1.399999976158142,-5.0,1.0,0.0
176.3793590068817,1.399999976158142,1.3283787965774536,1.399999976158142,3.0,4.0,0.0
176.58946323394775,1.399999976158142,1.330893874168396,1.399999976158142,3.0,1.0,1.0
176.79928708076477,1.399999976158142,1.3640645742416382,1.399999976158142,-3.0,2.0,2.0
177.00919914245605,1.399999976158142,1.3482367992401123,1.399999976158142,2.0,6.0,-3.0
177.21898770332336,1.399999976158142,1.2928475141525269,1.399999976158142,2.0,-4.0,-6.0
177.4296338558197,1.399999976158142,1.1379950046539307,1.399999976158142,-1.0,3.0,1.0
177.6390676498413,1.3747355937957764,1.2802797555923462,1.399999976158142,2.0,-10.0,15.0
177.84900617599487,1.399999976158142,1.399999976158142,1.399999976158142,4.0,9.0,49.0
178.05889129638672,1.368333339691162,1.399999976158142,1.399999976158142,12.0,-6.0,38.0
178.2692620754242,1.399999976158142,1.3919614553451538,1.399999976158142,-10.0,4.0,-2.0
178.47898983955383,1.399999976158142,1.399999976158142,1.399999976158142,12.0,16.0,18.0
178.68867444992065,1.3527690172195435,1.399999976158142,1.399999976158142,17.0,-2.0,44.0
178.8987467288971,1.399999976158142,1.3041820526123047,1.399999976158142,-1.0,7.0,0.0
179.10908889770508,1.399999976158142,1.223140001296997,1.399999976158142,3.0,6.0,4.0
179.3185760974884,1.398240327835083,1.1653211116790771,1.399999976158142,3.0,7.0,1.0
179.5285837650299,1.399999976158142,1.1444590091705322,1.399999976158142,6.0,-3.0,3.0
179.738294839859,1.399999976158142,1.0563173294067383,1.399999976158142,9.0,0.0,3.0
179.9485993385315,1.399999976158142,1.2519499063491821,1.399999976158142,8.0,-5.0,39.0
180.15875720977783,1.399999976158142,1.3230820894241333,1.399999976158142,0.0,10.0,21.0
180.3680853843689,1.3963572978973389,1.361769437789917,1.399999976158142,-11.0,2.0,-1.0
180.57833886146545,1.3951005935668945,1.2810863256454468,1.399999976158142,0.0,-12.0,1.0
180.78842616081238,1.399999976158142,1.2729170322418213,1.399999976158142,-6.0,-10.0,0.0
180.9983615875244,1.399999976158142,1.399999976158142,1.399999976158142,-9.0,-3.0,28.0
181.208487033844,1.399999976158142,1.3591912984848022,1.399999976158142,-3.0,2.0,0.0
181.4185197353363,1.399999976158142,1.3887255191802979,1.399999976158142,5.0,-2.0,0.0
181.62835264205933,1.399999976158142,1.3513821363449097,1.399999976158142,1.0,-4.0,1.0
181.83771657943726,1.399999976158142,1.3393292427062988,1.399999976158142,-8.0,-2.0,0.0
182.04781222343445,1.399999976158142,1.3232325315475464,1.399999976158142,7.0,-6.0,0.0
182.38785243034363,1.399999976158142,1.3189619779586792,1.399999976158142,7.0,-5.0,3.0
182.62765526771545,1.399999976158142,1.399999976158142,1.399999976158142,-5.0,2.0,-3.0
182.83763980865479,1.399999976158142,1.399999976158142,1.399999976158142,-2.0,1.0,24.0
183.04771375656128,1.399999976158142,1.399999976158142,1.399999976158142,-3.0,-4.0,2.0
183.25772428512573,1.399999976158142,1.399999976158142,1.399999976158142,3.0,14.0,2.0
183.46742630004883,1.3824204206466675,1.3016802072525024,1.399999976158142,3.0,-8.0,-2.0
183.67829585075378,1.315185785293579,1.181034803390503,1.399999976158142,9.0,-13.0,0.0
183.93805027008057,1.399999976158142,1.0783871412277222,1.399999976158142,14.0,18.0,6.0
184.14732837677002,1.399999976158142,1.0596460103988647,1.399999976158142,4.0,-1.0,-1.0
184.3575623035431,1.399999976158142,1.030991554260254,1.399999976158142,2.0,1.0,1.0
184.56731820106506,1.399999976158142,0.9855326414108276,1.399999976158142,11.0,1.0,0.0
184.77748847007751,1.399999976158142,0.9774879813194275,1.399999976158142,-5.0,1.0,0.0
184.98718333244324,1.399999976158142,1.0003472566604614,1.399999976158142,2.0,0.0,-2.0
185.19718670845032,1.399999976158142,1.0458499193191528,1.399999976158142,-7.0,-1.0,-3.0
185.40690112113953,1.399999976158142,1.0496186017990112,1.399999976158142,-3.0,9.0,-3.0
185.61701774597168,1.399999976158142,1.081932783126831,1.399999976158142,-13.0,8.0,-2.0
185.82726883888245,1.399999976158142,1.034575343132019,1.399999976158142,2.0,-5.0,6.0
186.03680038452148,1.399999976158142,1.0863338708877563,1.399999976158142,10.0,10.0,19.0
186.2467429637909,1.399999976158142,1.073890209197998,1.399999976158142,-5.0,3.0,0.0
186.45736265182495,1.399999976158142,1.0912368297576904,1.399999976158142,-3.0,0.0,-3.0
186.6667139530182,1.399999976158142,1.0626041889190674,1.399999976158142,-5.0,3.0,0.0
186.8767852783203,1.399999976158142,1.0520433187484741,1.399999976158142,3.0,-2.0,0.0
187.08637261390686,1.399999976158142,0.9941420555114746,1.399999976158142,7.0,-3.0,2.0
187.29657554626465,1.399999976158142,0.9409518241882324,1.399999976158142,-4.0,-10.0,-1.0
187.50668931007385,1.399999976158142,0.9692327976226807,1.399999976158142,0.0,-8.0,-3.0
187.71627402305603,1.399999976158142,0.9585515856742859,1.399999976158142,1.0,6.0,-1.0
188.05619382858276,1.399999976158142,0.8471241593360901,1.399999976158142,7.0,5.0,3.0
188.26644158363342,1.399999976158142,0.8288991451263428,1.399999976158142,3.0,-8.0,1.0
188.49625420570374,1.399999976158142,0.828348696231842,1.399999976158142,1.0,-13.0,4.0
188.70623397827148,1.399999976158142,0.6335989236831665,1.399999976158142,6.0,-5.0,-19.0
189.0360198020935,1.399999976158142,0.6462346911430359,1.399999976158142,-5.0,-6.0,1.0
189.2460231781006,1.399999976158142,0.6403269171714783,1.399999976158142,3.0,0.0,0.0
189.57616329193115,1.399999976158142,0.552083432674408,1.399999976158142,6.0,-6.0,1.0
189.7857949733734,1.399999976158142,0.5253023505210876,1.399999976158142,-2.0,-5.0,-2.0
190.07578802108765,1.3935821056365967,0.396076500415802,1.399999976158142,8.0,-9.0,-7.0
190.58577394485474,1.399999976158142,0.4613906443119049,1.399999976158142,0.0,-3.0,-4.0
191.32553100585938,1.399999976158142,0.44101932644844055,1.399999976158142,4.0,-1.0,-1.0
191.61535096168518,1.399999976158142,0.3969576060771942,1.399999976158142,1.0,0.0,-1.0
191.9453890323639,1.399999976158142,0.4759310781955719,1.399999976158142,-9.0,0.0,-1.0
192.19512462615967,1.399999976158142,0.4323936700820923,1.399999976158142,2.0,5.0,2.0
192.40539646148682,1.399999976158142,0.38035744428634644,1.399999976158142,5.0,-5.0,1.0
192.82512021064758,1.399999976158142,0.3094961941242218,1.399999976158142,18.0,-15.0,-2.0
193.03511595726013,1.399999976158142,0.24172304570674896,1.399999976158142,-3.0,-1.0,-2.0
193.24524974822998,1.393343448638916,0.2880678176879883,1.399999976158142,-9.0,0.0,-1.0
193.4549069404602,1.399999976158142,0.34750398993492126,1.399999976158142,5.0,-6.0,-2.0
193.66518115997314,1.399999976158142,0.3719063401222229,1.399999976158142,-7.0,-7.0,-6.0
193.89580726623535,1.3649144172668457,0.3267766237258911,1.399999976158142,-3.0,-3.0,1.0
194.10520839691162,1.399999976158142,0.2511446177959442,1.399999976158142,3.0,-9.0,0.0
194.31486773490906,1.399999976158142,0.14553770422935486,1.399999976158142,5.0,4.0,1.0
194.53462600708008,1.399999976158142,0.1463269144296646,1.399999976158142,-1.0,12.0,-2.0
194.74455070495605,1.399999976158142,0.3162236511707306,1.399999976158142,-12.0,-2.0,8.0
194.9547619819641,1.399999976158142,0.3163492977619171,1.399999976158142,-2.0,6.0,-1.0
195.16459727287292,1.399999976158142,0.3399796187877655,1.399999976158142,-9.0,-2.0,1.0
195.40452456474304,1.3629505634307861,0.20456254482269287,1.399999976158142,8.0,-12.0,2.0
195.61518812179565,1.399999976158142,0.21512554585933685,1.399999976158142,-7.0,-6.0,0.0
289.5478615760803,1.399999976158142,0.09502202272415161,1.399999976158142,-2.0,5.0,-1.0
289.7582006454468,1.399999976158142,0.126693993806839,1.399999976158142,-16.0,2.0,-8.0
289.9684338569641,1.399999976158142,0.13662318885326385,1.399999976158142,6.0,2.0,2.0
290.1777753829956,1.399999976158142,0.14554668962955475,1.399999976158142,6.0,3.0,-2.0
290.38759994506836,1.399999976158142,0.10396720468997955,1.399999976158142,0.0,0.0,-4.0
290.61810517311096,1.399999976158142,0.12585124373435974,1.399999976158142,-7.0,0.0,-5.0
290.82794547080994,1.399999976158142,0.08588670939207077,1.399999976158142,1.0,9.0,4.0
291.05750370025635,1.399999976158142,0.061679404228925705,1.399999976158142,11.0,-2.0,1.0
291.26762676239014,1.399999976158142,0.07362201809883118,1.399999976158142,-5.0,-5.0,0.0
291.4774122238159,1.399999976158142,0.03656018152832985,1.399999976158142,6.0,-1.0,0.0
291.6974890232086,1.399999976158142,0.0,1.399999976158142,4.0,14.0,0.0
291.907386302948,1.399999976158142,0.025616135448217392,1.399999976158142,0.0,-2.0,2.0
292.25717639923096,1.399999976158142,0.0,1.399999976158142,7.0,-7.0,-2.0
292.46721386909485,1.399999976158142,0.04950849711894989,1.399999976158142,-15.0,5.0,-4.0
292.67692971229553,1.399999976158142,0.12690047919750214,1.399999976158142,-5.0,1.0,-2.0
292.8871204853058,1.375122308731079,0.10528959333896637,1.399999976158142,2.0,0.0,-2.0
293.09709429740906,1.399999976158142,0.18099653720855713,1.399999976158142,-10.0,-5.0,1.0
293.307332277298,1.399999976158142,0.25401002168655396,1.399999976158142,4.0,-9.0,-1.0
293.51749897003174,1.399999976158142,0.21317003667354584,1.399999976158142,13.0,13.0,-1.0
293.727032661438,1.399999976158142,0.1305505633354187,1.399999976158142,11.0,-14.0,-5.0
293.93725776672363,1.3889437913894653,0.19600802659988403,1.399999976158142,1.0,-10.0,19.0
294.1466624736786,1.3153671026229858,0.3669324517250061,1.399999976158142,8.0,-12.0,44.0
294.3565056324005,1.3090876340866089,0.3425680696964264,1.399999976158142,15.0,-10.0,3.0
294.56665563583374,1.3774563074111938,0.3712225556373596,1.399999976158142,5.0,5.0,8.0
294.77632999420166,1.399999976158142,0.5509670376777649,1.399999976158142,4.0,-7.0,43.0
294.9871006011963,1.3923283815383911,0.5444273352622986,1.399999976158142,-4.0,-9.0,0.0
295.19641852378845,1.399999976158142,0.4162697196006775,1.399999976158142,-4.0,-1.0,2.0
295.40650749206543,1.399999976158142,0.597517192363739,1.399999976158142,-17.0,-6.0,9.0
295.6173713207245,1.3972344398498535,0.7789131999015808,1.399999976158142,14.0,-6.0,37.0
295.82640504837036,1.399999976158142,0.8647882342338562,1.399999976158142,-7.0,10.0,-3.0
296.03619170188904,1.3966079950332642,0.9945631623268127,1.399999976158142,-20.0,-4.0,12.0
296.36624550819397,1.399999976158142,1.0832321643829346,1.399999976158142,-1.0,0.0,-3.0
296.65602350234985,1.399999976158142,1.0344879627227783,1.399999976158142,8.0,-1.0,3.0
296.8663773536682,1.399999976158142,0.9706565141677856,1.399999976158142,-2.0,5.0,1.0
297.07604813575745,1.399999976158142,0.9696509838104248,1.399999976158142,-7.0,-14.0,5.0
297.28617095947266,1.399999976158142,1.044187068939209,1.399999976158142,4.0,5.0,-1.0
297.62598037719727,1.399999976158142,1.2181702852249146,1.399999976158142,-8.0,2.0,19.0
298.04573249816895,1.399999976158142,1.399999976158142,1.399999976158142,7.0,0.0,28.0
298.42580485343933,1.399999976158142,1.2783457040786743,1.399999976158142,8.0,-5.0,3.0
298.6358242034912,1.399999976158142,1.388314127922058,1.399999976158142,0.0,4.0,24.0
298.8464515209198,1.399999976158142,1.399999976158142,1.399999976158142,-6.0,-7.0,-2.0
299.05545926094055,1.399999976158142,1.384052038192749,1.399999976158142,-3.0,2.0,-1.0
299.2655415534973,1.399999976158142,1.371475338935852,1.399999976158142,-7.0,-3.0,0.0
299.4764733314514,1.399623155593872,1.3721033334732056,1.399999976158142,9.0,-6.0,1.0
299.68553161621094,1.399999976158142,1.3294700384140015,1.399999976158142,9.0,-4.0,1.0
299.89562010765076,1.399999976158142,1.2620432376861572,1.399999976158142,5.0,11.0,-2.0
300.10504269599915,1.399999976158142,1.2805109024047852,1.399999976158142,-7.0,0.0,-4.0
300.31522488594055,1.399999976158142,1.2839044332504272,1.399999976158142,-3.0,0.0,-1.0
300.5251557826996,1.399999976158142,1.2724688053131104,1.399999976158142,-2.0,-5.0,0.0
300.8649537563324,1.3985754251480103,1.2620900869369507,1.399999976158142,-1.0,2.0,0.0
301.1048467159271,1.3921141624450684,1.208964467048645,1.399999976158142,5.0,-4.0,-1.0
301.31518483161926,1.399999976158142,1.1725116968154907,1.399999976158142,-1.0,-1.0,1.0
301.525593996048,1.399999976158142,1.2284398078918457,1.399999976158142,-5.0,-6.0,0.0
301.7351837158203,1.399999976158142,1.233844518661499,1.399999976158142,-5.0,-3.0,1.0
301.9448149204254,1.399999976158142,1.2327144145965576,1.399999976158142,1.0,3.0,0.0
302.3652558326721,1.2848702669143677,1.3098865747451782,1.399999976158142,-9.0,-1.0,-1.0
302.74488043785095,1.399999976158142,1.285102128982544,1.399999976158142,-3.0,5.0,2.0
302.9545650482178,1.399999976158142,1.326942801475525,1.399999976158142,-4.0,11.0,0.0
303.16471123695374,1.399999976158142,1.26011061668396,1.399999976158142,10.0,4.0,3.0
303.3745324611664,1.399999976158142,1.2280559539794922,1.399999976158142,0.0,3.0,3.0
303.58436012268066,1.399999976158142,1.2651287317276,1.399999976158142,2.0,1.0,0.0
303.79448318481445,1.399999976158142,1.342423439025879,1.399999976158142,-13.0,12.0,-3.0
304.0044569969177,1.399999976158142,1.3539808988571167,1.399999976158142,-4.0,2.0,0.0
304.2144844532013,1.399999976158142,1.3509644269943237,1.399999976158142,6.0,-9.0,-1.0
304.42484307289124,1.399999976158142,1.3571193218231201,1.399999976158142,1.0,4.0,1.0
304.6344220638275,1.399999976158142,1.399999976158142,1.399999976158142,-8.0,11.0,1.0
304.84610414505005,1.399999976158142,1.399999976158142,1.399999976158142,-4.0,14.0,-1.0
305.1840682029724,1.399999976158142,1.399999976158142,1.399999976158142,-11.0,11.0,7.0
305.4240381717682,1.399999976158142,1.3463953733444214,1.399999976158142,5.0,0.0,2.0
305.6341118812561,1.399999976158142,1.3418750762939453,1.399999976158142,-4.0,2.0,-4.0
305.8438594341278,1.399999976158142,1.3450170755386353,1.399999976158142,-6.0,1.0,-3.0
306.05422043800354,1.399999976158142,1.3206231594085693,1.399999976158142,8.0,6.0,-2.0
306.26384449005127,1.399999976158142,1.2966212034225464,1.399999976158142,6.0,14.0,0.0
306.6836767196655,1.399999976158142,1.101847767829895,1.399999976158142,9.0,0.0,0.0
306.9436197280884,1.3853753805160522,1.1486775875091553,1.399999976158142,-3.0,-8.0,0.0
307.1536099910736,1.399999976158142,1.2549097537994385,1.399999976158142,-10.0,-10.0,-6.0
307.3635995388031,1.3911993503570557,1.3186510801315308,1.399999976158142,-8.0,-9.0,15.0
307.5736918449402,1.399999976158142,1.3327244520187378,1.399999976158142,11.0,-3.0,-1.0
307.7833261489868,1.399999976158142,1.3108593225479126,1.399999976158142,6.0,1.0,1.0
307.99341440200806,1.399999976158142,1.2784305810928345,1.399999976158142,8.0,-3.0,1.0
308.2035768032074,1.399999976158142,1.1869220733642578,1.399999976158142,3.0,-4.0,1.0
308.4144184589386,1.399999976158142,1.3253443241119385,1.399999976158142,-5.0,-6.0,19.0
308.6234872341156,1.3607902526855469,1.2750754356384277,1.399999976158142,-15.0,0.0,-4.0
308.83333945274353,1.3793818950653076,1.207617998123169,1.399999976158142,-1.0,-3.0,2.0
309.043105840683,1.399999976158142,1.2122673988342285,1.399999976158142,8.0,-2.0,7.0
309.25290417671204,1.399999976158142,1.3515814542770386,1.399999976158142,5.0,3.0,28.0
309.46310901641846,1.399999976158142,1.399999976158142,1.399999976158142,-1.0,-5.0,11.0
309.67431807518005,1.399999976158142,1.352494478225708,1.399999976158142,8.0,-5.0,6.0
309.882670879364,1.399999976158142,1.3321491479873657,1.399999976158142,-6.0,4.0,-4.0
310.0927505493164,1.399999976158142,1.3525141477584839,1.399999976158142,-7.0,3.0,0.0
310.30304312705994,1.399999976158142,1.399999976158142,1.399999976158142,-5.0,-5.0,22.0
310.5126323699951,1.399999976158142,1.399999976158142,1.399999976158142,1.0,6.0,23.0
310.72244668006897,1.399999976158142,1.399999976158142,1.399999976158142,-15.0,7.0,0.0
311.0526807308197,1.399999976158142,1.399999976158142,1.399999976158142,-8.0,5.0,-2.0
311.3429801464081,1.399999976158142,1.344128966331482,1.399999976158142,0.0,1.0,0.0
311.55253505706787,1.399999976158142,1.3350756168365479,1.399999976158142,4.0,0.0,-2.0
311.76248717308044,1.399999976158142,1.2124416828155518,1.399999976158142,8.0,-4.0,3.0
311.9727466106415,1.399999976158142,1.2207350730895996,1.399999976158142,-10.0,6.0,-1.0
312.3123605251312,1.399999976158142,1.230499267578125,1.399999976158142,5.0,3.0,-2.0
312.7323348522186,1.3059897422790527,1.399999976158142,1.399999976158142,2.0,-2.0,54.0
313.11247158050537,1.3239513635635376,1.2506225109100342,1.399999976158142,-4.0,-6.0,1.0
313.3222029209137,1.3526076078414917,1.239185094833374,1.399999976158142,2.0,-2.0,0.0
313.5320653915405,1.399999976158142,1.3002606630325317,1.399999976158142,-2.0,6.0,-2.0
313.74194526672363,1.399999976158142,1.2306900024414062,1.399999976158142,3.0,4.0,2.0
313.95214462280273,1.399999976158142,1.3720431327819824,1.399999976158142,2.0,-2.0,16.0
314.16171526908875,1.399999976158142,1.3221864700317383,1.399999976158142,7.0,-1.0,3.0
314.3716595172882,1.399999976158142,1.2999498844146729,1.399999976158142,-3.0,5.0,-1.0
314.58170795440674,1.399999976158142,1.3008294105529785,1.399999976158142,4.0,-6.0,-3.0
314.7923061847687,1.399999976158142,1.3673746585845947,1.399999976158142,-3.0,1.0,24.0
315.00176215171814,1.3531583547592163,1.3933699131011963,1.399999976158142,4.0,1.0,0.0
315.21151471138,1.332789421081543,1.399999976158142,1.399999976158142,-3.0,-10.0,-3.0
315.5518264770508,1.392602801322937,1.399999976158142,1.399999976158142,4.0,-3.0,2.0
315.8213083744049,1.399999976158142,1.399999976158142,1.399999976158142,-4.0,-4.0,-7.0
316.03149700164795,1.399999976158142,1.3297077417373657,1.399999976158142,1.0,2.0,-6.0
316.241774559021,1.399999976158142,1.3116176128387451,1.399999976158142,-3.0,5.0,-4.0
316.4513747692108,1.3982406854629517,1.399999976158142,1.399999976158142,2.0,-6.0,29.0
316.5613386631012,1.399999976158142,1.3544018268585205,1.399999976158142,-1.0,-6.0,4.0
316.7712960243225,1.399999976158142,1.359048843383789,1.399999976158142,0.0,-4.0,-4.0
316.9811067581177,1.399999976158142,1.3125536441802979,1.399999976158142,9.0,6.0,3.0
317.2015759944916,1.399999976158142,1.3632456064224243,1.399999976158142,-3.0,-4.0,-2.0
317.43119502067566,1.399999976158142,1.2184745073318481,1.399999976158142,12.0,2.0,1.0
317.6410114765167,1.3905704021453857,1.1949634552001953,1.399999976158142,-21.0,-8.0,-4.0
317.8510272502899,1.399999976158142,1.1899412870407104,1.399999976158142,10.0,2.0,6.0
318.06103229522705,1.399999976158142,1.1917023658752441,1.399999976158142,-11.0,7.0,0.0
318.27098774909973,1.3861804008483887,1.0944626331329346,1.399999976158142,3.0,-3.0,-6.0
318.48078322410583,1.399999976158142,1.0174527168273926,1.399999976158142,0.0,-5.0,2.0
318.82077407836914,1.399999976158142,1.13973069190979,1.399999976158142,-10.0,-1.0,0.0
319.032062292099,1.399999976158142,1.1540523767471313,1.399999976158142,-5.0,-6.0,2.0
319.24078488349915,1.399999976158142,1.1605890989303589,1.399999976158142,-2.0,1.0,-22.0
319.45063614845276,1.399999976158142,1.1710184812545776,1.399999976158142,-1.0,2.0,-2.0
319.6606979370117,1.3729742765426636,1.225949764251709,1.399999976158142,-5.0,-2.0,-2.0
320.04041957855225,1.3972934484481812,1.1204907894134521,1.399999976158142,-3.0,-12.0,-2.0
320.2501850128174,1.399999976158142,1.0761255025863647,1.399999976158142,9.0,-5.0,0.0
320.460275888443,1.399999976158142,0.9548512101173401,1.399999976158142,-1.0,4.0,-1.0
320.6702778339386,1.3663188219070435,0.9449228048324585,1.399999976158142,-6.0,-5.0,8.0
320.8801152706146,1.3761186599731445,0.9672865271568298,1.399999976158142,-3.0,-10.0,-2.0
321.0905351638794,1.399999976158142,1.0126969814300537,1.399999976158142,-5.0,1.0,0.0
321.3004252910614,1.3918359279632568,1.059043526649475,1.399999976158142,-2.0,-3.0,0.0
321.6302936077118,1.399999976158142,1.0207422971725464,1.399999976158142,-3.0,-4.0,2.0
321.8800184726715,1.399999976158142,1.0680408477783203,1.399999976158142,3.0,6.0,1.0
322.0908188819885,1.399999976158142,1.0330111980438232,1.399999976158142,3.0,-6.0,0.0
322.3099184036255,1.399999976158142,1.0693471431732178,1.399999976158142,-5.0,10.0,0.0
322.5195400714874,1.399999976158142,1.1059281826019287,1.399999976158142,-3.0,0.0,1.0
322.7294783592224,1.388568639755249,1.1287908554077148,1.399999976158142,-1.0,-7.0,-4.0
323.06932282447815,1.3956918716430664,1.081573724746704,1.399999976158142,0.0,-7.0,4.0
323.33889985084534,1.381314992904663,1.0494275093078613,1.399999976158142,5.0,-2.0,2.0
323.54885244369507,1.399999976158142,1.0462833642959595,1.399999976158142,4.0,5.0,-3.0
323.7589612007141,1.399999976158142,1.0039573907852173,1.399999976158142,-8.0,5.0,-13.0
324.0986137390137,1.399999976158142,1.0904122591018677,1.399999976158142,-1.0,0.0,-1.0
324.30824518203735,1.399999976158142,1.1243356466293335,1.399999976158142,-1.0,0.0,1.0
324.5879247188568,1.399999976158142,1.1430978775024414,1.399999976158142,-11.0,-5.0,0.0
324.7982804775238,1.399999976158142,1.107242226600647,1.399999976158142,3.0,-5.0,2.0
325.0077123641968,1.399999976158142,1.1145304441452026,1.399999976158142,0.0,4.0,1.0
325.21763491630554,1.399999976158142,1.12080717086792,1.399999976158142,1.0,10.0,-3.0
325.4275324344635,1.3880571126937866,1.082589864730835,1.399999976158142,2.0,-18.0,2.0
325.63726782798767,1.399999976158142,1.1277130842208862,1.399999976158142,-8.0,18.0,-1.0
325.846821308136,1.3874422311782837,1.1812092065811157,1.399999976158142,-4.0,-3.0,-3.0
326.05707716941833,1.399999976158142,1.1725380420684814,1.399999976158142,4.0,-5.0,0.0
326.396776676178,1.399999976158142,1.2016397714614868,1.399999976158142,-10.0,-2.0,-1.0
326.60658955574036,1.399999976158142,1.1645835638046265,1.399999976158142,2.0,-9.0,0.0
326.8170123100281,1.3934605121612549,1.225702166557312,1.399999976158142,-7.0,-2.0,-4.0
327.0361635684967,1.3939870595932007,1.2753249406814575,1.399999976158142,-2.0,-2.0,0.0
327.2458927631378,1.385944128036499,1.260118842124939,1.399999976158142,-6.0,1.0,-3.0
327.46601486206055,1.3834434747695923,1.2827569246292114,1.399999976158142,-3.0,-9.0,-3.0
327.7257614135742,1.399999976158142,1.1867636442184448,1.399999976158142,4.0,0.0,2.0
327.93568301200867,1.399999976158142,1.195939302444458,1.399999976158142,-2.0,0.0,0.0
328.145396232605,1.399999976158142,1.2913413047790527,1.399999976158142,2.0,-2.0,29.0
328.3553261756897,1.399999976158142,1.278526782989502,1.399999976158142,2.0,4.0,2.0
328.56521248817444,1.399999976158142,1.34282648563385,1.399999976158142,-2.0,3.0,-3.0
328.77497601509094,1.399999976158142,1.399999976158142,1.399999976158142,-9.0,4.0,-3.0
328.9847285747528,1.399999976158142,1.399999976158142,1.399999976158142,4.0,-3.0,18.0
329.1949625015259,1.399999976158142,1.298537015914917,1.399999976158142,1.0,-1.0,-4.0
329.53504395484924,1.399999976158142,1.2977235317230225,1.399999976158142,-3.0,-4.0,-2.0
329.86458230018616,1.399999976158142,1.399999976158142,1.399999976158142,-5.0,9.0,49.0
330.1442427635193,1.399999976158142,1.3986600637435913,1.399999976158142,0.0,-9.0,18.0
330.35432410240173,1.399999976158142,1.399999976158142,1.399999976158142,-3.0,0.0,1.0
330.5645418167114,1.3847925662994385,1.399999976158142,1.399999976158142,5.0,5.0,39.0
330.77389907836914,1.3127895593643188,1.252098560333252,1.399999976158142,-1.0,-9.0,3.0
330.98387145996094,1.323344349861145,1.2848938703536987,1.399999976158142,-5.0,-2.0,-2.0
331.19357776641846,1.3435561656951904,1.3918534517288208,1.399999976158142,-6.0,0.0,-2.0
331.4034447669983,1.371732234954834,1.399999976158142,1.399999976158142,7.0,-2.0,36.0
331.6135914325714,1.399999976158142,1.399999976158142,1.399999976158142,2.0,3.0,0.0
331.82324171066284,1.399999976158142,1.3914622068405151,1.399999976158142,2.0,-2.0,-1.0
332.0331144332886,1.3671804666519165,1.399999976158142,1.399999976158142,-4.0,-5.0,-2.0
332.2433228492737,1.383642315864563,1.399999976158142,1.399999976158142,3.0,-11.0,6.0
332.4530155658722,1.3900489807128906,1.3152050971984863,1.399999976158142,-3.0,-7.0,2.0
332.663019657135,1.399999976158142,1.3942725658416748,1.399999976158142,-11.0,-12.0,-1.0
332.87280344963074,1.399999976158142,1.399999976158142,1.399999976158142,-3.0,-4.0,2.0
333.08251953125,1.399999976158142,1.382781744003296,1.399999976158142,0.0,4.0,-2.0
333.4224467277527,1.399999976158142,1.399999976158142,1.399999976158142,-4.0,0.0,29.0
333.7922058105469,1.399999976158142,1.399999976158142,1.399999976158142,-8.0,2.0,-2.0
334.00226068496704,1.399999976158142,1.3525015115737915,1.399999976158142,0.0,0.0,-3.0
334.21171021461487,1.399999976158142,1.399999976158142,1.399999976158142,0.0,0.0,0.0
334.42178606987,1.399999976158142,1.3822696208953857,1.399999976158142,14.0,3.0,2.0
334.7915692329407,1.399999976158142,1.399999976158142,1.399999976158142,3.0,5.0,-2.0
335.0015604496002,1.399999976158142,1.399999976158142,1.399999976158142,-11.0,7.0,-1.0
335.21117520332336,1.399999976158142,1.399999976158142,1.399999976158142,7.0,8.0,0.0
335.4221544265747,1.399999976158142,1.3404531478881836,1.399999976158142,0.0,-4.0,-4.0
335.6310851573944,1.399999976158142,1.2977341413497925,1.399999976158142,-2.0,0.0,1.0
335.8410053253174,1.399999976158142,1.3699846267700195,1.399999976158142,-8.0,3.0,-2.0
336.19078183174133,1.3162391185760498,1.0487616062164307,1.399999976158142,4.0,-12.0,-1.0
336.4007890224457,1.3071852922439575,1.2468150854110718,1.399999976158142,-24.0,-19.0,19.0
336.6104986667633,1.3285417556762695,1.1720675230026245,1.399999976158142,6.0,2.0,1.0
336.8205008506775,1.3635880947113037,1.3060978651046753,1.399999976158142,9.0,-2.0,24.0
337.0307025909424,1.399999976158142,1.2774370908737183,1.399999976158142,7.0,4.0,20.0
337.24086689949036,1.3805232048034668,1.2607247829437256,1.399999976158142,3.0,-1.0,0.0
337.4500653743744,1.3719816207885742,1.0708006620407104,1.399999976158142,-6.0,-2.0,-22.0
337.66054582595825,1.399999976158142,1.124856948852539,1.399999976158142,-1.0,3.0,-8.0
337.8706429004669,1.399999976158142,1.149125099182129,1.399999976158142,6.0,1.0,-1.0
338.0799071788788,1.399999976158142,1.248651385307312,1.399999976158142,1.0,5.0,14.0
338.28974437713623,1.399999976158142,1.3226568698883057,1.399999976158142,-7.0,2.0,0.0
338.49965476989746,1.3480091094970703,1.342498779296875,1.399999976158142,-9.0,-7.0,-1.0
338.70980405807495,1.399999976158142,1.3517985343933105,1.399999976158142,11.0,0.0,4.0
338.91974425315857,1.3628102540969849,1.2788010835647583,1.399999976158142,8.0,-6.0,-2.0
339.12938809394836,1.373375415802002,1.2493693828582764,1.399999976158142,-1.0,-10.0,1.0
339.3394446372986,1.399999976158142,1.3264089822769165,1.399999976158142,-1.0,2.0,0.0
339.5496096611023,1.399999976158142,1.260693073272705,1.399999976158142,12.0,-4.0,-2.0
339.7591698169708,1.399999976158142,1.261697769165039,1.399999976158142,-5.0,-2.0,0.0
339.96930837631226,1.399999976158142,1.2032610177993774,1.399999976158142,-3.0,-1.0,3.0
340.1796395778656,1.399999976158142,1.2074106931686401,1.399999976158142,-3.0,3.0,-1.0
340.3889286518097,1.399999976158142,1.2546218633651733,1.399999976158142,-2.0,-3.0,-1.0
340.59951543807983,1.399999976158142,1.2595257759094238,1.399999976158142,-5.0,13.0,1.0
340.80855655670166,1.399999976158142,1.255379319190979,1.399999976158142,-6.0,1.0,2.0
341.0184724330902,1.3758734464645386,1.2198177576065063,1.399999976158142,3.0,-3.0,-2.0
341.22848749160767,1.3782596588134766,1.1682014465332031,1.399999976158142,-1.0,-12.0,-3.0
341.4384226799011,1.3798933029174805,1.188181757926941,1.399999976158142,0.0,-12.0,6.0
341.64841961860657,1.399999976158142,1.1500804424285889,1.399999976158142,7.0,-2.0,0.0
341.9880921840668,1.399999976158142,1.0878572463989258,1.399999976158142,-10.0,0.0,2.0
342.2289488315582,1.399999976158142,1.002802848815918,1.399999976158142,7.0,3.0,-1.0
342.43805623054504,1.3429797887802124,0.9906201362609863,1.399999976158142,-5.0,-7.0,-1.0
342.64823150634766,1.3212394714355469,0.87387615442276,1.399999976158142,6.0,-13.0,1.0
342.85758876800537,1.3667241334915161,0.8746300339698792,1.399999976158142,-4.0,-5.0,-3.0
343.06788516044617,1.399999976158142,0.8272249698638916,1.399999976158142,0.0,4.0,0.0
343.277498960495,1.399999976158142,0.8313698172569275,1.399999976158142,-3.0,4.0,0.0
343.6075792312622,1.399999976158142,0.8369016051292419,1.399999976158142,-1.0,10.0,1.0
343.8173701763153,1.399999976158142,0.9420922994613647,1.399999976158142,-7.0,10.0,-3.0
344.1072928905487,1.399999976158142,0.9472978711128235,1.399999976158142,1.0,2.0,-3.0
344.73713994026184,1.399999976158142,0.8096998929977417,1.399999976158142,11.0,0.0,0.0
345.0365662574768,1.399999976158142,0.8021647334098816,1.399999976158142,6.0,0.0,0.0
345.36675453186035,1.399999976158142,0.8809598684310913,1.399999976158142,-4.0,5.0,-2.0
345.67667627334595,1.399999976158142,0.7939267754554749,1.399999976158142,17.0,-10.0,0.0
345.9565556049347,1.399999976158142,0.7572547197341919,1.399999976158142,1.0,10.0,-3.0
346.16663932800293,1.3994967937469482,0.7105801105499268,1.399999976158142,-13.0,0.0,1.0
346.3765468597412,1.399999976158142,0.748385488986969,1.399999976158142,-13.0,-7.0,24.0
346.5863118171692,1.399999976158142,0.8190190196037292,1.399999976158142,13.0,1.0,13.0
346.79607605934143,1.399999976158142,0.758230447769165,1.399999976158142,2.0,-9.0,-1.0
347.00590229034424,1.399999976158142,0.736116886138916,1.399999976158142,6.0,-5.0,-4.0
347.2159662246704,1.399999976158142,0.8178155422210693,1.399999976158142,-2.0,8.0,10.0
347.4265339374542,1.3955986499786377,0.9205557703971863,1.399999976158142,1.0,9.0,30.0
347.63588666915894,1.399999976158142,1.0064774751663208,1.399999976158142,-20.0,-14.0,-7.0
347.84600281715393,1.399999976158142,1.1401258707046509,1.399999976158142,9.0,4.0,39.0
348.0557029247284,1.399999976158142,1.0919855833053589,1.399999976158142,-4.0,9.0,-4.0
348.265976190567,1.399999976158142,1.0462249517440796,1.399999976158142,0.0,-11.0,0.0
348.4758243560791,1.399999976158142,0.8901348114013672,1.399999976158142,4.0,28.0,0.0
348.685800075531,1.399999976158142,1.1742351055145264,1.399999976158142,-17.0,14.0,30.0
348.89628982543945,1.399999976158142,1.147479772567749,1.399999976158142,4.0,-3.0,-3.0
349.1053874492645,1.3919591903686523,1.1844172477722168,1.399999976158142,-1.0,-7.0,5.0
349.31564378738403,1.399999976158142,1.1669448614120483,1.399999976158142,19.0,-6.0,30.0
349.5253269672394,1.399999976158142,1.1999841928482056,1.399999976158142,3.0,1.0,2.0
349.84507632255554,1.399999976158142,1.148876428604126,1.399999976158142,8.0,-5.0,0.0
350.1348943710327,1.399999976158142,1.1391521692276,1.399999976158142,4.0,11.0,1.0
350.34483647346497,1.399999976158142,1.1322441101074219,1.399999976158142,7.0,-6.0,23.0
350.55509400367737,1.399999976158142,1.1703344583511353,1.399999976158142,-2.0,-9.0,0.0
350.7647225856781,1.399999976158142,1.198592185974121,1.399999976158142,6.0,-1.0,5.0
350.97477197647095,1.3918249607086182,1.399999976158142,1.399999976158142,-35.0,-3.0,19.0
351.1844503879547,1.399999976158142,1.399999976158142,1.399999976158142,8.0,-5.0,9.0
351.39454460144043,1.399999976158142,1.2823472023010254,1.399999976158142,2.0,0.0,-2.0
351.60466027259827,1.399999976158142,1.2846094369888306,1.399999976158142,0.0,6.0,-2.0
351.81663751602173,1.399999976158142,1.399999976158142,1.399999976158142,5.0,2.0,16.0
352.0242729187012,1.3996232748031616,1.399999976158142,1.399999976158142,-2.0,-5.0,1.0
352.2343657016754,1.399999976158142,1.399999976158142,1.399999976158142,5.0,-6.0,1.0
352.4442901611328,1.399999976158142,1.399999976158142,1.399999976158142,-3.0,2.0,-2.0
352.65402936935425,1.399999976158142,1.3524075746536255,1.399999976158142,6.0,1.0,-1.0
352.86419105529785,1.399999976158142,1.399999976158142,1.399999976158142,-8.0,-2.0,-4.0
353.0740797519684,1.399999976158142,1.3007571697235107,1.399999976158142,2.0,6.0,1.0
353.40414476394653,1.399999976158142,1.2711219787597656,1.399999976158142,6.0,3.0,0.0
353.75374579429626,1.399999976158142,1.105983853340149,1.399999976158142,9.0,-6.0,2.0
353.9635944366455,1.399999976158142,1.1033430099487305,1.399999976158142,6.0,-5.0,-3.0
354.17364978790283,1.399999976158142,1.1086206436157227,1.399999976158142,5.0,-3.0,-1.0
354.383709192276,1.399999976158142,1.0001499652862549,1.399999976158142,4.0,8.0,4.0
354.62335205078125,1.399999976158142,0.9504697322845459,1.399999976158142,9.0,-4.0,1.0
354.8339183330536,1.399999976158142,0.9495901465415955,1.399999976158142,-4.0,-4.0,-3.0
355.04318141937256,1.399999976158142,0.9810159802436829,1.399999976158142,-2.0,22.0,0.0
355.253675699234,1.3796440362930298,0.9335188865661621,1.399999976158142,2.0,1.0,-3.0
355.4630546569824,1.399999976158142,1.0060737133026123,1.399999976158142,-16.0,-7.0,-2.0
355.7033016681671,1.399999976158142,1.1092661619186401,1.399999976158142,-5.0,6.0,-2.0
355.91286873817444,1.399999976158142,1.1813721656799316,1.399999976158142,-11.0,3.0,-1.0
356.123428106308,1.399999976158142,1.1561014652252197,1.399999976158142,2.0,-4.0,1.0
356.3328483104706,1.399999976158142,1.1387662887573242,1.399999976158142,-2.0,-3.0,-2.0
356.54287242889404,1.399999976158142,1.1460555791854858,1.399999976158142,-7.0,-2.0,-2.0
356.7827489376068,1.399999976158142,1.1113154888153076,1.399999976158142,3.0,11.0,-3.0
356.9925422668457,1.399999976158142,1.0690890550613403,1.399999976158142,3.0,-6.0,0.0
357.20232009887695,1.399999976158142,0.988042414188385,1.399999976158142,1.0,-2.0,1.0
357.4125564098358,1.399999976158142,0.9157860279083252,1.399999976158142,11.0,4.0,2.0
357.6231119632721,1.399999976158142,0.8907700777053833,1.399999976158142,-1.0,8.0,-2.0
357.8622000217438,1.3671324253082275,0.8213033080101013,1.399999976158142,3.0,-5.0,1.0
358.07220935821533,1.399999976158142,0.7916329503059387,1.399999976158142,-2.0,-3.0,-3.0
358.28238463401794,1.399999976158142,0.8359696865081787,1.399999976158142,-8.0,-2.0,-1.0
358.4919800758362,1.399999976158142,0.8545719981193542,1.399999976158142,-11.0,-4.0,-3.0
358.7022109031677,1.399999976158142,0.8557032346725464,1.399999976158142,-7.0,-6.0,2.0
358.93169498443604,1.399999976158142,0.8612059950828552,1.399999976158142,0.0,2.0,-1.0
359.1421113014221,1.399999976158142,0.814964771270752,1.399999976158142,4.0,10.0,-1.0
359.35186076164246,1.3910740613937378,0.857457160949707,1.399999976158142,-3.0,4.0,-2.0
359.56201171875,1.3203388452529907,0.9524409174919128,1.399999976158142,-9.0,-18.0,-1.0
359.7715187072754,1.399999976158142,0.9379856586456299,1.399999976158142,2.0,-3.0,8.0
359.98169589042664,1.399999976158142,0.9618611335754395,1.399999976158142,0.0,0.0,-6.0
360.19127130508423,1.3962318897247314,0.9621123671531677,1.399999976158142,0.0,1.0,-2.0
360.4014735221863,1.399999976158142,0.8499507904052734,1.399999976158142,9.0,2.0,2.0
360.61155819892883,1.399999976158142,0.8304840922355652,1.399999976158142,-10.0,0.0,1.0
360.8212060928345,1.399999976158142,0.8231942057609558,1.399999976158142,-5.0,-3.0,0.0
361.03125405311584,1.399999976158142,0.8057265877723694,1.399999976158142,1.0,3.0,2.0
361.27130675315857,1.399999976158142,0.7739837169647217,1.399999976158142,2.0,-5.0,-2.0
361.4810299873352,1.3797857761383057,0.8260887861251831,1.399999976158142,-4.0,-7.0,1.0
361.69100522994995,1.399999976158142,0.7945301532745361,1.399999976158142,10.0,2.0,3.0
361.90109753608704,1.399999976158142,0.7887470722198486,1.399999976158142,0.0,13.0,-1.0
362.1211404800415,1.399999976158142,0.819661021232605,1.399999976158142,4.0,3.0,0.0
362.4508662223816,1.399999976158142,0.7813479900360107,1.399999976158142,13.0,-6.0,1.0
362.6610538959503,1.399999976158142,0.6481608152389526,1.399999976158142,-3.0,-4.0,0.0
362.9506940841675,1.399999976158142,0.44634756445884705,1.399999976158142,6.0,2.0,0.0
363.46062684059143,1.399999976158142,0.2040209174156189,1.399999976158142,-1.0,1.0,-4.0
363.6705861091614,1.399999976158142,0.0560370534658432,1.399999976158142,-1.0,14.0,3.0
363.88028597831726,1.3838062286376953,0.15809521079063416,1.399999976158142,-8.0,-3.0,-1.0
364.25012159347534,1.399999976158142,0.0,1.399999976158142,12.0,-19.0,-3.0
364.46025347709656,1.399999976158142,0.04375394061207771,1.399999976158142,-14.0,9.0,-3.0
364.67030811309814,1.399999976158142,0.1177685484290123,1.399999976158142,14.0,0.0,1.0
364.8802330493927,1.399999976158142,0.11387519538402557,1.399999976158142,10.0,13.0,3.0
365.0901789665222,1.399999976158142,0.23790961503982544,1.399999976158142,-15.0,7.0,0.0
365.3001458644867,1.399999976158142,0.21983255445957184,1.399999976158142,-1.0,15.0,1.0
365.60985708236694,1.399999976158142,0.11422700434923172,1.399999976158142,-2.0,-6.0,-3.0
365.90060448646545,1.399999976158142,0.13192595541477203,1.399999976158142,-4.0,7.0,-2.0
366.11023235321045,1.399999976158142,0.04656442999839783,1.399999976158142,6.0,2.0,-1.0
366.3197202682495,1.399999976158142,0.08046749234199524,1.399999976158142,-2.0,8.0,8.0
366.5297133922577,1.399999976158142,0.023514918982982635,1.399999976158142,-2.0,4.0,3.0
366.7396492958069,1.399999976158142,0.0,1.399999976158142,17.0,7.0,2.0
366.9492754936218,1.399999976158142,0.0,1.399999976158142,-1.0,-10.0,0.0
367.16952419281006,1.399999976158142,0.0,1.399999976158142,-2.0,-15.0,1.0
367.3796820640564,1.399999976158142,0.03144574537873268,1.399999976158142,1.0,-2.0,-1.0
367.739501953125,1.399999976158142,0.05061025172472,1.399999976158142,13.0,-7.0,3.0
367.9493660926819,1.399999976158142,0.04482888802886009,1.399999976158142,-2.0,-5.0,2.0
368.16021490097046,1.399999976158142,0.09523162245750427,1.399999976158142,-17.0,-6.0,-1.0
368.36901783943176,1.399999976158142,0.270554780960083,1.399999976158142,13.0,2.0,14.0
368.5792109966278,1.399999976158142,0.332133024930954,1.399999976158142,-16.0,4.0,4.0
368.78910541534424,1.399999976158142,0.45380404591560364,1.399999976158142,-6.0,1.0,-5.0
369.0390784740448,1.3537763357162476,0.41057226061820984,1.399999976158142,1.0,3.0,-1.0
369.24889373779297,1.3506333827972412,0.4474070370197296,1.399999976158142,-12.0,-8.0,-2.0
369.4589536190033,1.3469892740249634,0.392116516828537,1.399999976158142,7.0,-17.0,-2.0
369.65934133529663,1.3751115798950195,0.39678362011909485,1.399999976158142,-1.0,-2.0,3.0
369.97882628440857,1.399999976158142,0.5287132263183594,1.399999976158142,-5.0,-6.0,26.0
370.28871035575867,1.3992578983306885,0.5183241963386536,1.399999976158142,0.0,-10.0,0.0
370.49848651885986,1.3227483034133911,0.502620279788971,1.399999976158142,13.0,-12.0,0.0
370.70865535736084,1.337576150894165,0.5183277130126953,1.399999976158142,19.0,-13.0,43.0
370.91852498054504,1.3978015184402466,0.6184099912643433,1.399999976158142,19.0,4.0,41.0
371.1283116340637,1.399999976158142,0.6230553984642029,1.399999976158142,12.0,2.0,4.0
371.3483476638794,1.399999976158142,0.5729926824569702,1.399999976158142,4.0,15.0,-2.0
371.5588822364807,1.399999976158142,0.5383036732673645,1.399999976158142,7.0,-8.0,1.0
371.97827315330505,1.399999976158142,0.3769989013671875,1.399999976158142,14.0,12.0,-2.0
372.1978621482849,1.399999976158142,0.26298433542251587,1.399999976158142,8.0,-4.0,0.0
372.4681930541992,1.3956358432769775,0.5909428596496582,1.399999976158142,7.0,-5.0,31.0
372.65816378593445,1.399999976158142,0.5597897171974182,1.399999976158142,2.0,-1.0,1.0
373.0278561115265,1.399999976158142,0.8731873035430908,1.399999976158142,1.0,-5.0,41.0
373.2377851009369,1.399999976158142,0.9272106885910034,1.399999976158142,-6.0,-2.0,-2.0
373.4474585056305,1.399999976158142,0.8861144781112671,1.399999976158142,5.0,12.0,4.0
373.8775234222412,1.3665447235107422,0.9604880213737488,1.399999976158142,-7.0,1.0,13.0
374.0876076221466,1.399999976158142,0.9281806945800781,1.399999976158142,-4.0,4.0,-2.0
374.31761622428894,1.399999976158142,0.91511470079422,1.399999976158142,1.0,1.0,-1.0
374.52766704559326,1.399999976158142,0.9632939100265503,1.399999976158142,-2.0,-3.0,24.0
374.87739849090576,1.399999976158142,1.1381282806396484,1.399999976158142,-13.0,-2.0,0.0
375.0875198841095,1.399999976158142,1.119274377822876,1.399999976158142,2.0,-13.0,-1.0
375.297563791275,1.399999976158142,1.0291484594345093,1.399999976158142,5.0,0.0,1.0
375.50718355178833,1.399999976158142,0.9718713760375977,1.399999976158142,3.0,2.0,1.0
375.7170968055725,1.399999976158142,0.9198559522628784,1.399999976158142,7.0,-3.0,1.0
375.9270672798157,1.399999976158142,0.9076636433601379,1.399999976158142,6.0,2.0,0.0
376.13696932792664,1.399999976158142,0.9685633182525635,1.399999976158142,-11.0,15.0,15.0
376.3471760749817,1.3052164316177368,0.9280855059623718,1.399999976158142,-2.0,-7.0,-2.0
376.5569019317627,1.3604882955551147,0.9447926878929138,1.399999976158142,-11.0,-11.0,-1.0
376.76682233810425,1.399999976158142,1.0366984605789185,1.399999976158142,-9.0,0.0,0.0
376.9767076969147,1.399999976158142,0.9974833130836487,1.399999976158142,10.0,5.0,2.0
377.18706226348877,1.399999976158142,1.05254065990448,1.399999976158142,-2.0,-3.0,0.0
377.3965561389923,1.399999976158142,1.06948983669281,1.399999976158142,1.0,8.0,-5.0
377.776736497879,1.399999976158142,1.1256651878356934,1.399999976158142,-5.0,4.0,-3.0
377.9865155220032,1.399999976158142,1.1272984743118286,1.399999976158142,-10.0,-3.0,-2.0
378.19662976264954,1.399999976158142,1.047224998474121,1.399999976158142,0.0,4.0,3.0
378.40660333633423,1.399999976158142,1.012052059173584,1.399999976158142,-1.0,-3.0,1.0
378.6168427467346,1.399999976158142,1.029267430305481,1.399999976158142,-8.0,1.0,-2.0
378.82648730278015,1.399999976158142,1.0614595413208008,1.399999976158142,-11.0,6.0,0.0
379.03689789772034,1.3228358030319214,0.9690886735916138,1.399999976158142,0.0,-3.0,0.0
379.2463948726654,1.3130427598953247,0.9754918217658997,1.399999976158142,-2.0,-11.0,1.0
379.4560651779175,1.3587965965270996,0.9226989150047302,1.399999976158142,8.0,-2.0,2.0
379.60703802108765,1.3910191059112549,0.8836167454719543,1.399999976158142,-2.0,-7.0,0.0
379.81619787216187,1.399999976158142,0.911288321018219,1.399999976158142,-6.0,6.0,-3.0
380.025897026062,1.399999976158142,0.8100427985191345,1.399999976158142,2.0,-1.0,1.0
380.2359616756439,1.399999976158142,0.7978470325469971,1.399999976158142,0.0,-3.0,2.0
380.4459147453308,1.399999976158142,0.7570307850837708,1.399999976158142,0.0,-1.0,2.0
380.6557409763336,1.399999976158142,0.753009557723999,1.399999976158142,4.0,-7.0,-1.0
380.86577129364014,1.399999976158142,0.8197710514068604,1.399999976158142,-6.0,5.0,1.0
381.0754623413086,1.399999976158142,0.8072147369384766,1.399999976158142,-8.0,5.0,-3.0
381.2856011390686,1.399999976158142,0.8300883769989014,1.399999976158142,-9.0,5.0,-2.0
381.4957091808319,1.3812601566314697,0.8240513801574707,1.399999976158142,-4.0,-7.0,-1.0
381.72557377815247,1.38937509059906,0.8060336112976074,1.399999976158142,-3.0,-10.0,-1.0
381.9353516101837,1.399999976158142,0.7697051763534546,1.399999976158142,10.0,12.0,1.0
382.14546155929565,1.399999976158142,0.7121579647064209,1.399999976158142,-8.0,8.0,-1.0
382.35552167892456,1.399999976158142,0.729004442691803,1.399999976158142,10.0,5.0,1.0
382.5952332019806,1.3645236492156982,0.7084655165672302,1.399999976158142,1.0,-13.0,-1.0
382.80529832839966,1.3647748231887817,0.7244135141372681,1.399999976158142,-8.0,-6.0,-1.0
383.01532888412476,1.399999976158142,0.6811750531196594,1.399999976158142,10.0,9.0,-1.0
383.22520780563354,1.399999976158142,0.631038248538971,1.399999976158142,-7.0,8.0,-1.0
383.4352762699127,1.399999976158142,0.5963479280471802,1.399999976158142,-2.0,7.0,0.0
383.6453924179077,1.399999976158142,0.5472280979156494,1.399999976158142,-9.0,-2.0,-1.0
383.855717420578,1.399999976158142,0.5542622804641724,1.399999976158142,-9.0,-7.0,-2.0
384.09498286247253,1.399999976158142,0.5702086091041565,1.399999976158142,-7.0,1.0,-1.0
384.30497431755066,1.399999976158142,0.5928313136100769,1.399999976158142,0.0,5.0,1.0
384.64486622810364,1.399999976158142,0.39564740657806396,1.399999976158142,3.0,2.0,0.0
385.0648636817932,1.399999976158142,0.20942731201648712,1.399999976158142,1.0,-5.0,-2.0
385.4447147846222,1.399999976158142,0.2712751030921936,1.399999976158142,2.0,4.0,-1.0
385.6544940471649,1.399999976158142,0.24878770112991333,1.399999976158142,-6.0,-2.0,2.0
385.86464285850525,1.399999976158142,0.3300187587738037,1.399999976158142,-3.0,-3.0,-3.0
386.0745348930359,1.399999976158142,0.26633480191230774,1.399999976158142,-4.0,-3.0,-1.0
386.2844021320343,1.399999976158142,0.19245079159736633,1.399999976158142,18.0,5.0,-2.0
386.4942891597748,1.399999976158142,0.23403483629226685,1.399999976158142,-2.0,3.0,0.0
386.70499563217163,1.399999976158142,0.2918536961078644,1.399999976158142,-9.0,4.0,24.0
386.9151952266693,1.399999976158142,0.3462381660938263,1.399999976158142,10.0,-1.0,34.0
387.12492299079895,1.3752367496490479,0.27144572138786316,1.399999976158142,8.0,-11.0,6.0
387.3344829082489,1.399999976158142,0.46760234236717224,1.399999976158142,10.0,7.0,38.0
387.54491782188416,1.3752278089523315,0.37266331911087036,1.399999976158142,3.0,2.0,0.0
387.75405621528625,1.384766697883606,0.36852145195007324,1.399999976158142,-7.0,-10.0,-4.0
388.0941529273987,1.3719409704208374,0.3155898451805115,1.399999976158142,2.0,-12.0,14.0
388.4756727218628,1.399999976158142,0.42701295018196106,1.399999976158142,-3.0,-6.0,0.0
388.6843292713165,1.399999976158142,0.4723823666572571,1.399999976158142,3.0,2.0,2.0
388.89401841163635,1.387819766998291,0.534915566444397,1.399999976158142,-2.0,-6.0,19.0
389.10364532470703,1.3893272876739502,0.6884278059005737,1.399999976158142,-6.0,0.0,20.0
389.31341791152954,1.3943558931350708,0.7035135626792908,1.399999976158142,-10.0,-7.0,-3.0
389.5236225128174,1.399999976158142,0.6586349010467529,1.399999976158142,6.0,-5.0,0.0
389.7337987422943,1.3634368181228638,0.8569051027297974,1.399999976158142,-7.0,-5.0,23.0
390.07335591316223,1.3302807807922363,0.7606915235519409,1.399999976158142,2.0,-3.0,0.0
390.4430556297302,1.3988957405090332,0.7232853174209595,1.399999976158142,-3.0,-4.0,2.0
390.6834964752197,1.399999976158142,0.716100811958313,1.399999976158142,-3.0,1.0,9.0
390.89316153526306,1.399999976158142,0.7363350987434387,1.399999976158142,-9.0,-3.0,2.0
391.1029095649719,1.3649654388427734,0.8386760354042053,1.399999976158142,3.0,-5.0,21.0
391.32406973838806,1.399999976158142,0.8366941213607788,1.399999976158142,9.0,5.0,0.0
391.53290152549744,1.399999976158142,0.843329131603241,1.399999976158142,2.0,-1.0,0.0
391.74292492866516,1.3846572637557983,0.8454670310020447,1.399999976158142,-5.0,-6.0,1.0
391.953250169754,1.399999976158142,0.8384289741516113,1.399999976158142,-2.0,-4.0,8.0
392.16286420822144,1.3973619937896729,0.8428255915641785,1.399999976158142,-7.0,2.0,-3.0
392.3724637031555,1.3242806196212769,0.7858171463012695,1.399999976158142,-3.0,-3.0,-3.0
392.5826907157898,1.3157312870025635,0.7956237196922302,1.399999976158142,-13.0,-21.0,5.0
392.79297828674316,1.399191975593567,0.7649544477462769,1.399999976158142,0.0,2.0,-2.0
393.0024392604828,1.399999976158142,0.8377964496612549,1.399999976158142,-9.0,3.0,3.0
393.2126371860504,1.3963522911071777,0.7988039255142212,1.399999976158142,10.0,-6.0,4.0
393.4223253726959,1.399999976158142,0.7470753192901611,1.399999976158142,-6.0,2.0,-5.0
393.6323821544647,1.399999976158142,0.7284793853759766,1.399999976158142,-16.0,-1.0,0.0
393.8625314235687,1.399999976158142,0.685936689376831,1.399999976158142,2.0,1.0,3.0
394.0724115371704,1.399999976158142,0.6498897075653076,1.399999976158142,0.0,-11.0,-1.0
394.4423689842224,1.399999976158142,0.5121114253997803,1.399999976158142,7.0,5.0,3.0
394.65219926834106,1.399999976158142,0.5319474935531616,1.399999976158142,7.0,-2.0,-5.0
394.86206555366516,1.399999976158142,0.5531941056251526,1.399999976158142,-8.0,3.0,0.0
395.2021908760071,1.399999976158142,0.5576712489128113,1.399999976158142,-3.0,6.0,-2.0
395.45207834243774,1.3744195699691772,0.5030696988105774,1.399999976158142,2.0,-5.0,2.0
395.7517297267914,1.3740607500076294,0.4741804301738739,1.399999976158142,-1.0,4.0,-2.0
395.961617231369,1.3522013425827026,0.4099842309951782,1.399999976158142,5.0,-12.0,-3.0
396.17168617248535,1.3767176866531372,0.32901737093925476,1.399999976158142,6.0,0.0,0.0
396.38148760795593,1.399999976158142,0.3223586976528168,1.399999976158142,-4.0,11.0,10.0
396.59173679351807,1.399999976158142,0.3100358843803406,1.399999976158142,0.0,2.0,1.0
396.8016769886017,1.399999976158142,0.2841528356075287,1.399999976158142,-1.0,2.0,0.0
397.01152777671814,1.399999976158142,0.2512212097644806,1.399999976158142,-2.0,2.0,-1.0
397.22153544425964,1.399999976158142,0.23929184675216675,1.399999976158142,3.0,5.0,0.0
397.4314033985138,1.399999976158142,0.32198575139045715,1.399999976158142,-4.0,1.0,-1.0
397.6412522792816,1.399999976158142,0.29584431648254395,1.399999976158142,1.0,0.0,1.0
397.85173177719116,1.399999976158142,0.30551862716674805,1.399999976158142,-3.0,4.0,-2.0
398.06160950660706,1.399999976158142,0.40230560302734375,1.399999976158142,-10.0,8.0,-2.0
398.2714035511017,1.366696834564209,0.3516596853733063,1.399999976158142,9.0,-3.0,-1.0
398.4813344478607,1.399999976158142,0.36271804571151733,1.399999976158142,-2.0,-7.0,0.0
398.6711800098419,1.399999976158142,0.4086412489414215,1.399999976158142,-2.0,15.0,0.0
398.8813760280609,1.399999976158142,0.3380416929721832,1.399999976158142,14.0,-7.0,0.0
399.0910542011261,1.399999976158142,0.3160417079925537,1.399999976158142,5.0,5.0,2.0
399.3015365600586,1.399999976158142,0.3298562467098236,1.399999976158142,0.0,4.0,1.0
399.51105403900146,1.399999976158142,0.2937774956226349,1.399999976158142,2.0,-6.0,0.0
399.7207498550415,1.399999976158142,0.3412494659423828,1.399999976158142,-9.0,9.0,-2.0
399.9308428764343,1.399999976158142,0.40713027119636536,1.399999976158142,-1.0,-1.0,0.0
400.1407296657562,1.390329360961914,0.37309467792510986,1.399999976158142,2.0,-8.0,-1.0
400.3510355949402,1.399999976158142,0.43432649970054626,1.399999976158142,-8.0,0.0,0.0
400.5618329048157,1.3601628541946411,0.5113617777824402,1.399999976158142,-2.0,-7.0,0.0
400.77061128616333,1.382283091545105,0.4803180694580078,1.399999976158142,2.0,-7.0,1.0
400.980429649353,1.399999976158142,0.5708820223808289,1.399999976158142,-12.0,-2.0,-4.0
401.19063115119934,1.399999976158142,0.6344531178474426,1.399999976158142,0.0,-4.0,1.0
401.4006452560425,1.399999976158142,0.545871913433075,1.399999976158142,21.0,5.0,-1.0
401.7308044433594,1.399999976158142,0.5954656004905701,1.399999976158142,-4.0,2.0,1.0
402.0399980545044,1.399999976158142,0.24118375778198242,1.399999976158142,17.0,4.0,-29.0
402.33073711395264,1.399999976158142,0.12588754296302795,1.399999976158142,8.0,-7.0,-2.0
402.540456533432,1.399999976158142,0.08344815671443939,1.399999976158142,2.0,3.0,0.0
402.75070309638977,1.3869227170944214,0.086465984582901,1.399999976158142,7.0,-7.0,2.0
402.96439933776855,1.399999976158142,0.0,1.399999976158142,7.0,3.0,-1.0
403.17056155204773,1.399999976158142,0.0,1.399999976158142,1.0,3.0,1.0
403.3800938129425,1.399999976158142,0.10028310865163803,1.399999976158142,6.0,-1.0,6.0
403.58977913856506,1.380904197692871,0.051036249846220016,1.399999976158142,9.0,-8.0,-1.0
403.7999882698059,1.399999976158142,0.05631043761968613,1.399999976158142,-8.0,14.0,0.0
404.01044750213623,1.399999976158142,0.16240963339805603,1.399999976158142,-5.0,7.0,-1.0
404.2196481227875,1.399999976158142,0.29510560631752014,1.399999976158142,6.0,-1.0,16.0
404.429833650589,1.399999976158142,0.27160099148750305,1.399999976158142,-2.0,5.0,-3.0
404.6396634578705,1.3642014265060425,0.3232262134552002,1.399999976158142,-3.0,-4.0,0.0
404.84973788261414,1.399999976158142,0.3433398902416229,1.399999976158142,3.0,0.0,0.0
405.05974102020264,1.399999976158142,0.33931857347488403,1.399999976158142,1.0,1.0,-2.0
405.26952385902405,1.3917127847671509,0.31395477056503296,1.399999976158142,6.0,-5.0,1.0
405.6093599796295,1.3833696842193604,0.4826478064060211,1.399999976158142,-10.0,-9.0,-2.0
406.0492253303528,1.399999976158142,0.3452202379703522,1.399999976158142,2.0,4.0,1.0
406.25916814804077,1.3776262998580933,0.5072410702705383,1.399999976158142,15.0,0.0,37.0
406.46911907196045,1.399999976158142,0.43396124243736267,1.399999976158142,2.0,4.0,0.0
406.67926931381226,1.399999976158142,0.4764445424079895,1.399999976158142,0.0,6.0,10.0
406.9193093776703,1.399999976158142,0.6431992650032043,1.399999976158142,0.0,5.0,45.0
407.12898778915405,1.399999976158142,0.6429478526115417,1.399999976158142,1.0,-3.0,-1.0
407.33889865875244,1.399999976158142,0.6229737997055054,1.399999976158142,-1.0,-6.0,1.0
407.55867624282837,1.399999976158142,0.6421939134597778,1.399999976158142,5.0,4.0,0.0
407.76916694641113,1.399999976158142,0.6221972703933716,1.399999976158142,6.0,8.0,14.0
408.11886954307556,1.399999976158142,0.6332942247390747,1.399999976158142,2.0,3.0,1.0
408.3295826911926,1.399999976158142,0.6733596324920654,1.399999976158142,0.0,1.0,0.0
408.54851722717285,1.3837995529174805,0.7797821164131165,1.399999976158142,-2.0,-5.0,2.0
408.7586510181427,1.399999976158142,0.7713669538497925,1.399999976158142,6.0,-5.0,2.0
408.96842408180237,1.399999976158142,1.0032145977020264,1.399999976158142,3.0,6.0,33.0
409.17854499816895,1.3768657445907593,1.1290700435638428,1.399999976158142,-7.0,-6.0,35.0
409.38845801353455,1.399999976158142,1.2326456308364868,1.399999976158142,-14.0,3.0,-6.0
409.5983934402466,1.3840444087982178,1.2872964143753052,1.399999976158142,1.0,-13.0,3.0
409.80831575393677,1.399999976158142,1.3060235977172852,1.399999976158142,12.0,-2.0,8.0
410.0181453227997,1.399999976158142,1.288820743560791,1.399999976158142,-3.0,-7.0,-1.0
410.2283535003662,1.399999976158142,1.359188199043274,1.399999976158142,8.0,1.0,5.0
410.43804955482483,1.399999976158142,1.374279499053955,1.399999976158142,-3.0,-7.0,8.0
410.6479094028473,1.399999976158142,1.3955013751983643,1.399999976158142,-3.0,8.0,-1.0
410.85804295539856,1.399999976158142,1.399999976158142,1.399999976158142,-6.0,11.0,18.0
411.06807255744934,1.399999976158142,1.390318512916565,1.399999976158142,-3.0,6.0,2.0
411.2787661552429,1.399999976158142,1.3722286224365234,1.399999976158142,-4.0,6.0,1.0
411.48831272125244,1.399999976158142,1.3820353746414185,1.399999976158142,-13.0,-3.0,4.0
411.6978454589844,1.398995041847229,1.399999976158142,1.399999976158142,-10.0,-1.0,13.0
411.9075267314911,1.399999976158142,1.3693429231643677,1.399999976158142,7.0,-2.0,-1.0
412.1176817417145,1.379897117614746,1.3355449438095093,1.399999976158142,5.0,-2.0,1.0
412.32754707336426,1.399999976158142,1.2377649545669556,1.399999976158142,24.0,0.0,0.0
412.5375473499298,1.399999976158142,1.1666131019592285,1.399999976158142,2.0,0.0,-2.0
412.87747859954834,1.399999976158142,1.0840426683425903,1.399999976158142,-5.0,-1.0,-3.0
413.08751106262207,1.364317536354065,1.0263727903366089,1.399999976158142,-11.0,-5.0,-1.0
413.4373140335083,1.399999976158142,0.6420897245407104,1.399999976158142,5.0,-1.0,7.0
413.64739632606506,1.399999976158142,0.6364380717277527,1.399999976158142,-3.0,2.0,0.0
413.85741996765137,1.399999976158142,0.7150049209594727,1.399999976158142,-5.0,-6.0,2.0
414.0673999786377,1.399999976158142,0.7229236364364624,1.399999976158142,0.0,9.0,-2.0
414.27728724479675,1.399999976158142,0.799266517162323,1.399999976158142,-9.0,13.0,-2.0
414.4872052669525,1.399999976158142,0.823418915271759,1.399999976158142,8.0,-5.0,0.0
414.69678139686584,1.3957319259643555,0.840867817401886,1.399999976158142,-17.0,-9.0,-2.0
414.9068269729614,1.399999976158142,0.801274299621582,1.399999976158142,10.0,-8.0,-1.0
415.116970539093,1.399999976158142,0.7483410835266113,1.399999976158142,3.0,1.0,0.0
415.3268885612488,1.399999976158142,0.795211911201477,1.399999976158142,-17.0,13.0,-4.0
415.5367171764374,1.399999976158142,0.8923056721687317,1.399999976158142,-13.0,7.0,-4.0
415.7470271587372,1.399999976158142,0.9394334554672241,1.399999976158142,7.0,-7.0,1.0
415.9568350315094,1.399999976158142,0.8800097107887268,1.399999976158142,8.0,-9.0,-2.0
416.16648530960083,1.399999976158142,0.7721716165542603,1.399999976158142,12.0,-5.0,1.0
416.37688398361206,1.399999976158142,0.7633687257766724,1.399999976158142,-3.0,3.0,-3.0
416.5865912437439,1.399999976158142,0.7747936844825745,1.399999976158142,-3.0,2.0,-2.0
416.7965338230133,1.399999976158142,0.8024638295173645,1.399999976158142,4.0,-1.0,-2.0
417.0064766407013,1.399999976158142,0.7310854196548462,1.399999976158142,10.0,2.0,-1.0
417.21671319007874,1.399999976158142,0.6510341167449951,1.399999976158142,10.0,-5.0,0.0
417.42630529403687,1.399999976158142,0.7935634255409241,1.399999976158142,-8.0,8.0,23.0
417.63644456863403,1.399999976158142,0.8009786605834961,1.399999976158142,5.0,3.0,2.0
417.84624910354614,1.399999976158142,0.7835163474082947,1.399999976158142,-1.0,-2.0,1.0
418.0566589832306,1.399999976158142,0.6606041789054871,1.399999976158142,6.0,-7.0,1.0
418.27019572257996,1.399999976158142,0.7092363238334656,1.399999976158142,-11.0,5.0,-4.0
418.48601818084717,1.3876279592514038,0.7962356209754944,1.399999976158142,-7.0,-1.0,-4.0
418.81634068489075,1.399999976158142,0.7999898791313171,1.399999976158142,-5.0,8.0,0.0
419.0661458969116,1.399999976158142,0.7002387046813965,1.399999976158142,18.0,0.0,0.0
419.27586126327515,1.399999976158142,0.6397067904472351,1.399999976158142,-5.0,-1.0,1.0
419.61586809158325,1.399999976158142,0.5442855358123779,1.399999976158142,9.0,4.0,5.0
419.8958764076233,1.399999976158142,0.5421063899993896,1.399999976158142,11.0,0.0,1.0
420.1055655479431,1.399999976158142,0.47801780700683594,1.399999976158142,5.0,-3.0,0.0
420.3160786628723,1.399999976158142,0.49233749508857727,1.399999976158142,1.0,4.0,-2.0
420.5658073425293,1.399999976158142,0.5623933672904968,1.399999976158142,-1.0,2.0,0.0
420.77548909187317,1.3881938457489014,0.5314964056015015,1.399999976158142,1.0,1.0,-1.0
420.98536801338196,1.399999976158142,0.5650526285171509,1.399999976158142,-10.0,-3.0,0.0
421.1952614784241,1.399999976158142,0.48650673031806946,1.399999976158142,6.0,-5.0,0.0
421.40540385246277,1.399999976158142,0.49392208456993103,1.399999976158142,5.0,2.0,0.0
421.61549973487854,1.399999976158142,0.4690450131893158,1.399999976158142,3.0,4.0,6.0
421.82535552978516,1.3825457096099854,0.48373669385910034,1.399999976158142,0.0,-6.0,-3.0
422.0355546474457,1.349105715751648,0.6480450630187988,1.399999976158142,-12.0,-9.0,11.0
422.2450649738312,1.399999976158142,0.6173959374427795,1.399999976158142,17.0,-1.0,2.0
422.4553654193878,1.3981136083602905,0.598028838634491,1.399999976158142,-1.0,-1.0,0.0
422.6550064086914,1.3026469945907593,0.6580842137336731,1.399999976158142,-3.0,-23.0,3.0
422.86520433425903,1.3482609987258911,0.8057329058647156,1.399999976158142,-27.0,-12.0,14.0
423.0748701095581,1.398133635520935,0.6654111742973328,1.399999976158142,3.0,-8.0,13.0
423.28534293174744,1.399999976158142,0.4461396038532257,1.399999976158142,15.0,7.0,-2.0
423.49488258361816,1.399999976158142,0.4372154772281647,1.399999976158142,-6.0,-2.0,1.0
423.7051908969879,1.399999976158142,0.47907331585884094,1.399999976158142,24.0,-8.0,28.0
423.91491079330444,1.399999976158142,0.4711587429046631,1.399999976158142,-8.0,-1.0,-4.0
424.12489318847656,1.3476006984710693,0.5344903469085693,1.399999976158142,-9.0,-9.0,-3.0
424.33485746383667,1.3112807273864746,0.534993052482605,1.399999976158142,-8.0,-10.0,2.0
424.5449194908142,1.377274990081787,0.7082123160362244,1.399999976158142,-3.0,-2.0,43.0
424.75435185432434,1.3365960121154785,0.5973494052886963,1.399999976158142,9.0,-6.0,-2.0
424.9644410610199,1.2049304246902466,0.6236071586608887,1.399999976158142,-9.0,-20.0,-6.0
425.1744821071625,1.242540955543518,0.7044886946678162,1.399999976158142,-7.0,-14.0,-10.0
425.40469884872437,1.3336330652236938,0.938961386680603,1.399999976158142,16.0,10.0,42.0
425.61434864997864,1.3621559143066406,1.060214877128601,1.399999976158142,-9.0,-12.0,11.0
425.8244025707245,1.399999976158142,1.0391137599945068,1.399999976158142,1.0,-1.0,-1.0
426.0343539714813,1.399999976158142,1.0401195287704468,1.399999976158142,-10.0,2.0,-2.0
426.24427604675293,1.399999976158142,1.0260378122329712,1.399999976158142,-1.0,7.0,-2.0
426.45443320274353,1.399999976158142,1.0146063566207886,1.399999976158142,4.0,6.0,0.0
426.6640667915344,1.399999976158142,1.046526551246643,1.399999976158142,2.0,-2.0,1.0
426.8740904331207,1.399999976158142,1.1661134958267212,1.399999976158142,3.0,1.0,41.0
427.08433175086975,1.399999976158142,1.081122636795044,1.399999976158142,7.0,-4.0,2.0
427.29411911964417,1.399999976158142,0.9836511611938477,1.399999976158142,3.0,7.0,1.0
427.50387239456177,1.3619099855422974,1.2163392305374146,1.399999976158142,5.0,-11.0,32.0
427.7137818336487,1.399999976158142,1.1816734075546265,1.399999976158142,-2.0,-4.0,2.0
427.92389941215515,1.399999976158142,1.1659671068191528,1.399999976158142,0.0,-8.0,-3.0
428.2536606788635,1.399999976158142,1.3347933292388916,1.399999976158142,-15.0,1.0,-5.0
428.4638681411743,1.399999976158142,1.399999976158142,1.399999976158142,-1.0,-2.0,38.0
428.6339294910431,1.399999976158142,1.340346097946167,1.399999976158142,4.0,1.0,3.0
428.8438079357147,1.376631498336792,1.2628281116485596,1.399999976158142,4.0,-5.0,3.0
429.17365074157715,1.3791990280151367,1.2452499866485596,1.399999976158142,-3.0,1.0,0.0
429.4243106842041,1.380395531654358,1.2980480194091797,1.399999976158142,-7.0,-3.0,14.0
429.6334750652313,1.399999976158142,1.2802212238311768,1.399999976158142,8.0,-12.0,1.0
429.8433532714844,1.399999976158142,1.2460293769836426,1.399999976158142,-5.0,14.0,0.0
430.05336117744446,1.399999976158142,1.309120774269104,1.399999976158142,8.0,-9.0,18.0
430.26344442367554,1.3678232431411743,1.3558775186538696,1.399999976158142,-5.0,-3.0,-1.0
430.47341895103455,1.3807623386383057,1.399999976158142,1.399999976158142,-4.0,-10.0,1.0
430.6334025859833,1.3059165477752686,1.381887435913086,1.399999976158142,-4.0,-4.0,0.0
430.8431873321533,1.399999976158142,1.3570294380187988,1.399999976158142,-1.0,-3.0,-1.0
431.0535354614258,1.399999976158142,1.3023492097854614,1.399999976158142,-3.0,-3.0,-2.0
431.263320684433,1.399999976158142,1.3232187032699585,1.399999976158142,-6.0,5.0,-3.0
431.4729948043823,1.399999976158142,1.2718483209609985,1.399999976158142,2.0,4.0,-2.0
431.62285804748535,1.399999976158142,1.3472952842712402,1.399999976158142,-12.0,3.0,-6.0
431.9129822254181,1.399999976158142,1.399999976158142,1.399999976158142,8.0,-2.0,29.0
432.12276816368103,1.399999976158142,1.2562559843063354,1.399999976158142,9.0,8.0,5.0
432.5728163719177,1.399999976158142,1.25221586227417,1.399999976158142,4.0,-11.0,-5.0
432.78261637687683,1.399999976158142,1.255733847618103,1.399999976158142,3.0,10.0,-6.0
432.992906332016,1.399999976158142,1.2838947772979736,1.399999976158142,-12.0,4.0,-4.0
433.2023711204529,1.399999976158142,1.261291265487671,1.399999976158142,3.0,-2.0,0.0
433.42244052886963,1.399999976158142,1.2776139974594116,1.399999976158142,-2.0,1.0,-2.0
433.6524164676666,1.399999976158142,1.3423279523849487,1.399999976158142,-7.0,-1.0,-1.0
433.8624339103699,1.399999976158142,1.3269926309585571,1.399999976158142,-1.0,-5.0,-1.0
434.072304725647,1.3230241537094116,1.3963085412979126,1.399999976158142,-5.0,-20.0,-4.0
434.29246973991394,1.399999976158142,1.2761564254760742,1.399999976158142,0.0,-10.0,5.0
434.50219917297363,1.399999976158142,1.2846978902816772,1.399999976158142,-1.0,0.0,-2.0
434.88210797309875,1.399999976158142,1.3945255279541016,1.399999976158142,-19.0,3.0,-9.0
435.092444896698,1.3585200309753418,1.399999976158142,1.399999976158142,16.0,3.0,1.0
435.3018584251404,1.399999976158142,1.3640731573104858,1.399999976158142,6.0,12.0,2.0
435.5121364593506,1.3684366941452026,1.399999976158142,1.399999976158142,-12.0,-4.0,-4.0
435.7221908569336,1.399999976158142,1.3751256465911865,1.399999976158142,6.0,8.0,-5.0
435.931923866272,1.399999976158142,1.3110196590423584,1.399999976158142,9.0,-8.0,3.0
436.14207100868225,1.399999976158142,1.3298660516738892,1.399999976158142,-3.0,7.0,2.0
436.3515565395355,1.399999976158142,1.3950412273406982,1.399999976158142,1.0,-7.0,16.0
436.5618185997009,1.399999976158142,1.2676806449890137,1.399999976158142,15.0,12.0,2.0
436.77170991897583,1.366974115371704,1.2404311895370483,1.399999976158142,-16.0,-8.0,0.0
436.98155975341797,1.366974115371704,1.1258554458618164,1.399999976158142,15.0,-7.0,6.0
437.19168639183044,1.399999976158142,0.9853385090827942,1.399999976158142,16.0,-1.0,0.0
437.40153765678406,1.399999976158142,0.970889687538147,1.399999976158142,-8.0,-7.0,-4.0
437.6115515232086,1.399999976158142,0.9981504082679749,1.399999976158142,8.0,10.0,-4.0
437.82159757614136,1.399999976158142,1.0520778894424438,1.399999976158142,-11.0,0.0,-5.0
438.0313813686371,1.399999976158142,1.0446666479110718,1.399999976158142,-6.0,8.0,-1.0
438.34123516082764,1.399999976158142,0.9751062393188477,1.399999976158142,3.0,-3.0,-1.0
438.6014680862427,1.399999976158142,0.9847573637962341,1.399999976158142,1.0,7.0,-2.0
438.8111958503723,1.399999976158142,0.9931679964065552,1.399999976158142,-8.0,-1.0,-3.0
439.021253824234,1.399999976158142,1.0044838190078735,1.399999976158142,-3.0,-1.0,1.0
439.23166251182556,1.399999976158142,0.9879037737846375,1.399999976158142,-1.0,4.0,1.0
439.44087266921997,1.399999976158142,1.013038992881775,1.399999976158142,1.0,-10.0,2.0
439.65104722976685,1.399999976158142,0.9489580392837524,1.399999976158142,15.0,-2.0,-5.0
439.8608491420746,1.399999976158142,0.9532353281974792,1.399999976158142,2.0,4.0,-1.0
440.07074642181396,1.399999976158142,1.030301809310913,1.399999976158142,-4.0,10.0,-1.0
440.28077936172485,1.3769848346710205,1.0999759435653687,1.399999976158142,-4.0,-9.0,4.0
440.4906575679779,1.399999976158142,0.9874470829963684,1.399999976158142,-2.0,-1.0,1.0
440.8306157588959,1.399999976158142,1.0493237972259521,1.399999976158142,2.0,9.0,-3.0
441.0406823158264,1.399999976158142,0.9738286137580872,1.399999976158142,1.0,3.0,-2.0
441.2708864212036,1.3494672775268555,0.8339344263076782,1.399999976158142,-5.0,5.0,1.0
441.48092341423035,1.3357782363891602,0.8834160566329956,1.399999976158142,-11.0,-6.0,0.0
441.8305993080139,1.399999976158142,0.802986741065979,1.399999976158142,-8.0,-5.0,-4.0
442.0404574871063,1.399999976158142,1.0658316612243652,1.399999976158142,-9.0,10.0,-8.0
442.25047993659973,1.399999976158142,0.9926681518554688,1.399999976158142,7.0,-10.0,0.0
442.4606809616089,1.399999976158142,1.0217032432556152,1.399999976158142,6.0,2.0,-4.0
442.6704406738281,1.399999976158142,1.027735948562622,1.399999976158142,7.0,3.0,-2.0
442.88022327423096,1.399999976158142,0.9856618046760559,1.399999976158142,1.0,0.0,2.0
443.0902647972107,1.399999976158142,0.9240542650222778,1.399999976158142,-2.0,9.0,-7.0
443.3001697063446,1.399999976158142,0.8641454577445984,1.399999976158142,11.0,-8.0,-2.0
443.5103940963745,1.399999976158142,0.8420245051383972,1.399999976158142,12.0,-6.0,1.0
443.72018361091614,1.399999976158142,0.8641403913497925,1.399999976158142,-4.0,5.0,1.0
443.9303832054138,1.399999976158142,0.9007012844085693,1.399999976158142,-16.0,6.0,-1.0
444.1399998664856,1.399999976158142,0.9272158741950989,1.399999976158142,3.0,-8.0,2.0
444.3501629829407,1.399999976158142,1.0706932544708252,1.399999976158142,5.0,-3.0,31.0
444.6301929950714,1.399999976158142,1.0643292665481567,1.399999976158142,-5.0,-7.0,-1.0
444.8398005962372,1.3928343057632446,1.0051181316375732,1.399999976158142,2.0,-11.0,-3.0
445.0499048233032,1.399999976158142,0.9809852838516235,1.399999976158142,11.0,1.0,3.0
445.25988698005676,1.399999976158142,0.8822596073150635,1.399999976158142,9.0,0.0,0.0
445.46957087516785,1.399999976158142,0.8840191960334778,1.399999976158142,-2.0,4.0,1.0
445.66015911102295,1.399999976158142,0.9371011853218079,1.399999976158142,1.0,8.0,-1.0
445.99952244758606,1.3955249786376953,0.9891740679740906,1.399999976158142,-14.0,-7.0,21.0
446.2092719078064,1.399999976158142,1.0552698373794556,1.399999976158142,-2.0,-7.0,-1.0
446.42047119140625,1.399999976158142,1.0606791973114014,1.399999976158142,4.0,1.0,-1.0
446.6292173862457,1.399999976158142,1.0236331224441528,1.399999976158142,9.0,-1.0,2.0
446.8397059440613,1.399999976158142,0.9752212166786194,1.399999976158142,17.0,11.0,2.0
447.04937267303467,1.399999976158142,0.9533616304397583,1.399999976158142,5.0,-3.0,0.0
447.25963020324707,1.2966885566711426,0.8700338006019592,1.399999976158142,3.0,-10.0,5.0
447.4691495895386,1.2270708084106445,0.8428903818130493,1.399999976158142,-14.0,-11.0,0.0
447.6891505718231,1.2614264488220215,1.0407315492630005,1.399999976158142,3.0,-5.0,19.0
447.89900040626526,1.399999976158142,1.0669989585876465,1.399999976158142,-8.0,5.0,13.0
448.1092050075531,1.399999976158142,1.0965262651443481,1.399999976158142,7.0,9.0,-1.0
448.3193564414978,1.399999976158142,0.989266037940979,1.399999976158142,18.0,0.0,9.0
448.5290367603302,1.399999976158142,1.1250808238983154,1.399999976158142,7.0,-5.0,46.0
448.73887848854065,1.399999976158142,1.0907654762268066,1.399999976158142,-7.0,-3.0,-1.0
448.948832988739,1.399999976158142,1.159645676612854,1.399999976158142,0.0,-4.0,-4.0
449.1586604118347,1.399999976158142,1.1011041402816772,1.399999976158142,10.0,-1.0,1.0
449.3688142299652,1.399999976158142,1.2060974836349487,1.399999976158142,5.0,8.0,38.0
449.70953607559204,1.399999976158142,1.327521562576294,1.399999976158142,-10.0,0.0,-2.0
449.97890639305115,1.399999976158142,1.3865081071853638,1.399999976158142,-3.0,4.0,5.0
450.1885757446289,1.399999976158142,1.399999976158142,1.399999976158142,13.0,0.0,46.0
450.39870595932007,1.399999976158142,1.33986234664917,1.399999976158142,6.0,-2.0,13.0
450.608243227005,1.3803963661193848,1.3083207607269287,1.399999976158142,12.0,-3.0,1.0
450.8188898563385,1.399999976158142,1.399999976158142,1.399999976158142,15.0,4.0,26.0
451.0284700393677,1.3175220489501953,1.399999976158142,1.399999976158142,9.0,-9.0,29.0
451.23833417892456,1.385833740234375,1.3713693618774414,1.399999976158142,9.0,1.0,-2.0
451.44821405410767,1.399999976158142,1.233572244644165,1.399999976158142,-5.0,-1.0,-4.0
451.6583435535431,1.399999976158142,1.1493682861328125,1.399999976158142,2.0,-2.0,-3.0
451.86819314956665,1.399999976158142,1.0774799585342407,1.399999976158142,3.0,-4.0,0.0
452.0794413089752,1.399999976158142,1.087152123451233,1.399999976158142,-3.0,1.0,-2.0
452.2880771160126,1.399999976158142,1.085895299911499,1.399999976158142,1.0,1.0,-1.0
452.57822036743164,1.399999976158142,1.0095192193984985,1.399999976158142,1.0,-4.0,0.0
452.7880573272705,1.399999976158142,1.0351510047912598,1.399999976158142,-1.0,-6.0,0.0
452.9981861114502,1.399999976158142,1.0181885957717896,1.399999976158142,2.0,2.0,1.0
453.20836091041565,1.399999976158142,1.0042431354522705,1.399999976158142,0.0,4.0,0.0
453.4180271625519,1.399999976158142,1.0320345163345337,1.399999976158142,-3.0,3.0,0.0
453.62758326530457,1.399999976158142,1.0218653678894043,1.399999976158142,3.0,8.0,0.0
453.83961606025696,1.3485838174819946,0.9075933694839478,1.399999976158142,14.0,-4.0,0.0
454.0476655960083,1.399999976158142,0.8212824463844299,1.399999976158142,3.0,-9.0,2.0
454.25774931907654,1.388309121131897,0.8154999017715454,1.399999976158142,-2.0,-10.0,-1.0
454.467413187027,1.399999976158142,0.9106428623199463,1.399999976158142,-6.0,3.0,-2.0
454.71750020980835,1.399999976158142,0.9296402931213379,1.399999976158142,-7.0,3.0,-3.0
454.92751264572144,1.399999976158142,1.0088194608688354,1.399999976158142,-9.0,-1.0,-4.0
455.13728308677673,1.399999976158142,0.9347261786460876,1.399999976158142,5.0,-9.0,1.0
455.3474898338318,1.399999976158142,0.8804174065589905,1.399999976158142,1.0,5.0,1.0
455.5573651790619,1.399999976158142,0.9128400683403015,1.399999976158142,0.0,10.0,-2.0
455.78687047958374,1.399999976158142,0.8884897232055664,1.399999976158142,0.0,5.0,0.0
455.99725699424744,1.399999976158142,0.9385153651237488,1.399999976158142,-7.0,7.0,-3.0
456.22710275650024,1.399999976158142,0.8729886412620544,1.399999976158142,2.0,6.0,1.0
456.4375066757202,1.399999976158142,0.8794008493423462,1.399999976158142,-9.0,3.0,-1.0
456.7769947052002,1.399999976158142,0.7744235992431641,1.399999976158142,8.0,-8.0,1.0
457.1970338821411,1.399999976158142,0.7721619606018066,1.399999976158142,-2.0,11.0,0.0
457.59654927253723,1.399999976158142,0.6524916887283325,1.399999976158142,1.0,0.0,1.0
457.80705547332764,1.399999976158142,0.6069976687431335,1.399999976158142,3.0,2.0,0.0
458.0165071487427,1.399999976158142,0.6930105686187744,1.399999976158142,-14.0,-1.0,-2.0
458.2265543937683,1.399999976158142,0.7058311700820923,1.399999976158142,-2.0,5.0,1.0
458.4366943836212,1.399999976158142,0.7093521356582642,1.399999976158142,0.0,-4.0,-1.0
458.6465096473694,1.399999976158142,0.6768050193786621,1.399999976158142,5.0,-4.0,4.0
458.8562970161438,1.399999976158142,0.6290677785873413,1.399999976158142,-3.0,-8.0,-1.0
459.18678522109985,1.399999976158142,0.6120880246162415,1.399999976158142,-1.0,-5.0,1.0
459.39649534225464,1.38264799118042,0.5991369485855103,1.399999976158142,6.0,-12.0,0.0
459.66642236709595,1.399999976158142,0.5879892706871033,1.399999976158142,-19.0,7.0,2.0
459.8760914802551,1.399999976158142,0.5828397274017334,1.399999976158142,-3.0,5.0,-2.0
460.08629512786865,1.399999976158142,0.6171407103538513,1.399999976158142,-2.0,5.0,0.0
460.295866727829,1.399999976158142,0.6451674699783325,1.399999976158142,-7.0,-1.0,0.0
460.57668924331665,1.399999976158142,0.7993826866149902,1.399999976158142,-9.0,11.0,-1.0
460.7860252857208,1.3547605276107788,0.7665840983390808,1.399999976158142,0.0,-12.0,2.0
460.99581480026245,1.3449649810791016,0.7497557997703552,1.399999976158142,2.0,-8.0,2.0
461.20574021339417,1.399999976158142,0.7782723903656006,1.399999976158142,5.0,1.0,-2.0
461.4161288738251,1.3626470565795898,0.8448033332824707,1.399999976158142,-2.0,-1.0,-2.0
461.6257119178772,1.3554834127426147,0.8114985823631287,1.399999976158142,1.0,-7.0,2.0
461.8359181880951,1.3498296737670898,0.7694094181060791,1.399999976158142,7.0,-3.0,-1.0
462.0454840660095,1.399999976158142,0.8055957555770874,1.399999976158142,-4.0,4.0,1.0
462.2564425468445,1.399999976158142,0.7952979207038879,1.399999976158142,-1.0,-3.0,-5.0
462.46568536758423,1.399999976158142,0.8103877902030945,1.399999976158142,-4.0,3.0,-3.0
462.6754860877991,1.3935905694961548,0.8225783109664917,1.399999976158142,-4.0,-5.0,-2.0
462.8854558467865,1.399999976158142,0.7368132472038269,1.399999976158142,17.0,4.0,-3.0
463.0955753326416,1.3782637119293213,0.6188345551490784,1.399999976158142,-4.0,0.0,1.0
463.3051645755768,1.399999976158142,0.566286027431488,1.399999976158142,-9.0,2.0,10.0
463.5204918384552,1.399999976158142,0.553347647190094,1.399999976158142,-3.0,5.0,-2.0
463.72533917427063,1.399999976158142,0.7547896504402161,1.399999976158142,-14.0,3.0,36.0
463.93518590927124,1.399999976158142,0.6860390901565552,1.399999976158142,-3.0,-4.0,-1.0
464.14511156082153,1.398492693901062,0.6631782650947571,1.399999976158142,0.0,2.0,0.0
464.35488390922546,1.399999976158142,0.6521257162094116,1.399999976158142,8.0,-4.0,0.0
464.5651750564575,1.399999976158142,0.7413789629936218,1.399999976158142,2.0,12.0,17.0
464.77484107017517,1.3699654340744019,0.657558798789978,1.399999976158142,-5.0,5.0,2.0
464.98463201522827,1.399999976158142,0.6785355806350708,1.399999976158142,-20.0,-11.0,-3.0
465.1950490474701,1.399999976158142,0.6726260781288147,1.399999976158142,1.0,-3.0,3.0
465.4044363498688,1.399999976158142,0.7020119428634644,1.399999976158142,-1.0,1.0,-3.0
465.61492133140564,1.399999976158142,0.6444008946418762,1.399999976158142,3.0,-4.0,-1.0
465.82461428642273,1.391459584236145,0.6481687426567078,1.399999976158142,4.0,-14.0,1.0
466.0350031852722,1.399999976158142,0.7274864315986633,1.399999976158142,-9.0,-4.0,-2.0
466.2447395324707,1.399999976158142,0.7585144639015198,1.399999976158142,-14.0,1.0,0.0
466.45441126823425,1.399999976158142,0.8091647028923035,1.399999976158142,-4.0,-5.0,1.0
466.66440892219543,1.399999976158142,0.8100441694259644,1.399999976158142,0.0,0.0,-1.0
466.87442350387573,1.399999976158142,0.8013709187507629,1.399999976158142,4.0,-1.0,0.0
467.08431100845337,1.399999976158142,0.7790154218673706,1.399999976158142,5.0,-6.0,3.0
467.30432534217834,1.399999976158142,0.7800686955451965,1.399999976158142,-6.0,2.0,-3.0
467.5141341686249,1.399999976158142,0.7619693279266357,1.399999976158142,-4.0,6.0,-3.0
467.8640878200531,1.399999976158142,0.7412343621253967,1.399999976158142,0.0,5.0,0.0
468.07416892051697,1.399999976158142,0.6884341835975647,1.399999976158142,-5.0,2.0,1.0
468.2842059135437,1.399999976158142,0.6272687911987305,1.399999976158142,-1.0,-4.0,1.0
468.49374318122864,1.399999976158142,0.6096823811531067,1.399999976158142,-2.0,4.0,-2.0
468.7041561603546,1.399999976158142,0.5304636359214783,1.399999976158142,3.0,6.0,3.0
468.91388416290283,1.3932121992111206,0.5719443559646606,1.399999976158142,-8.0,-6.0,-2.0
469.1238000392914,1.399999976158142,0.542930543422699,1.399999976158142,17.0,-11.0,2.0
469.3340709209442,1.399999976158142,0.44325631856918335,1.399999976158142,8.0,10.0,3.0
469.54403924942017,1.399999976158142,0.4442611634731293,1.399999976158142,-13.0,6.0,-1.0
469.7534716129303,1.399999976158142,0.48988932371139526,1.399999976158142,2.0,-1.0,-2.0
469.96395087242126,1.399999976158142,0.4065539538860321,1.399999976158142,13.0,5.0,3.0
470.17397022247314,1.399999976158142,0.3761431574821472,1.399999976158142,-2.0,-10.0,-2.0
470.3835668563843,1.399999976158142,0.44902855157852173,1.399999976158142,-10.0,0.0,-5.0
470.59329986572266,1.356799602508545,0.46472635865211487,1.399999976158142,-12.0,-9.0,0.0
470.8041958808899,1.399999976158142,0.44938573241233826,1.399999976158142,-5.0,1.0,-2.0
471.0130696296692,1.35844087600708,0.4281667470932007,1.399999976158142,-9.0,-9.0,-2.0
471.34360241889954,1.399999976158142,0.4664907157421112,1.399999976158142,-2.0,1.0,-5.0
471.63349175453186,1.399999976158142,0.37384939193725586,1.399999976158142,15.0,-1.0,-3.0
471.8431205749512,1.3991204500198364,0.100315622985363,1.399999976158142,1.0,11.0,-33.0
472.05289125442505,1.399999976158142,0.019282503053545952,1.399999976158142,-4.0,-4.0,-5.0
472.26288080215454,1.399999976158142,0.004959688056260347,1.399999976158142,-2.0,5.0,-1.0
472.6027934551239,1.399999976158142,0.0,1.399999976158142,-4.0,7.0,3.0
472.972806930542,1.399999976158142,0.0,1.399999976158142,-1.0,2.0,3.0
473.1827869415283,1.399999976158142,0.013199607841670513,1.399999976158142,-4.0,-5.0,1.0
473.39351320266724,1.399999976158142,0.0,1.399999976158142,12.0,0.0,3.0
473.6025595664978,1.399999976158142,0.0,1.399999976158142,-6.0,4.0,-5.0
473.8124632835388,1.3535114526748657,0.022490402683615685,1.399999976158142,-1.0,4.0,-6.0
474.0226695537567,1.399999976158142,0.07402633130550385,1.399999976158142,-15.0,18.0,-1.0
474.23265290260315,1.3997485637664795,0.024377284571528435,1.399999976158142,-4.0,-1.0,-10.0
474.4425871372223,1.399999976158142,0.006786772515624762,1.399999976158142,4.0,2.0,-1.0
474.77249550819397,1.399999976158142,0.042718932032585144,1.399999976158142,7.0,-3.0,1.0
475.02214789390564,1.399999976158142,0.05453604832291603,1.399999976158142,-5.0,8.0,-1.0
475.2324423789978,1.399999976158142,0.04285220429301262,1.399999976158142,-2.0,-7.0,-1.0
475.4424488544464,1.399999976158142,0.010288055054843426,1.399999976158142,3.0,1.0,2.0
475.65260219573975,1.393087387084961,0.0,1.399999976158142,-7.0,0.0,-23.0
475.88217782974243,1.399999976158142,0.11145370453596115,1.399999976158142,-11.0,1.0,-5.0
476.0922358036041,1.399999976158142,0.1377209573984146,1.399999976158142,-4.0,2.0,0.0
476.3018102645874,1.399999976158142,0.295073539018631,1.399999976158142,6.0,-5.0,29.0
476.5121350288391,1.399999976158142,0.21332471072673798,1.399999976158142,2.0,-2.0,1.0
476.72231245040894,1.399999976158142,0.19397136569023132,1.399999976158142,1.0,3.0,-2.0
476.93179297447205,1.399999976158142,0.23793695867061615,1.399999976158142,-4.0,6.0,-1.0
477.14182138442993,1.3860547542572021,0.2442186027765274,1.399999976158142,-3.0,-4.0,-1.0
477.56154680252075,1.399999976158142,0.185411274433136,1.399999976158142,-1.0,-5.0,1.0
477.7720079421997,1.399999976158142,0.12398388981819153,1.399999976158142,2.0,-3.0,1.0
477.9915454387665,1.399999976158142,0.17666374146938324,1.399999976158142,-1.0,5.0,-2.0
478.2012457847595,1.399999976158142,0.17955349385738373,1.399999976158142,-3.0,-2.0,-7.0
478.4121572971344,1.399999976158142,0.2530349791049957,1.399999976158142,-6.0,2.0,-6.0
478.621390581131,1.399999976158142,0.21970835328102112,1.399999976158142,1.0,8.0,3.0
478.8315329551697,1.399999976158142,0.17056137323379517,1.399999976158142,1.0,-3.0,0.0
479.0415494441986,1.397863745689392,0.13248613476753235,1.399999976158142,8.0,-6.0,0.0
479.2516028881073,1.399999976158142,0.1130242869257927,1.399999976158142,1.0,-1.0,-1.0
479.4613881111145,1.399999976158142,0.18569017946720123,1.399999976158142,-5.0,-4.0,-3.0
479.67120122909546,1.399999976158142,0.24652568995952606,1.399999976158142,-4.0,2.0,-1.0
479.8810524940491,1.399999976158142,0.22616523504257202,1.399999976158142,-1.0,0.0,0.0
480.09125876426697,1.399999976158142,0.15974225103855133,1.399999976158142,5.0,-2.0,1.0
480.3010103702545,1.399999976158142,0.11272605508565903,1.399999976158142,2.0,-4.0,-1.0
480.64084649086,1.399999976158142,0.0602622926235199,1.399999976158142,-3.0,-1.0,-1.0
480.9505696296692,1.3979579210281372,0.05172266811132431,1.399999976158142,-6.0,-4.0,1.0
481.2406196594238,1.399999976158142,0.09926757961511612,1.399999976158142,1.0,2.0,-1.0
481.45056891441345,1.399999976158142,0.12765923142433167,1.399999976158142,0.0,3.0,1.0
481.6603536605835,1.399999976158142,0.12012413889169693,1.399999976158142,1.0,-5.0,-2.0
481.87027883529663,1.399999976158142,0.08028926700353622,1.399999976158142,4.0,-3.0,2.0
482.28087639808655,1.399999976158142,0.15511992573738098,1.399999976158142,-3.0,3.0,-2.0
482.5204634666443,1.399999976158142,0.1544017642736435,1.399999976158142,0.0,1.0,0.0
482.731068611145,1.399999976158142,0.11505979299545288,1.399999976158142,-2.0,-6.0,0.0
482.9402205944061,1.399999976158142,0.14258909225463867,1.399999976158142,-4.0,6.0,2.0
483.1503686904907,1.399999976158142,0.20350615680217743,1.399999976158142,-7.0,4.0,-2.0
483.3628146648407,1.399999976158142,0.3029541075229645,1.399999976158142,-4.0,0.0,-2.0
483.5799894332886,1.369881272315979,0.3359662592411041,1.399999976158142,-1.0,-8.0,0.0
483.7901654243469,1.399999976158142,0.29849183559417725,1.399999976158142,8.0,0.0,1.0
483.9998071193695,1.399999976158142,0.30263620615005493,1.399999976158142,1.0,5.0,0.0
484.20995926856995,1.399999976158142,0.3373337984085083,1.399999976158142,3.0,6.0,0.0
484.4201068878174,1.3717259168624878,0.32489320635795593,1.399999976158142,3.0,1.0,1.0
484.6299035549164,1.3805171251296997,0.2921144664287567,1.399999976158142,2.0,-6.0,0.0
484.83984756469727,1.399999976158142,0.25301456451416016,1.399999976158142,3.0,1.0,1.0
485.04975056648254,1.399999976158142,0.27388280630111694,1.399999976158142,-1.0,0.0,-2.0
485.25978565216064,1.399999976158142,0.3321666717529297,1.399999976158142,-2.0,2.0,-2.0
485.4696547985077,1.3934686183929443,0.3433452546596527,1.399999976158142,-4.0,0.0,-1.0
485.61069083213806,1.399999976158142,0.34409910440444946,1.399999976158142,3.0,1.0,0.0
485.83085441589355,1.399999976158142,0.3251529037952423,1.399999976158142,2.0,-5.0,0.0
486.04920864105225,1.399999976158142,0.28733959794044495,1.399999976158142,1.0,-3.0,3.0
486.25953483581543,1.399999976158142,0.2897283434867859,1.399999976158142,4.0,-2.0,0.0
486.58951234817505,1.399999976158142,0.24628767371177673,1.399999976158142,5.0,1.0,1.0
486.799054145813,1.399999976158142,0.29689958691596985,1.399999976158142,-6.0,7.0,-1.0
487.0090687274933,1.399999976158142,0.3614640533924103,1.399999976158142,-9.0,-4.0,-1.0
487.22921228408813,1.399999976158142,0.3291822373867035,1.399999976158142,-3.0,-6.0,1.0
487.45928621292114,1.399999976158142,0.3421179950237274,1.399999976158142,-2.0,-1.0,-1.0
487.66910099983215,1.399999976158142,0.4323102831840515,1.399999976158142,-8.0,1.0,-2.0
487.87890672683716,1.399999976158142,0.4991494417190552,1.399999976158142,4.0,8.0,0.0
488.0887825489044,1.399999976158142,0.6075663566589355,1.399999976158142,-15.0,12.0,5.0
488.2990143299103,1.399999976158142,0.6404890418052673,1.399999976158142,5.0,-1.0,4.0
488.6091866493225,1.399999976158142,0.7746434807777405,1.399999976158142,7.0,1.0,27.0
489.01857566833496,1.399999976158142,0.7074283957481384,1.399999976158142,5.0,-2.0,4.0
489.2287139892578,1.399999976158142,0.6889398097991943,1.399999976158142,4.0,1.0,2.0
489.43887186050415,1.399999976158142,0.7061386108398438,1.399999976158142,1.0,4.0,0.0
489.64933490753174,1.399999976158142,0.7102872729301453,1.399999976158142,-2.0,3.0,-1.0
489.85866475105286,1.399999976158142,0.7661975622177124,1.399999976158142,-8.0,2.0,-2.0
490.068532705307,1.399999976158142,0.747592031955719,1.399999976158142,-1.0,-8.0,0.0
490.278600692749,1.399999976158142,0.7267294526100159,1.399999976158142,4.0,0.0,0.0
490.58913683891296,1.399999976158142,0.6723887324333191,1.399999976158142,-1.0,3.0,1.0
490.8784692287445,1.3770896196365356,0.5670360922813416,1.399999976158142,-6.0,-6.0,-15.0
491.08776807785034,1.3988138437271118,0.4954591989517212,1.399999976158142,3.0,1.0,-17.0
491.2980046272278,1.391778588294983,0.4298807978630066,1.399999976158142,8.0,-4.0,3.0
491.50805854797363,1.399999976158142,0.4209504723548889,1.399999976158142,5.0,4.0,0.0
491.7182059288025,1.399999976158142,0.43452295660972595,1.399999976158142,-4.0,0.0,0.0
491.92841029167175,1.399999976158142,0.39911630749702454,1.399999976158142,0.0,-4.0,1.0
492.1377639770508,1.399999976158142,0.3735901415348053,1.399999976158142,4.0,-6.0,6.0
492.34758377075195,1.399999976158142,0.3733389973640442,1.399999976158142,-2.0,0.0,-1.0
492.62761187553406,1.399999976158142,0.30979201197624207,1.399999976158142,1.0,-5.0,1.0
492.83740735054016,1.399999976158142,0.32373636960983276,1.399999976158142,-3.0,3.0,-1.0
493.0474269390106,1.399999976158142,0.32361075282096863,1.399999976158142,-5.0,2.0,-1.0
493.2572522163391,1.3943452835083008,0.32235416769981384,1.399999976158142,1.0,-3.0,3.0
493.46749901771545,1.399999976158142,0.32423824071884155,1.399999976158142,-4.0,-3.0,3.0
493.80742359161377,1.399999976158142,0.3965117633342743,1.399999976158142,1.0,1.0,2.0
494.0174653530121,1.399999976158142,0.3642224669456482,1.399999976158142,4.0,1.0,-14.0
494.28738379478455,1.399999976158142,0.41899481415748596,1.399999976158142,-9.0,-6.0,-3.0
494.4971647262573,1.399999976158142,0.3241131603717804,1.399999976158142,-1.0,-4.0,-30.0
494.7073414325714,1.399999976158142,0.3050120770931244,1.399999976158142,-3.0,6.0,-6.0
494.91724157333374,1.399999976158142,0.3832413852214813,1.399999976158142,-4.0,6.0,0.0
495.1271867752075,1.399999976158142,0.36187008023262024,1.399999976158142,-6.0,-2.0,2.0
495.3369023799896,1.399999976158142,0.3296935558319092,1.399999976158142,-4.0,-4.0,2.0
495.54686069488525,1.399999976158142,0.2923930883407593,1.399999976158142,3.0,-4.0,1.0
495.75725388526917,1.399999976158142,0.3147662580013275,1.399999976158142,0.0,5.0,-3.0
495.96699929237366,1.3854153156280518,0.34594738483428955,1.399999976158142,-9.0,-5.0,0.0
496.176878452301,1.399999976158142,0.27760642766952515,1.399999976158142,2.0,-3.0,3.0
496.38675904273987,1.399999976158142,0.19730760157108307,1.399999976158142,3.0,0.0,-9.0
496.5966577529907,1.399999976158142,0.1741851270198822,1.399999976158142,4.0,5.0,1.0
496.8064365386963,1.399999976158142,0.1908918172121048,1.399999976158142,-9.0,-10.0,1.0
497.0165936946869,1.3963543176651,0.14953264594078064,1.399999976158142,12.0,-15.0,1.0
497.2265696525574,1.399999976158142,0.0970444306731224,1.399999976158142,0.0,-6.0,2.0
497.5665452480316,1.3951144218444824,0.0,1.399999976158142,3.0,-6.0,1.0
497.8064167499542,1.399999976158142,0.0,1.399999976158142,7.0,2.0,-2.0
498.01632046699524,1.399999976158142,0.0,1.399999976158142,-8.0,6.0,-25.0
498.226131439209,1.399999976158142,0.06827188283205032,1.399999976158142,-6.0,0.0,-11.0
498.43619656562805,1.399999976158142,0.05834193155169487,1.399999976158142,2.0,-1.0,1.0
498.6461908817291,1.399999976158142,0.02255229465663433,1.399999976158142,3.0,-4.0,3.0
499.01601243019104,1.399999976158142,0.048900485038757324,1.399999976158142,2.0,-4.0,1.0
499.22602558135986,1.399999976158142,0.03481989726424217,1.399999976158142,-1.0,2.0,2.0
499.4359908103943,1.399999976158142,0.04436275362968445,1.399999976158142,-10.0,5.0,2.0
499.64625787734985,1.3954731225967407,0.054422326385974884,1.399999976158142,-2.0,-3.0,6.0
499.85629296302795,1.399999976158142,0.0,1.399999976158142,5.0,-3.0,0.0
500.0659201145172,1.399999976158142,0.0,1.399999976158142,-1.0,-8.0,-1.0
500.27585673332214,1.399999976158142,0.0,1.399999976158142,6.0,3.0,2.0
500.48580265045166,1.3932095766067505,0.0,1.399999976158142,-3.0,-5.0,1.0
500.69572925567627,1.399999976158142,0.0,1.399999976158142,6.0,-1.0,2.0
501.0357015132904,1.399999976158142,0.0,1.399999976158142,4.0,-2.0,3.0
501.275625705719,1.399999976158142,0.0,1.399999976158142,8.0,3.0,1.0
501.4856050014496,1.399999976158142,0.005782272666692734,1.399999976158142,1.0,4.0,-1.0
501.69566535949707,1.399999976158142,0.0,1.399999976158142,-3.0,-1.0,1.0
501.9052495956421,1.399999976158142,0.0,1.399999976158142,-2.0,0.0,0.0
502.1151604652405,1.399999976158142,0.0,1.399999976158142,-1.0,-7.0,-6.0
502.53810119628906,1.399999976158142,0.0,1.399999976158142,4.0,3.0,-1.0
502.91502475738525,1.399999976158142,0.0,1.399999976158142,-3.0,3.0,1.0
503.1248371601105,1.399999976158142,0.0,1.399999976158142,-2.0,-1.0,-2.0
503.3352177143097,1.399999976158142,0.011302960105240345,1.399999976158142,0.0,6.0,-4.0
503.5448899269104,1.399999976158142,0.04901612550020218,1.399999976158142,-5.0,2.0,1.0
503.7553586959839,1.344951868057251,0.058316491544246674,1.399999976158142,-4.0,-6.0,0.0
503.96461153030396,1.3420634269714355,0.08393605053424835,1.399999976158142,3.0,-9.0,3.0
504.17480540275574,1.3755022287368774,0.0,1.399999976158142,8.0,-5.0,5.0
504.3851087093353,1.399999976158142,0.0,1.399999976158142,6.0,-1.0,4.0
504.59487986564636,1.399999976158142,0.0,1.399999976158142,4.0,-3.0,-2.0
504.80464124679565,1.399999976158142,0.0,1.399999976158142,0.0,4.0,-2.0
505.01467061042786,1.399999976158142,0.023643825203180313,1.399999976158142,1.0,0.0,0.0
505.35454416275024,1.399999976158142,0.04580835998058319,1.399999976158142,2.0,5.0,0.0
505.5944399833679,1.399999976158142,0.03948914259672165,1.399999976158142,-6.0,2.0,0.0
505.8044466972351,1.399999976158142,0.059225041419267654,1.399999976158142,-2.0,-8.0,-1.0
506.0147023200989,1.399999976158142,0.04251015558838844,1.399999976158142,0.0,-1.0,2.0
506.2243707180023,1.399999976158142,0.06461551040410995,1.399999976158142,-2.0,5.0,1.0
506.43456411361694,1.399999976158142,0.07920147478580475,1.399999976158142,2.0,3.0,0.0
506.68420028686523,1.399999976158142,0.07965000718832016,1.399999976158142,5.0,0.0,2.0
506.8940546512604,1.399999976158142,0.07134900242090225,1.399999976158142,5.0,-1.0,0.0
507.10428261756897,1.399999976158142,0.05174487829208374,1.399999976158142,7.0,1.0,1.0
507.31409215927124,1.399999976158142,0.06078457459807396,1.399999976158142,5.0,8.0,0.0
507.5237100124359,1.399999976158142,0.09007178992033005,1.399999976158142,-2.0,4.0,-1.0
507.7339041233063,1.399999976158142,0.10678882896900177,1.399999976158142,-5.0,8.0,-2.0
507.9640271663666,1.399999976158142,0.07829097658395767,1.399999976158142,0.0,6.0,1.0
508.17383885383606,1.399999976158142,0.045378178358078,1.399999976158142,8.0,5.0,1.0
508.5439827442169,1.399999976158142,0.0,1.399999976158142,3.0,7.0,-2.0
508.75388979911804,1.399999976158142,0.04875781387090683,1.399999976158142,-6.0,3.0,-1.0
508.96360993385315,1.399999976158142,0.09172338992357254,1.399999976158142,0.0,1.0,-1.0
509.1736159324646,1.392089605331421,0.04225191846489906,1.399999976158142,4.0,-6.0,3.0
509.41339325904846,1.399999976158142,0.1077791154384613,1.399999976158142,-7.0,2.0,0.0
509.62501883506775,1.399999976158142,0.12951719760894775,1.399999976158142,-4.0,3.0,1.0
509.8335771560669,1.399999976158142,0.0746389701962471,1.399999976158142,-6.0,4.0,-4.0
510.0432584285736,1.399999976158142,0.07614745944738388,1.399999976158142,8.0,4.0,-7.0
510.25355410575867,1.399999976158142,0.07036378234624863,1.399999976158142,1.0,5.0,-2.0
510.49355030059814,1.399999976158142,0.011343679390847683,1.399999976158142,-5.0,2.0,1.0
510.7034285068512,1.399999976158142,0.015238294377923012,1.399999976158142,11.0,14.0,9.0
510.9131660461426,1.3466198444366455,0.07602889090776443,1.399999976158142,13.0,-9.0,35.0
511.1233239173889,1.3874753713607788,0.01996251568198204,1.399999976158142,-5.0,-3.0,30.0
511.3334321975708,1.399999976158142,0.04447257146239281,1.399999976158142,-3.0,-2.0,1.0
511.7529799938202,1.399999976158142,0.20201563835144043,1.399999976158142,2.0,3.0,15.0
512.1333649158478,1.399999976158142,0.0,1.399999976158142,7.0,-2.0,3.0
512.3428583145142,1.399999976158142,0.16369229555130005,1.399999976158142,11.0,1.0,42.0
512.5525915622711,1.3704792261123657,0.2749917805194855,1.399999976158142,-3.0,3.0,33.0
512.7627880573273,1.3604234457015991,0.25110915303230286,1.399999976158142,4.0,-8.0,3.0
512.9728269577026,1.3982571363449097,0.28341230750083923,1.399999976158142,-2.0,0.0,0.0
513.1824715137482,1.399999976158142,0.34822705388069153,1.399999976158142,-7.0,12.0,9.0
513.3925588130951,1.399999976158142,0.3381689190864563,1.399999976158142,-5.0,-2.0,-1.0
513.6024804115295,1.399999976158142,0.41632476449012756,1.399999976158142,2.0,-5.0,12.0
513.812890291214,1.399999976158142,0.44233718514442444,1.399999976158142,0.0,-1.0,0.0
514.0223367214203,1.399999976158142,0.5089200139045715,1.399999976158142,4.0,8.0,13.0
514.2322587966919,1.399999976158142,0.6711103320121765,1.399999976158142,-10.0,-13.0,42.0
514.5721151828766,1.399999976158142,0.5716512203216553,1.399999976158142,-2.0,-7.0,-9.0
514.8121881484985,1.399999976158142,0.467231810092926,1.399999976158142,-1.0,4.0,-20.0
515.0222613811493,1.399999976158142,0.4039834439754486,1.399999976158142,1.0,3.0,2.0
515.2324659824371,1.399999976158142,0.3711918890476227,1.399999976158142,-2.0,0.0,-1.0
515.4417881965637,1.399999976158142,0.38048768043518066,1.399999976158142,-5.0,0.0,1.0
515.6531889438629,1.3604226112365723,0.3961929678916931,1.399999976158142,-3.0,-4.0,1.0
515.8819758892059,1.399999976158142,0.34002962708473206,1.399999976158142,-2.0,0.0,8.0
516.0917670726776,1.399999976158142,0.35146036744117737,1.399999976158142,-1.0,6.0,1.0
516.3017394542694,1.3079719543457031,0.3089665472507477,1.399999976158142,2.0,-4.0,-1.0
516.5222933292389,1.343518853187561,0.2301049828529358,1.399999976158142,7.0,-6.0,2.0
516.8713822364807,1.3944027423858643,0.17817410826683044,1.399999976158142,-6.0,-1.0,0.0
517.081670999527,1.3664883375167847,0.2121240347623825,1.399999976158142,-4.0,2.0,0.0
517.2914037704468,1.399641752243042,0.1772124469280243,1.399999976158142,9.0,-7.0,1.0
517.5013942718506,1.399999976158142,0.10999669134616852,1.399999976158142,-2.0,5.0,2.0
517.7116611003876,1.399999976158142,0.15225574374198914,1.399999976158142,-3.0,8.0,1.0
517.9216928482056,1.3611946105957031,0.13203677535057068,1.399999976158142,10.0,-3.0,1.0
518.1312444210052,1.397245168685913,0.14346744120121002,1.399999976158142,-12.0,-12.0,-1.0
518.3412230014801,1.399999976158142,0.1590534746646881,1.399999976158142,0.0,3.0,2.0
518.5812559127808,1.399999976158142,0.13994599878787994,1.399999976158142,3.0,-4.0,1.0
518.7909631729126,1.399999976158142,0.09586424380540848,1.399999976158142,5.0,2.0,2.0
519.000994682312,1.3860466480255127,0.11296014487743378,1.399999976158142,-4.0,1.0,-2.0
519.2209675312042,1.3589222431182861,0.029085012152791023,1.399999976158142,2.0,-10.0,-5.0
519.4309089183807,1.375876545906067,0.012758669443428516,1.399999976158142,-2.0,5.0,-1.0
519.7005062103271,1.3802390098571777,0.0,1.399999976158142,-6.0,-3.0,-2.0
519.9107835292816,1.399999976158142,0.04284423589706421,1.399999976158142,0.0,-5.0,0.0
520.1215400695801,1.3850339651107788,0.08271155506372452,1.399999976158142,1.0,1.0,-2.0
520.3309497833252,1.399999976158142,0.021147698163986206,1.399999976158142,13.0,2.0,-2.0
520.5405848026276,1.3994972705841064,0.0,1.399999976158142,6.0,-7.0,1.0
520.7503588199615,1.399999976158142,0.0,1.399999976158142,2.0,-3.0,0.0
520.9607985019684,1.399999976158142,0.07991155982017517,1.399999976158142,-12.0,-4.0,-4.0
521.1705811023712,1.373860239982605,0.06457962095737457,1.399999976158142,-1.0,1.0,3.0
521.3804433345795,1.3717244863510132,0.011185707524418831,1.399999976158142,0.0,-6.0,-1.0
521.6402814388275,1.399999976158142,0.0048054540529847145,1.399999976158142,5.0,11.0,0.0
521.8504004478455,1.399999976158142,0.0,1.399999976158142,8.0,-3.0,2.0
522.0604598522186,1.399999976158142,0.0,1.399999976158142,5.0,4.0,0.0
522.2715101242065,1.399999976158142,0.0,1.399999976158142,3.0,1.0,0.0
522.5502443313599,1.399999976158142,0.0,1.399999976158142,8.0,-3.0,8.0
522.7597992420197,1.399999976158142,0.0016323152231052518,1.399999976158142,-4.0,-1.0,1.0
522.9703159332275,1.3918265104293823,0.0,1.399999976158142,-1.0,-8.0,1.0
523.2097268104553,1.399999976158142,0.0,1.399999976158142,1.0,7.0,2.0
523.4201831817627,1.3557498455047607,0.0,1.399999976158142,-7.0,5.0,1.0
523.6299197673798,1.381134271621704,0.1977977454662323,1.399999976158142,12.0,1.0,41.0
523.9896273612976,1.36432945728302,0.1969359666109085,1.399999976158142,-5.0,2.0,-6.0
524.1994516849518,1.3090887069702148,0.4297003746032715,1.399999976158142,-3.0,-4.0,37.0
524.4094064235687,1.3113512992858887,0.559171736240387,1.399999976158142,4.0,2.0,9.0
524.6199810504913,1.2479865550994873,0.8709665536880493,1.399999976158142,0.0,-9.0,59.0
524.8293178081512,1.2959479093551636,0.8934405446052551,1.399999976158142,-8.0,8.0,-5.0
525.0395500659943,1.2745715379714966,0.9351873993873596,1.399999976158142,-2.0,-8.0,-2.0
525.2495138645172,1.2907801866531372,1.2263145446777344,1.399999976158142,-2.0,0.0,48.0
525.4592099189758,1.2591166496276855,1.1653748750686646,1.399999976158142,11.0,-11.0,-1.0
525.6690061092377,1.2529605627059937,1.399999976158142,1.399999976158142,1.0,-3.0,44.0
525.8790657520294,1.233869194984436,1.348126769065857,1.399999976158142,2.0,-15.0,4.0
526.0888783931732,1.3381328582763672,1.3222180604934692,1.399999976158142,-4.0,-4.0,-1.0
526.2990193367004,1.3774635791778564,1.3962302207946777,1.399999976158142,-2.0,7.0,-4.0
526.5088062286377,1.399999976158142,1.399999976158142,1.399999976158142,2.0,5.0,27.0
526.84907579422,1.399999976158142,1.399999976158142,1.399999976158142,1.0,-2.0,-2.0
527.0885283946991,1.399999976158142,1.399999976158142,1.399999976158142,3.0,3.0,-1.0
527.2986946105957,1.399999976158142,1.3504900932312012,1.399999976158142,5.0,-6.0,1.0
527.5085990428925,1.399999976158142,1.3516212701797485,1.399999976158142,6.0,0.0,0.0
527.7187886238098,1.399999976158142,1.3244677782058716,1.399999976158142,12.0,-8.0,-2.0
527.9287285804749,1.399999976158142,1.2773725986480713,1.399999976158142,4.0,-6.0,-1.0
528.3485248088837,1.399999976158142,1.2856674194335938,1.399999976158142,2.0,6.0,0.0
528.6091730594635,1.399999976158142,1.284111499786377,1.399999976158142,-13.0,2.0,0.0
528.8284387588501,1.399999976158142,1.3029319047927856,1.399999976158142,-9.0,3.0,-2.0
529.0387279987335,1.399999976158142,1.2768136262893677,1.399999976158142,-8.0,2.0,3.0
529.2479634284973,1.399999976158142,1.3202974796295166,1.399999976158142,-4.0,3.0,-1.0
529.4581174850464,1.399999976158142,1.3827693462371826,1.399999976158142,-4.0,6.0,-3.0
529.6680378913879,1.399999976158142,1.3846536874771118,1.399999976158142,1.0,1.0,9.0
529.8779923915863,1.399999976158142,1.390690803527832,1.399999976158142,4.0,0.0,2.0
530.0876929759979,1.399999976158142,1.367712140083313,1.399999976158142,5.0,-5.0,-2.0
530.2977731227875,1.399999976158142,1.3352811336517334,1.399999976158142,6.0,8.0,2.0
530.5079836845398,1.399999976158142,1.262864589691162,1.399999976158142,5.0,-10.0,1.0
530.7178184986115,1.399999976158142,1.2695187330245972,1.399999976158142,-3.0,-5.0,0.0
530.927782535553,1.399999976158142,1.233952283859253,1.399999976158142,1.0,-8.0,0.0
531.1377005577087,1.399999976158142,1.3600105047225952,1.399999976158142,3.0,-4.0,26.0
531.3475577831268,1.399999976158142,1.2800921201705933,1.399999976158142,6.0,-5.0,-2.0
531.5574729442596,1.399999976158142,1.2534531354904175,1.399999976158142,2.0,-2.0,1.0
531.7677121162415,1.399999976158142,1.3159066438674927,1.399999976158142,3.0,-5.0,9.0
531.977424621582,1.399999976158142,1.399999976158142,1.399999976158142,11.0,4.0,34.0
532.1872997283936,1.3917129039764404,1.399999976158142,1.399999976158142,-3.0,1.0,41.0
532.3970766067505,1.399999976158142,1.399999976158142,1.399999976158142,-9.0,-3.0,-3.0
532.7272756099701,1.399999976158142,1.399999976158142,1.399999976158142,9.0,2.0,29.0
533.0274860858917,1.399999976158142,1.399999976158142,1.399999976158142,4.0,-8.0,42.0
533.2372210025787,1.399999976158142,1.3392082452774048,1.399999976158142,7.0,-1.0,-4.0
533.4472222328186,1.2838284969329834,1.399999976158142,1.399999976158142,-3.0,-14.0,32.0
533.7571024894714,1.3919329643249512,1.399999976158142,1.399999976158142,-18.0,-4.0,-5.0
534.0467267036438,1.3426622152328491,1.399999976158142,1.399999976158142,8.0,-12.0,30.0
534.2567024230957,1.399999976158142,1.3792628049850464,1.399999976158142,0.0,6.0,3.0
534.4667294025421,1.399999976158142,1.3097442388534546,1.399999976158142,3.0,3.0,0.0
534.6565322875977,1.399999976158142,1.364073634147644,1.399999976158142,-5.0,2.0,-3.0
534.8667776584625,1.3982409238815308,1.399999976158142,1.399999976158142,-6.0,-3.0,-2.0
535.0762832164764,1.399999976158142,1.3894482851028442,1.399999976158142,7.0,3.0,-6.0
535.2864053249359,1.3537269830703735,1.399999976158142,1.399999976158142,-4.0,0.0,-7.0
535.5164289474487,1.399999976158142,1.399999976158142,1.399999976158142,-3.0,4.0,-3.0
535.7260870933533,1.399999976158142,1.399999976158142,1.399999976158142,-6.0,6.0,-8.0
535.9363551139832,1.399999976158142,1.3854213953018188,1.399999976158142,0.0,1.0,5.0
536.1864249706268,1.399999976158142,1.399999976158142,1.399999976158142,17.0,-3.0,1.0
536.396181344986,1.399999976158142,1.399999976158142,1.399999976158142,5.0,-3.0,0.0
536.7360179424286,1.399999976158142,1.3910491466522217,1.399999976158142,-1.0,-1.0,1.0
536.9461450576782,1.399999976158142,1.399999976158142,1.399999976158142,-11.0,-3.0,-4.0
537.1559879779816,1.399999976158142,1.399999976158142,1.399999976158142,-14.0,4.0,-3.0
537.3657267093658,1.399999976158142,1.399999976158142,1.399999976158142,-4.0,3.0,-2.0
537.5756561756134,1.399999976158142,1.399999976158142,1.399999976158142,4.0,-4.0,-3.0
537.7855789661407,1.399999976158142,1.2984882593154907,1.399999976158142,13.0,-7.0,-7.0
538.0254352092743,1.399999976158142,1.3320958614349365,1.399999976158142,-7.0,-13.0,-1.0
538.2355980873108,1.399999976158142,1.399999976158142,1.399999976158142,0.0,3.0,-4.0
538.4456312656403,1.399999976158142,1.399999976158142,1.399999976158142,0.0,7.0,-8.0
538.6456680297852,1.399999976158142,1.399999976158142,1.399999976158142,-6.0,0.0,-4.0
538.8553566932678,1.399999976158142,1.399999976158142,1.399999976158142,2.0,2.0,-3.0
539.0651898384094,1.399999976158142,1.399999976158142,1.399999976158142,0.0,2.0,2.0
539.2852756977081,1.399999976158142,1.399999976158142,1.399999976158142,-8.0,2.0,-4.0
539.5654349327087,1.399999976158142,1.399999976158142,1.399999976158142,0.0,4.0,-2.0
539.7755913734436,1.399999976158142,1.399999976158142,1.399999976158142,-5.0,6.0,1.0
539.9855329990387,1.399999976158142,1.399999976158142,1.399999976158142,-9.0,4.0,1.0
540.1946821212769,1.399999976158142,1.3652020692825317,1.399999976158142,3.0,-5.0,-1.0
540.4050579071045,1.399999976158142,1.3433339595794678,1.399999976158142,-3.0,8.0,0.0
540.6146168708801,1.399999976158142,1.399999976158142,1.399999976158142,-8.0,0.0,-2.0
540.8247928619385,1.399999976158142,1.3771268129348755,1.399999976158142,2.0,28.0,-5.0
541.0348584651947,1.3896878957748413,1.280922532081604,1.399999976158142,-2.0,-3.0,-2.0
541.2445931434631,1.399999976158142,1.3733727931976318,1.399999976158142,-12.0,11.0,-2.0
541.4545950889587,1.399999976158142,1.3302870988845825,1.399999976158142,2.0,-2.0,-1.0
541.6143605709076,1.399999976158142,1.3751798868179321,1.399999976158142,-3.0,-9.0,2.0
542.1243796348572,1.399999976158142,1.3922765254974365,1.399999976158142,10.0,-2.0,0.0
542.3343133926392,1.399999976158142,1.399999976158142,1.399999976158142,4.0,-1.0,-1.0
542.5442233085632,1.399999976158142,1.399999976158142,1.399999976158142,3.0,5.0,-2.0
542.7542927265167,1.399999976158142,1.3846807479858398,1.399999976158142,10.0,-5.0,-1.0
542.9640624523163,1.399999976158142,1.399999976158142,1.399999976158142,-8.0,7.0,-2.0
543.1741948127747,1.399999976158142,1.399999976158142,1.399999976158142,-5.0,2.0,-2.0
543.3838846683502,1.399999976158142,1.3552805185317993,1.399999976158142,5.0,7.0,-1.0
543.6840178966522,1.399999976158142,1.3709046840667725,1.399999976158142,-7.0,-1.0,-1.0
543.8939101696014,1.399999976158142,1.3473995923995972,1.399999976158142,8.0,3.0,0.0
544.1036870479584,1.3824156522750854,1.2927626371383667,1.399999976158142,0.0,-4.0,-4.0
544.3140277862549,1.3839235305786133,1.1392065286636353,1.399999976158142,-13.0,4.0,-35.0
544.5238749980927,1.3768854141235352,0.9562155604362488,1.399999976158142,3.0,-9.0,-34.0
544.7338402271271,1.3998816013336182,0.8608380556106567,1.399999976158142,-4.0,-2.0,-16.0
544.9433176517487,1.399999976158142,0.7283636927604675,1.399999976158142,20.0,-11.0,-29.0
545.1534111499786,1.399999976158142,0.6764190196990967,1.399999976158142,12.0,-8.0,1.0
545.3633408546448,1.399999976158142,0.7200081944465637,1.399999976158142,-12.0,6.0,-3.0
545.5730473995209,1.399999976158142,0.6673818826675415,1.399999976158142,9.0,1.0,0.0
545.7831482887268,1.399999976158142,0.5875967144966125,1.399999976158142,-5.0,5.0,-7.0
545.9933481216431,1.3824048042297363,0.44746413826942444,1.399999976158142,-9.0,-2.0,-38.0
546.2035286426544,1.399999976158142,0.4739739000797272,1.399999976158142,1.0,-2.0,-9.0
546.4133105278015,1.399999976158142,0.48440852761268616,1.399999976158142,-5.0,5.0,0.0
546.6230871677399,1.399999976158142,0.4669376015663147,1.399999976158142,-4.0,-2.0,1.0
546.9634566307068,1.399999976158142,0.4451739192008972,1.399999976158142,2.0,2.0,3.0
547.2730662822723,1.399999976158142,0.3939627707004547,1.399999976158142,3.0,2.0,2.0
547.5626547336578,1.399999976158142,0.3785206377506256,1.399999976158142,-1.0,-4.0,0.0
547.7729198932648,1.399999976158142,0.30175280570983887,1.399999976158142,-9.0,0.0,-23.0
547.9828019142151,1.399999976158142,0.2857915163040161,1.399999976158142,6.0,-1.0,-23.0
548.1923940181732,1.399999976158142,0.18806926906108856,1.399999976158142,-6.0,-9.0,1.0
548.4023926258087,1.399999976158142,0.17990469932556152,1.399999976158142,0.0,0.0,0.0
548.7740890979767,1.399999976158142,0.12500308454036713,1.399999976158142,0.0,6.0,-3.0
548.9821619987488,1.399999976158142,0.17601265013217926,1.399999976158142,-5.0,6.0,-3.0
549.2021901607513,1.399999976158142,0.18694843351840973,1.399999976158142,-4.0,-3.0,0.0
549.41210770607,1.399999976158142,0.025362320244312286,1.399999976158142,-5.0,-3.0,-25.0
549.6223754882812,1.399999976158142,0.014180047437548637,1.399999976158142,0.0,1.0,-11.0
549.8321931362152,1.399999976158142,0.0,1.399999976158142,4.0,2.0,0.0
550.0519969463348,1.399999976158142,0.061711832880973816,1.399999976158142,-5.0,-3.0,-1.0
550.2818870544434,1.399999976158142,0.029915273189544678,1.399999976158142,1.0,-1.0,1.0
550.4922647476196,1.399999976158142,0.0035322727635502815,1.399999976158142,0.0,1.0,2.0
550.8428246974945,1.399999976158142,0.0,1.399999976158142,2.0,-6.0,2.0
551.0617475509644,1.399999976158142,0.036197323352098465,1.399999976158142,3.0,-2.0,-1.0
551.2722401618958,1.397359013557434,0.019722655415534973,1.399999976158142,2.0,-3.0,1.0
551.4816625118256,1.399999976158142,0.0,1.399999976158142,0.0,-1.0,1.0
551.6916191577911,1.399999976158142,0.0543038547039032,1.399999976158142,-5.0,3.0,-2.0
551.9015281200409,1.399999976158142,0.10866913944482803,1.399999976158142,-7.0,-3.0,0.0
552.1113286018372,1.399999976158142,0.11545802652835846,1.399999976158142,-3.0,-5.0,1.0
552.321448802948,1.399999976158142,0.14273487031459808,1.399999976158142,-3.0,-9.0,-2.0
552.5314147472382,1.399999976158142,0.17363861203193665,1.399999976158142,-2.0,1.0,0.0
552.741224527359,1.3943482637405396,0.18594680726528168,1.399999976158142,4.0,0.0,0.0
553.0715501308441,1.376173496246338,0.0,1.399999976158142,-2.0,7.0,-41.0
553.280921459198,1.399999976158142,0.0,1.399999976158142,6.0,-4.0,-4.0
553.572429895401,1.3632208108901978,0.0,1.399999976158142,-10.0,-5.0,-40.0
553.7816956043243,1.3657349348068237,0.0,1.399999976158142,2.0,2.0,-38.0
553.9907834529877,1.3378658294677734,0.0,1.399999976158142,-4.0,2.0,-42.0
554.3607840538025,1.3157234191894531,0.0,1.399999976158142,-4.0,8.0,-38.0
554.571789264679,1.3949207067489624,0.0,1.399999976158142,-1.0,2.0,-34.0
554.7814495563507,1.3826076984405518,0.023872267454862595,1.399999976158142,-6.0,-4.0,0.0
554.9905097484589,1.3999441862106323,0.0,1.399999976158142,-7.0,3.0,-34.0
555.2006318569183,1.399999976158142,0.0,1.399999976158142,2.0,4.0,-3.0
555.4108643531799,1.399999976158142,0.0,1.399999976158142,-2.0,4.0,2.0
555.6404237747192,1.399999976158142,0.0,1.399999976158142,0.0,-5.0,2.0
555.8503565788269,1.399999976158142,0.0,1.399999976158142,9.0,-6.0,2.0
556.060305595398,1.37149178981781,0.0,1.399999976158142,7.0,-1.0,3.0
556.2700045108795,1.3920974731445312,0.032541826367378235,1.399999976158142,-4.0,-1.0,0.0
556.5103056430817,1.399999976158142,0.0,1.399999976158142,3.0,-3.0,1.0
556.7200438976288,1.399999976158142,0.0,1.399999976158142,-2.0,3.0,2.0
556.9301097393036,1.399999976158142,0.0,1.399999976158142,5.0,2.0,0.0
557.1399757862091,1.3984922170639038,0.058929335325956345,1.399999976158142,-7.0,0.0,0.0
557.3600771427155,1.399999976158142,0.025092678144574165,1.399999976158142,-5.0,2.0,3.0
557.5898900032043,1.399999976158142,0.0,1.399999976158142,0.0,0.0,2.0
557.7997233867645,1.399999976158142,0.025000082328915596,1.399999976158142,-4.0,-1.0,-1.0
558.0294826030731,1.399999976158142,0.036424074321985245,1.399999976158142,-5.0,1.0,2.0
558.2399210929871,1.399999976158142,0.09197147190570831,1.399999976158142,-1.0,3.0,2.0
558.4505534172058,1.399999976158142,0.20582836866378784,1.399999976158142,-9.0,-7.0,-2.0
558.6993722915649,1.3799558877944946,0.2285650074481964,1.399999976158142,-1.0,-2.0,2.0
558.9090840816498,1.399999976158142,0.21952031552791595,1.399999976158142,4.0,-5.0,3.0
559.1192836761475,1.399999976158142,0.21059775352478027,1.399999976158142,2.0,-1.0,-1.0
559.3293023109436,1.399999976158142,0.19890756905078888,1.399999976158142,-10.0,-5.0,2.0
559.5393676757812,1.399999976158142,0.1824469417333603,1.399999976158142,4.0,-4.0,1.0
559.7489173412323,1.399999976158142,0.22379566729068756,1.399999976158142,-3.0,-5.0,-2.0
559.9592716693878,1.399999976158142,0.22781400382518768,1.399999976158142,0.0,-7.0,2.0
560.169673204422,1.399999976158142,0.18058058619499207,1.399999976158142,-1.0,-11.0,2.0
560.3786199092865,1.3903229236602783,0.16688191890716553,1.399999976158142,-7.0,-2.0,-1.0
560.5891127586365,1.399999976158142,0.19453468918800354,1.399999976158142,-2.0,2.0,-1.0
560.7987952232361,1.399999976158142,0.13901294767856598,1.399999976158142,1.0,4.0,3.0
561.008861541748,1.399999976158142,0.15761235356330872,1.399999976158142,-5.0,5.0,2.0
561.2187530994415,1.399999976158142,0.17961327731609344,1.399999976158142,5.0,3.0,-1.0
561.4287810325623,1.399999976158142,0.13989555835723877,1.399999976158142,1.0,2.0,0.0
561.6386775970459,1.399999976158142,0.0,1.399999976158142,5.0,0.0,3.0
561.848265171051,1.399999976158142,0.0,1.399999976158142,5.0,-6.0,3.0
562.1883428096771,1.399999976158142,0.05454007163643837,1.399999976158142,-8.0,-7.0,0.0
562.4282517433167,1.399999976158142,0.08255515247583389,1.399999976158142,-11.0,7.0,0.0
562.6385474205017,1.399999976158142,0.09612090140581131,1.399999976158142,-3.0,1.0,1.0
562.8479688167572,1.399999976158142,0.07839571684598923,1.399999976158142,0.0,-6.0,3.0
563.0584037303925,1.399999976158142,0.09208622574806213,1.399999976158142,0.0,2.0,-1.0
563.268102645874,1.3952231407165527,0.11735344678163528,1.399999976158142,-1.0,3.0,1.0
563.5785965919495,1.399999976158142,0.24516606330871582,1.399999976158142,-16.0,9.0,-3.0
563.8679239749908,1.399999976158142,0.22348761558532715,1.399999976158142,5.0,2.0,3.0
564.0780720710754,1.399999976158142,0.2490120828151703,1.399999976158142,-2.0,9.0,1.0
564.2877514362335,1.399999976158142,0.22753605246543884,1.399999976158142,7.0,2.0,2.0
564.4976572990417,1.399999976158142,0.2602064907550812,1.399999976158142,-9.0,-4.0,1.0
564.7092146873474,1.399999976158142,0.27617979049682617,1.399999976158142,0.0,1.0,0.0
564.9176886081696,1.3991212844848633,0.31509125232696533,1.399999976158142,-1.0,1.0,-2.0
565.2575838565826,1.399999976158142,0.39464452862739563,1.399999976158142,3.0,4.0,0.0
565.6782472133636,1.399999976158142,0.4248112440109253,1.399999976158142,15.0,-5.0,21.0
565.9676024913788,1.3644169569015503,0.3987749218940735,1.399999976158142,8.0,-2.0,3.0
566.297355890274,1.399999976158142,0.33579111099243164,1.399999976158142,5.0,1.0,1.0
566.5472822189331,1.399999976158142,0.53107088804245,1.399999976158142,-1.0,1.0,35.0
566.7571144104004,1.399999976158142,0.5544482469558716,1.399999976158142,6.0,-3.0,6.0
566.9674723148346,1.399999976158142,0.5775638818740845,1.399999976158142,-5.0,-3.0,20.0
567.1769840717316,1.399999976158142,0.6362799406051636,1.399999976158142,1.0,3.0,-1.0
567.3868727684021,1.399999976158142,0.6400498747825623,1.399999976158142,3.0,-4.0,-1.0
567.9168956279755,1.399999976158142,0.6121382117271423,1.399999976158142,3.0,-4.0,-2.0
568.1768729686737,1.399999976158142,0.5816497206687927,1.399999976158142,6.0,5.0,1.0
568.3867373466492,1.399999976158142,0.6173312664031982,1.399999976158142,-6.0,1.0,0.0
568.5965130329132,1.399999976158142,0.5385205149650574,1.399999976158142,-4.0,0.0,-16.0
568.8067271709442,1.399999976158142,0.5224347114562988,1.399999976158142,2.0,4.0,-4.0
569.0166776180267,1.399999976158142,0.5027088522911072,1.399999976158142,5.0,-2.0,0.0
569.2265491485596,1.399999976158142,0.5205451250076294,1.399999976158142,0.0,-5.0,1.0
569.4365689754486,1.399999976158142,0.5686950087547302,1.399999976158142,-6.0,-2.0,-5.0
569.6466386318207,1.399999976158142,0.5965979695320129,1.399999976158142,-2.0,3.0,-1.0
569.8563184738159,1.399999976158142,0.5536360740661621,1.399999976158142,4.0,1.0,0.0
570.0663576126099,1.399999976158142,0.5684621930122375,1.399999976158142,-1.0,-4.0,0.0
570.2769167423248,1.399999976158142,0.6084187030792236,1.399999976158142,-1.0,2.0,-1.0
570.4863588809967,1.399999976158142,0.6227366924285889,1.399999976158142,-3.0,4.0,0.0
570.7157258987427,1.3878895044326782,0.8210452795028687,1.399999976158142,5.0,-3.0,42.0
570.9266822338104,1.399999976158142,0.8804964423179626,1.399999976158142,-3.0,12.0,17.0
571.1360824108124,1.399999976158142,0.9642152786254883,1.399999976158142,-14.0,-6.0,-1.0
571.3457088470459,1.399999976158142,1.13158118724823,1.399999976158142,6.0,-7.0,25.0
571.5557868480682,1.399999976158142,1.2968897819519043,1.399999976158142,-19.0,5.0,13.0
571.7660355567932,1.399999976158142,1.3514328002929688,1.399999976158142,-3.0,4.0,-2.0
571.9758622646332,1.399999976158142,1.3742841482162476,1.399999976158142,0.0,3.0,-4.0
572.1858804225922,1.399999976158142,1.399999976158142,1.399999976158142,-5.0,-3.0,15.0
572.3961324691772,1.399999976158142,1.399999976158142,1.399999976158142,-2.0,0.0,2.0
572.7354826927185,1.399999976158142,1.399999976158142,1.399999976158142,-6.0,-10.0,19.0
572.9753839969635,1.399999976158142,1.399999976158142,1.399999976158142,-6.0,1.0,-3.0
573.1856203079224,1.399999976158142,1.399999976158142,1.399999976158142,-11.0,10.0,-3.0
573.39541888237,1.3987436294555664,1.399999976158142,1.399999976158142,0.0,-2.0,0.0
573.6150920391083,1.399999976158142,1.399999976158142,1.399999976158142,-2.0,-4.0,31.0
573.8462448120117,1.399999976158142,1.399999976158142,1.399999976158142,0.0,8.0,-2.0
574.0552599430084,1.371456503868103,1.3322248458862305,1.399999976158142,-6.0,-2.0,-17.0
574.2653579711914,1.3179361820220947,1.3348631858825684,1.399999976158142,-3.0,-5.0,-6.0
574.4847686290741,1.3566298484802246,1.2436567544937134,1.399999976158142,2.0,-5.0,-2.0
574.6951186656952,1.399999976158142,1.222411036491394,1.399999976158142,7.0,2.0,0.0
575.0449900627136,1.399999976158142,1.155829906463623,1.399999976158142,0.0,1.0,-2.0
575.256059885025,1.399999976158142,1.2063422203063965,1.399999976158142,-3.0,-5.0,0.0
575.4749600887299,1.399999976158142,1.2367517948150635,1.399999976158142,-2.0,7.0,-2.0
575.6846039295197,1.399999976158142,1.1921051740646362,1.399999976158142,-6.0,1.0,0.0
575.8946161270142,1.399999976158142,1.2147067785263062,1.399999976158142,-7.0,8.0,1.0
576.104498386383,1.399999976158142,1.2147067785263062,1.399999976158142,1.0,1.0,-1.0
576.3148355484009,1.399999976158142,1.2544513940811157,1.399999976158142,1.0,8.0,-1.0
576.5246589183807,1.399999976158142,1.2888747453689575,1.399999976158142,-7.0,0.0,-4.0
576.734632730484,1.3672025203704834,1.3654022216796875,1.399999976158142,-9.0,-11.0,-5.0
576.9443039894104,1.3641871213912964,1.2988117933273315,1.399999976158142,12.0,-7.0,1.0
577.1543793678284,1.3366729021072388,1.111865758895874,1.399999976158142,1.0,-14.0,-2.0
577.3644332885742,1.3796608448028564,1.2287626266479492,1.399999976158142,-2.0,7.0,-3.0
577.574224948883,1.3584364652633667,1.2958265542984009,1.399999976158142,-3.0,-13.0,2.0
577.7841670513153,1.399999976158142,1.366012454032898,1.399999976158142,-3.0,-9.0,-7.0
577.9938974380493,1.399999976158142,1.399999976158142,1.399999976158142,0.0,-8.0,18.0
578.2039623260498,1.399999976158142,1.399999976158142,1.399999976158142,-6.0,2.0,-1.0
578.413875579834,1.399999976158142,1.399999976158142,1.399999976158142,5.0,6.0,-1.0
578.6241657733917,1.399999976158142,1.399999976158142,1.399999976158142,2.0,-6.0,-1.0
578.8345222473145,1.399999976158142,1.399999976158142,1.399999976158142,6.0,-3.0,-4.0
579.0442402362823,1.399999976158142,1.397486686706543,1.399999976158142,0.0,-10.0,0.0
579.2543349266052,1.399999976158142,1.3853082656860352,1.399999976158142,8.0,0.0,-1.0
579.4639146327972,1.399999976158142,1.399999976158142,1.399999976158142,5.0,1.0,5.0
579.8038847446442,1.3983728885650635,1.3782373666763306,1.399999976158142,4.0,-8.0,-1.0
580.0136151313782,1.399999976158142,1.399999976158142,1.399999976158142,6.0,-3.0,34.0
580.3639171123505,1.399999976158142,1.399999976158142,1.399999976158142,-3.0,-3.0,2.0
580.5738399028778,1.399999976158142,1.399999976158142,1.399999976158142,-4.0,7.0,13.0
580.7833762168884,1.3871945142745972,1.399999976158142,1.399999976158142,-1.0,-3.0,0.0
580.9932703971863,1.378270149230957,1.3478362560272217,1.399999976158142,3.0,-7.0,1.0
581.2033731937408,1.399999976158142,1.3482133150100708,1.399999976158142,4.0,-5.0,0.0
581.4137082099915,1.399999976158142,1.3526140451431274,1.399999976158142,1.0,-5.0,0.0
581.6244473457336,1.399999976158142,1.399999976158142,1.399999976158142,-1.0,10.0,-6.0
581.8836450576782,1.399999976158142,1.376498818397522,1.399999976158142,3.0,-2.0,-3.0
582.0933918952942,1.399999976158142,1.375619888305664,1.399999976158142,-10.0,2.0,-4.0
582.3030261993408,1.399999976158142,1.399999976158142,1.399999976158142,-4.0,-3.0,-1.0
582.512913942337,1.399999976158142,1.3813947439193726,1.399999976158142,3.0,-4.0,-1.0
582.7228403091431,1.399999976158142,1.399999976158142,1.399999976158142,4.0,7.0,-1.0
582.93323802948,1.399999976158142,1.3837839365005493,1.399999976158142,5.0,13.0,1.0
583.1427886486053,1.399999976158142,1.3919497728347778,1.399999976158142,-3.0,3.0,2.0
583.352655172348,1.379784107208252,1.399999976158142,1.399999976158142,-2.0,-9.0,-2.0
583.5626494884491,1.399999976158142,1.329342246055603,1.399999976158142,4.0,-8.0,0.0
583.8327541351318,1.399999976158142,1.3309580087661743,1.399999976158142,-1.0,2.0,2.0
584.0426483154297,1.399999976158142,1.3412612676620483,1.399999976158142,3.0,9.0,1.0
584.2531735897064,1.399999976158142,1.3593652248382568,1.399999976158142,-6.0,0.0,0.0
584.4725773334503,1.3763169050216675,1.399999976158142,1.399999976158142,-4.0,-12.0,0.0
584.6824038028717,1.399999976158142,1.3465635776519775,1.399999976158142,4.0,2.0,1.0
584.8926703929901,1.399999976158142,1.3067195415496826,1.399999976158142,1.0,-5.0,1.0
585.1025874614716,1.399999976158142,1.364106297492981,1.399999976158142,-1.0,2.0,0.0
585.3129160404205,1.399999976158142,1.3938826322555542,1.399999976158142,1.0,5.0,-3.0
585.5222160816193,1.399999976158142,1.3918706178665161,1.399999976158142,1.0,-1.0,1.0
585.7344424724579,1.399999976158142,1.3789334297180176,1.399999976158142,-11.0,2.0,-20.0
585.9427802562714,1.387432336807251,1.399999976158142,1.399999976158142,-3.0,-14.0,-2.0
586.152280330658,1.3981165885925293,1.399999976158142,1.399999976158142,1.0,0.0,1.0
586.3624153137207,1.399999976158142,1.384797215461731,1.399999976158142,6.0,-3.0,-3.0
586.6722984313965,1.399999976158142,1.399999976158142,1.399999976158142,10.0,1.0,2.0
586.9520056247711,1.399999976158142,1.358780026435852,1.399999976158142,-1.0,2.0,-2.0
587.1618766784668,1.399999976158142,1.368709683418274,1.399999976158142,-3.0,4.0,-2.0
587.3717768192291,1.3695756196975708,1.337782382965088,1.399999976158142,1.0,-5.0,1.0
587.6318778991699,1.399999976158142,1.3069807291030884,1.399999976158142,-4.0,-10.0,1.0
587.841474533081,1.399999976158142,1.2886477708816528,1.399999976158142,-7.0,7.0,-2.0
588.0514721870422,1.399999976158142,1.379177451133728,1.399999976158142,-9.0,-1.0,1.0
588.2617948055267,1.399999976158142,1.3820688724517822,1.399999976158142,4.0,-4.0,21.0
588.4714918136597,1.399999976158142,1.399999976158142,1.399999976158142,9.0,-2.0,38.0
588.6815187931061,1.399999976158142,1.3107802867889404,1.399999976158142,4.0,2.0,1.0
588.8919107913971,1.399999976158142,1.2793514728546143,1.399999976158142,3.0,-2.0,1.0
589.1015450954437,1.399999976158142,1.2576154470443726,1.399999976158142,5.0,-3.0,-8.0
589.3113241195679,1.399999976158142,1.2741953134536743,1.399999976158142,5.0,-4.0,-3.0
589.5212814807892,1.399999976158142,1.2983417510986328,1.399999976158142,0.0,1.0,-2.0
589.7311682701111,1.399999976158142,1.3543808460235596,1.399999976158142,1.0,4.0,-1.0
589.9411370754242,1.399999976158142,1.399999976158142,1.399999976158142,-4.0,3.0,-1.0
590.1511433124542,1.399999976158142,1.399999976158142,1.399999976158142,-5.0,4.0,0.0
590.3615851402283,1.399999976158142,1.399999976158142,1.399999976158142,-3.0,2.0,-5.0
590.5709257125854,1.399999976158142,1.399999976158142,1.399999976158142,-7.0,0.0,-3.0
590.7812058925629,1.399999976158142,1.37864351272583,1.399999976158142,-7.0,3.0,-14.0
591.0908722877502,1.399999976158142,1.3701093196868896,1.399999976158142,4.0,-2.0,-8.0
591.3511588573456,1.399999976158142,1.3543967008590698,1.399999976158142,3.0,-6.0,0.0
591.5608875751495,1.399999976158142,1.367719292640686,1.399999976158142,-1.0,-1.0,-1.0
591.7713694572449,1.399999976158142,1.365959644317627,1.399999976158142,3.0,-5.0,0.0
591.9816615581512,1.399999976158142,1.3673419952392578,1.399999976158142,-1.0,-4.0,0.0
592.1907284259796,1.399999976158142,1.360684871673584,1.399999976158142,5.0,-3.0,0.0
592.4008157253265,1.399999976158142,1.349750280380249,1.399999976158142,3.0,-1.0,0.0
592.6105480194092,1.388941764831543,1.3396973609924316,1.399999976158142,-1.0,-1.0,-1.0
592.8205337524414,1.3435827493667603,1.354649543762207,1.399999976158142,0.0,-7.0,0.0
593.0307149887085,1.3163172006607056,1.3129345178604126,1.399999976158142,6.0,-9.0,2.0
593.2406194210052,1.3393137454986572,1.277999758720398,1.399999976158142,-4.0,-3.0,-6.0
593.4503557682037,1.3428318500518799,1.3249911069869995,1.399999976158142,2.0,-6.0,-3.0
593.9602155685425,1.399999976158142,1.3347563743591309,1.399999976158142,0.0,8.0,3.0
594.1702342033386,1.399999976158142,1.352846622467041,1.399999976158142,-5.0,-3.0,-1.0
594.3814260959625,1.399999976158142,1.3826497793197632,1.399999976158142,-4.0,10.0,-1.0
594.8498055934906,1.399999976158142,1.399999976158142,1.399999976158142,0.0,-7.0,-2.0
595.0597734451294,1.399999976158142,1.399999976158142,1.399999976158142,-7.0,-7.0,1.0
595.2704281806946,1.399999976158142,1.399999976158142,1.399999976158142,-10.0,2.0,-3.0
595.4796667098999,1.399999976158142,1.399999976158142,1.399999976158142,0.0,8.0,-2.0
595.6896951198578,1.399999976158142,1.399999976158142,1.399999976158142,-2.0,2.0,0.0
595.899454832077,1.3694567680358887,1.399999976158142,1.399999976158142,5.0,3.0,0.0
596.1093854904175,1.399999976158142,1.3317450284957886,1.399999976158142,11.0,6.0,1.0
596.3204045295715,1.399999976158142,1.3495893478393555,1.399999976158142,-4.0,1.0,0.0
596.5294945240021,1.399999976158142,1.3940846920013428,1.399999976158142,-7.0,6.0,1.0
596.7395970821381,1.399999976158142,1.399999976158142,1.399999976158142,-8.0,7.0,-1.0
596.9494607448578,1.399999976158142,1.399999976158142,1.399999976158142,-9.0,1.0,0.0
597.1592047214508,1.3847975730895996,1.3522567749023438,1.399999976158142,-2.0,1.0,4.0
597.3692417144775,1.3894493579864502,1.3511252403259277,1.399999976158142,-7.0,0.0,-2.0
597.5797760486603,1.3878166675567627,1.399999976158142,1.399999976158142,-7.0,1.0,-1.0
597.7891640663147,1.399999976158142,1.399999976158142,1.399999976158142,-4.0,2.0,-5.0
597.9991464614868,1.3513764142990112,1.3952255249023438,1.399999976158142,1.0,-15.0,-5.0
598.4494607448578,1.399999976158142,1.399999976158142,1.399999976158142,-9.0,-3.0,-4.0
598.6591510772705,1.399999976158142,1.3663517236709595,1.399999976158142,-2.0,-1.0,3.0
598.8692348003387,1.365039587020874,1.399999976158142,1.399999976158142,-18.0,-6.0,-6.0
599.1286747455597,1.327560544013977,1.353034496307373,1.399999976158142,-7.0,0.0,-4.0
599.3396968841553,1.399999976158142,1.339958667755127,1.399999976158142,-17.0,-1.0,-1.0
599.5584232807159,1.369349718093872,1.38113272190094,1.399999976158142,-7.0,-8.0,-3.0
599.7685253620148,1.399999976158142,1.3788700103759766,1.399999976158142,-1.0,3.0,1.0
599.9786493778229,1.399999976158142,1.3887991905212402,1.399999976158142,1.0,-2.0,-1.0
600.1884808540344,1.399999976158142,1.3274608850479126,1.399999976158142,15.0,1.0,1.0
600.398307800293,1.399999976158142,1.328967571258545,1.399999976158142,9.0,1.0,-4.0
600.6086418628693,1.3842813968658447,1.399999976158142,1.399999976158142,-18.0,-4.0,0.0
600.8283426761627,1.399999976158142,1.399999976158142,1.399999976158142,7.0,-5.0,1.0
601.0383780002594,1.399999976158142,1.325237512588501,1.399999976158142,0.0,9.0,0.0
601.3681862354279,1.399999976158142,1.399999976158142,1.399999976158142,-8.0,5.0,-8.0
601.5782196521759,1.3929625749588013,1.399999976158142,1.399999976158142,10.0,-3.0,0.0
601.7878096103668,1.3866788148880005,1.399999976158142,1.399999976158142,-4.0,-3.0,-2.0
601.9983222484589,1.399999976158142,1.399999976158142,1.399999976158142,-6.0,0.0,1.0
602.2078864574432,1.399999976158142,1.399999976158142,1.399999976158142,-4.0,9.0,-6.0
602.4177379608154,1.399999976158142,1.399999976158142,1.399999976158142,-8.0,2.0,-3.0
602.7977623939514,1.399999976158142,1.399999976158142,1.399999976158142,-6.0,-6.0,1.0
603.0078659057617,1.399999976158142,1.399999976158142,1.399999976158142,4.0,-1.0,-1.0
603.2176702022552,1.399999976158142,1.399999976158142,1.399999976158142,-2.0,3.0,1.0
603.4281234741211,1.399999976158142,1.399999976158142,1.399999976158142,-1.0,3.0,-2.0
603.6377432346344,1.399999976158142,1.399999976158142,1.399999976158142,-5.0,4.0,0.0
603.8479762077332,1.399999976158142,1.3654215335845947,1.399999976158142,7.0,4.0,3.0
604.0573329925537,1.399999976158142,1.3199487924575806,1.399999976158142,2.0,0.0,3.0
604.2673439979553,1.377638816833496,1.3070094585418701,1.399999976158142,5.0,2.0,-2.0
604.4776828289032,1.3636947870254517,1.3664286136627197,1.399999976158142,2.0,-8.0,-3.0
604.6876521110535,1.395369529724121,1.2577040195465088,1.399999976158142,9.0,-2.0,-9.0
604.8973650932312,1.399999976158142,1.3604457378387451,1.399999976158142,-10.0,5.0,-3.0
605.1071870326996,1.399999976158142,1.3887051343917847,1.399999976158142,6.0,-3.0,-3.0
605.3170473575592,1.399999976158142,1.3308658599853516,1.399999976158142,3.0,3.0,0.0
605.5270893573761,1.399999976158142,1.3296105861663818,1.399999976158142,2.0,6.0,0.0
605.7370126247406,1.399999976158142,1.3058515787124634,1.399999976158142,-5.0,0.0,-1.0
605.9467675685883,1.399999976158142,1.330607533454895,1.399999976158142,-7.0,-8.0,1.0
606.156712770462,1.399999976158142,1.2469584941864014,1.399999976158142,13.0,1.0,4.0
606.3666281700134,1.399999976158142,1.3009929656982422,1.399999976158142,-4.0,1.0,0.0
606.5768415927887,1.399999976158142,1.2928215265274048,1.399999976158142,12.0,-7.0,0.0
606.7867851257324,1.3932173252105713,1.240570068359375,1.399999976158142,6.0,-6.0,1.0
606.9965422153473,1.3856720924377441,1.3036980628967285,1.399999976158142,-10.0,-5.0,1.0
607.2067098617554,1.399999976158142,1.2658642530441284,1.399999976158142,1.0,1.0,3.0
607.4165534973145,1.399999976158142,1.224294900894165,1.399999976158142,-9.0,-6.0,-2.0
607.6268172264099,1.399999976158142,1.2636315822601318,1.399999976158142,2.0,16.0,-2.0
607.8365662097931,1.399999976158142,1.3063322305679321,1.399999976158142,-1.0,4.0,-1.0
608.1666097640991,1.399999976158142,1.3069249391555786,1.399999976158142,-2.0,-1.0,-2.0
608.4564259052277,1.399999976158142,1.3829174041748047,1.399999976158142,-4.0,2.0,1.0
608.6663718223572,1.399999976158142,1.3673412799835205,1.399999976158142,-3.0,4.0,1.0
608.8762981891632,1.399999976158142,1.399628758430481,1.399999976158142,-1.0,3.0,0.0
609.0863220691681,1.399999976158142,1.399999976158142,1.399999976158142,-8.0,-2.0,0.0
609.4258403778076,1.399999976158142,1.3957277536392212,1.399999976158142,-4.0,1.0,0.0
609.6657779216766,1.399999976158142,1.399999976158142,1.399999976158142,-9.0,-1.0,0.0
609.8760831356049,1.399999976158142,1.399999976158142,1.399999976158142,-8.0,-2.0,2.0
610.0858042240143,1.399999976158142,1.3472286462783813,1.399999976158142,3.0,-3.0,4.0
610.2959749698639,1.399999976158142,1.399999976158142,1.399999976158142,-10.0,7.0,-6.0
610.5056600570679,1.399999976158142,1.399999976158142,1.399999976158142,4.0,1.0,-2.0
610.9260892868042,1.399999976158142,1.399999976158142,1.399999976158142,-2.0,7.0,-1.0
611.3052144050598,1.399999976158142,1.399999976158142,1.399999976158142,-3.0,-2.0,-1.0
611.6056435108185,1.399999976158142,1.2931206226348877,1.399999976158142,1.0,4.0,2.0
611.819091796875,1.399999976158142,1.3000288009643555,1.399999976158142,4.0,0.0,0.0
612.1452317237854,1.399999976158142,1.399999976158142,1.399999976158142,5.0,4.0,9.0
612.6051840782166,1.3661317825317383,1.399999976158142,1.399999976158142,-17.0,-5.0,0.0
612.8148665428162,1.387731909751892,1.399999976158142,1.399999976158142,12.0,-1.0,1.0
613.0250737667084,1.395400047302246,1.399999976158142,1.399999976158142,1.0,-7.0,15.0
613.2350528240204,1.399999976158142,1.399999976158142,1.399999976158142,-7.0,-6.0,-5.0
613.4756698608398,1.399999976158142,1.399999976158142,1.399999976158142,-10.0,-2.0,-6.0
613.6546587944031,1.399999976158142,1.399999976158142,1.399999976158142,-7.0,15.0,30.0
613.8655517101288,1.399999976158142,1.3886916637420654,1.399999976158142,2.0,12.0,-5.0
614.2151203155518,1.399999976158142,1.399999976158142,1.399999976158142,-4.0,4.0,-10.0
614.425398349762,1.3625562191009521,1.399999976158142,1.399999976158142,-16.0,-3.0,16.0
614.6747446060181,1.399999976158142,1.399999976158142,1.399999976158142,-10.0,4.0,11.0
614.8846545219421,1.399999976158142,1.3601317405700684,1.399999976158142,23.0,-5.0,5.0
615.0945262908936,1.399999976158142,1.3165409564971924,1.399999976158142,-2.0,14.0,3.0
615.3044679164886,1.399999976158142,1.3000787496566772,1.399999976158142,-1.0,20.0,-3.0
615.5343067646027,1.399999976158142,1.298565149307251,1.399999976158142,-2.0,12.0,-2.0
615.7446031570435,1.3435473442077637,1.3414390087127686,1.399999976158142,10.0,-4.0,18.0
616.0941119194031,1.3552736043930054,1.1477457284927368,1.399999976158142,-4.0,1.0,3.0
616.3040087223053,1.380144715309143,1.1155891418457031,1.399999976158142,4.0,-1.0,0.0
616.6140677928925,1.399999976158142,1.3598068952560425,1.399999976158142,5.0,3.0,50.0
616.9344327449799,1.399999976158142,1.399999976158142,1.399999976158142,-5.0,3.0,0.0
617.2438361644745,1.399999976158142,1.399999976158142,1.399999976158142,-8.0,-5.0,-2.0
617.5842101573944,1.399999976158142,1.2471715211868286,1.399999976158142,9.0,-5.0,1.0
617.793826341629,1.399999976158142,1.399999976158142,1.399999976158142,-15.0,7.0,26.0
618.0036709308624,1.399999976158142,1.399999976158142,1.399999976158142,-8.0,4.0,-4.0
618.2137048244476,1.399999976158142,1.399999976158142,1.399999976158142,3.0,10.0,-2.0
618.4238004684448,1.399999976158142,1.3849166631698608,1.399999976158142,-3.0,-3.0,0.0
618.7433972358704,1.399999976158142,1.399999976158142,1.399999976158142,-3.0,2.0,0.0
618.9934515953064,1.399999976158142,1.386825680732727,1.399999976158142,-11.0,-6.0,-1.0
619.2035405635834,1.399999976158142,1.3463693857192993,1.399999976158142,1.0,-2.0,-1.0
619.4136776924133,1.399999976158142,1.220189094543457,1.399999976158142,19.0,-6.0,2.0
619.6230833530426,1.399999976158142,1.2625524997711182,1.399999976158142,-15.0,-12.0,1.0
619.8336057662964,1.399999976158142,1.296863317489624,1.399999976158142,-3.0,7.0,1.0
620.0432822704315,1.399999976158142,1.2435722351074219,1.399999976158142,3.0,13.0,-2.0
620.2732362747192,1.3691853284835815,1.399999976158142,1.399999976158142,-5.0,-2.0,19.0
620.4830191135406,1.399999976158142,1.3387690782546997,1.399999976158142,18.0,4.0,1.0
620.773154258728,1.399999976158142,1.399999976158142,1.399999976158142,-9.0,5.0,-1.0
621.2837152481079,1.399999976158142,1.399999976158142,1.399999976158142,-1.0,14.0,1.0
621.4930462837219,1.3924611806869507,1.399999976158142,1.399999976158142,-3.0,-2.0,2.0
621.6625657081604,1.399999976158142,1.3777378797531128,1.399999976158142,-6.0,5.0,4.0
621.9027755260468,1.399999976158142,1.3467061519622803,1.399999976158142,-1.0,-5.0,-2.0
622.1124866008759,1.399999976158142,1.3566327095031738,1.399999976158142,0.0,2.0,0.0
622.3223824501038,1.399999976158142,1.2166062593460083,1.399999976158142,15.0,-5.0,-2.0
622.5324263572693,1.399999976158142,1.272155523300171,1.399999976158142,-18.0,-6.0,-3.0
622.7437641620636,1.399999976158142,1.261975884437561,1.399999976158142,7.0,1.0,0.0
623.0024082660675,1.399999976158142,1.2951114177703857,1.399999976158142,1.0,-1.0,-5.0
623.2124707698822,1.399999976158142,1.2788923978805542,1.399999976158142,-4.0,-2.0,3.0
623.4226279258728,1.399999976158142,1.2586750984191895,1.399999976158142,-1.0,-4.0,0.0
623.6323285102844,1.399999976158142,1.1916611194610596,1.399999976158142,6.0,-1.0,0.0
623.8420746326447,1.399999976158142,1.1592433452606201,1.399999976158142,2.0,2.0,-1.0
624.0521292686462,1.399999976158142,1.2632176876068115,1.399999976158142,-14.0,4.0,-2.0
624.2621817588806,1.399999976158142,1.2713861465454102,1.399999976158142,-7.0,0.0,0.0
624.4717810153961,1.399999976158142,1.2936240434646606,1.399999976158142,-4.0,2.0,-4.0
624.6823728084564,1.399999976158142,1.2927439212799072,1.399999976158142,-1.0,15.0,2.0
624.8918898105621,1.399999976158142,1.3250230550765991,1.399999976158142,-7.0,16.0,-2.0
625.1016886234283,1.399999976158142,1.234430193901062,1.399999976158142,-1.0,28.0,3.0
625.3117780685425,1.399999976158142,1.3135491609573364,1.399999976158142,-8.0,1.0,-1.0
625.521918296814,1.399999976158142,1.399999976158142,1.399999976158142,-8.0,-8.0,1.0
625.7317543029785,1.399999976158142,1.399999976158142,1.399999976158142,-2.0,-2.0,2.0
625.9415202140808,1.399999976158142,1.399999976158142,1.399999976158142,1.0,-4.0,-2.0
626.1517550945282,1.399999976158142,1.3141483068466187,1.399999976158142,19.0,4.0,3.0
626.3616006374359,1.399999976158142,1.2351535558700562,1.399999976158142,-4.0,-1.0,-12.0
626.7015700340271,1.399999976158142,1.1043365001678467,1.399999976158142,1.0,0.0,-12.0
626.9416625499725,1.399999976158142,1.0595155954360962,1.399999976158142,4.0,-7.0,0.0
627.1525127887726,1.399999976158142,1.089534044265747,1.399999976158142,-5.0,1.0,-3.0
627.3713116645813,1.3444443941116333,0.9923776984214783,1.399999976158142,25.0,-3.0,7.0
627.5818898677826,1.399999976158142,1.0322049856185913,1.399999976158142,-11.0,7.0,17.0
627.7913222312927,1.399999976158142,1.1304446458816528,1.399999976158142,-14.0,4.0,0.0
628.0028805732727,1.399999976158142,1.1695619821548462,1.399999976158142,-5.0,-2.0,-2.0
628.2122404575348,1.399999976158142,1.1051409244537354,1.399999976158142,6.0,4.0,1.0
628.4211497306824,1.399999976158142,1.0950853824615479,1.399999976158142,-4.0,3.0,-1.0
628.6313462257385,1.399999976158142,1.0940804481506348,1.399999976158142,-4.0,-2.0,0.0
628.8408160209656,1.399999976158142,0.9953368902206421,1.399999976158142,7.0,-4.0,1.0
629.0512342453003,1.399999976158142,0.9602795243263245,1.399999976158142,-8.0,-7.0,1.0
629.2611663341522,1.399999976158142,0.9228184819221497,1.399999976158142,1.0,3.0,1.0
629.4708731174469,1.399999976158142,0.8289676904678345,1.399999976158142,-4.0,-2.0,5.0
629.6813669204712,1.399999976158142,0.8893113136291504,1.399999976158142,-8.0,-5.0,-5.0
629.8910675048828,1.399999976158142,0.8582724928855896,1.399999976158142,-8.0,-5.0,-1.0
630.1012258529663,1.399999976158142,0.8753498196601868,1.399999976158142,-10.0,5.0,1.0
630.3305952548981,1.341365933418274,0.69256591796875,1.399999976158142,10.0,-8.0,1.0
630.5408020019531,1.3279205560684204,0.722346842288971,1.399999976158142,-16.0,-15.0,-2.0
630.7508161067963,1.3562146425247192,0.61420077085495,1.399999976158142,16.0,-4.0,1.0
630.9609525203705,1.399999976158142,0.6005077958106995,1.399999976158142,3.0,-4.0,-2.0
631.17067527771,1.399999976158142,0.5576543807983398,1.399999976158142,12.0,-1.0,3.0
631.3808572292328,1.399999976158142,0.5238604545593262,1.399999976158142,-14.0,5.0,1.0
631.5904324054718,1.399999976158142,0.5624173879623413,1.399999976158142,-7.0,-4.0,-9.0
631.8006458282471,1.399999976158142,0.5869254469871521,1.399999976158142,3.0,10.0,-3.0
632.0104420185089,1.399999976158142,0.6567060947418213,1.399999976158142,-1.0,2.0,-6.0
632.2202746868134,1.399999976158142,0.5078674554824829,1.399999976158142,-2.0,12.0,7.0
632.4304838180542,1.399999976158142,0.5718358755111694,1.399999976158142,7.0,-19.0,-6.0
632.6402356624603,1.399999976158142,0.5148884654045105,1.399999976158142,2.0,-4.0,8.0
632.8504073619843,1.399999976158142,0.6747869253158569,1.399999976158142,-1.0,-3.0,-4.0
633.0605261325836,1.399999976158142,0.7823346853256226,1.399999976158142,-9.0,-3.0,1.0
633.2702484130859,1.399999976158142,0.681853711605072,1.399999976158142,-2.0,2.0,-2.0
633.4801650047302,1.399999976158142,0.5568872690200806,1.399999976158142,7.0,-6.0,-2.0
633.6811447143555,1.399999976158142,0.6184821724891663,1.399999976158142,-8.0,0.0,-1.0
633.8899681568146,1.399999976158142,0.561301052570343,1.399999976158142,5.0,4.0,1.0
634.0998251438141,1.399999976158142,0.4912949502468109,1.399999976158142,1.0,-2.0,1.0
634.4402680397034,1.399999976158142,0.45446091890335083,1.399999976158142,-1.0,3.0,11.0
634.7497498989105,1.399999976158142,0.49192026257514954,1.399999976158142,4.0,3.0,1.0
635.040246963501,1.399999976158142,0.38416486978530884,1.399999976158142,11.0,1.0,-1.0
635.2498159408569,1.399999976158142,0.44389215111732483,1.399999976158142,-11.0,0.0,-5.0
635.4597823619843,1.399999976158142,0.38344207406044006,1.399999976158142,-1.0,-3.0,-2.0
635.5996687412262,1.399999976158142,0.39759376645088196,1.399999976158142,-4.0,1.0,0.0
635.919632434845,1.399999976158142,0.37978219985961914,1.399999976158142,-1.0,-4.0,1.0
636.2194724082947,1.399999976158142,0.46483224630355835,1.399999976158142,-7.0,3.0,-1.0
636.7095077037811,1.312630295753479,0.2686903178691864,1.399999976158142,9.0,-5.0,-1.0
637.0495755672455,1.230849266052246,0.20501506328582764,1.399999976158142,13.0,-9.0,0.0
637.2898800373077,1.3518154621124268,0.22469720244407654,1.399999976158142,0.0,5.0,8.0
637.7391266822815,1.3956965208053589,0.10839899629354477,1.399999976158142,14.0,-11.0,1.0
637.9495511054993,1.399999976158142,0.2565128207206726,1.399999976158142,1.0,5.0,29.0
638.1592106819153,1.2959849834442139,0.17674288153648376,1.399999976158142,-5.0,-16.0,-2.0
638.4193141460419,1.399999976158142,0.25312766432762146,1.399999976158142,-16.0,-7.0,6.0
638.628956079483,1.399999976158142,0.5354903340339661,1.399999976158142,-1.0,7.0,44.0
638.839494228363,1.399999976158142,0.5039282441139221,1.399999976158142,-2.0,8.0,-1.0
639.0494105815887,1.399999976158142,0.56772780418396,1.399999976158142,-2.0,-3.0,2.0
639.2588355541229,1.399999976158142,0.49838513135910034,1.399999976158142,8.0,6.0,1.0
639.4689536094666,1.399999976158142,0.6784095168113708,1.399999976158142,4.0,1.0,43.0
639.6987385749817,1.399999976158142,0.5475494861602783,1.399999976158142,-2.0,-3.0,1.0
639.908754825592,1.396607518196106,0.5700399875640869,1.399999976158142,-5.0,-4.0,0.0
640.1190707683563,1.399999976158142,0.5275388956069946,1.399999976158142,1.0,-12.0,1.0
640.3286883831024,1.399999976158142,0.6405690312385559,1.399999976158142,4.0,-8.0,25.0
640.5387630462646,1.399999976158142,0.5867846608161926,1.399999976158142,1.0,4.0,34.0
640.7485427856445,1.399999976158142,0.5322556495666504,1.399999976158142,0.0,-3.0,-1.0
640.9590816497803,1.3844164609909058,0.4959360361099243,1.399999976158142,11.0,-9.0,1.0
641.1687433719635,1.399999976158142,0.5849704742431641,1.399999976158142,-1.0,4.0,31.0
641.3786935806274,1.399999976158142,0.6430236101150513,1.399999976158142,-19.0,-3.0,-7.0
641.5885052680969,1.399999976158142,0.7294465899467468,1.399999976158142,10.0,9.0,8.0
641.8186168670654,1.399999976158142,0.7440398931503296,1.399999976158142,-6.0,-9.0,17.0
642.0286991596222,1.399999976158142,0.7695263028144836,1.399999976158142,-2.0,-9.0,1.0
642.3187537193298,1.399999976158142,0.7061474323272705,1.399999976158142,-6.0,1.0,5.0
642.528510093689,1.399999976158142,0.7247457504272461,1.399999976158142,-6.0,-2.0,0.0
642.7384555339813,1.399999976158142,0.9671903848648071,1.399999976158142,-2.0,-2.0,43.0
642.9483201503754,1.399999976158142,0.9182111024856567,1.399999976158142,-5.0,-3.0,-2.0
643.3981153964996,1.399999976158142,0.570848286151886,1.399999976158142,0.0,-2.0,-31.0
643.7282195091248,1.399999976158142,0.4323843717575073,1.399999976158142,6.0,0.0,2.0
644.0078561306,1.399999976158142,0.5112653970718384,1.399999976158142,3.0,7.0,21.0
644.2179131507874,1.399999976158142,0.5029663443565369,1.399999976158142,0.0,2.0,1.0
644.4287314414978,1.399999976158142,0.5309960842132568,1.399999976158142,-10.0,4.0,1.0
644.7582266330719,1.399999976158142,0.47374120354652405,1.399999976158142,-10.0,12.0,-4.0
645.0579016208649,1.399999976158142,0.29940322041511536,1.399999976158142,11.0,-6.0,2.0
645.2692265510559,1.399999976158142,0.2956351935863495,1.399999976158142,0.0,6.0,-1.0
645.4777910709381,1.399999976158142,0.2532939314842224,1.399999976158142,7.0,6.0,-2.0
645.6777486801147,1.399999976158142,0.22431814670562744,1.399999976158142,7.0,0.0,-4.0
645.9774696826935,1.399999976158142,0.24424774944782257,1.399999976158142,-2.0,-1.0,1.0
646.1875476837158,1.399999976158142,0.12448719888925552,1.399999976158142,4.0,-9.0,4.0
646.5179643630981,1.3585211038589478,0.11777156591415405,1.399999976158142,-3.0,-7.0,-2.0
646.7274589538574,1.3977196216583252,0.14189374446868896,1.399999976158142,-9.0,-2.0,-2.0
646.9379570484161,1.399999976158142,0.12179040163755417,1.399999976158142,8.0,-1.0,0.0
647.1471064090729,1.399999976158142,0.14177115261554718,1.399999976158142,-7.0,-2.0,1.0
647.3574090003967,1.399999976158142,0.09074870496988297,1.399999976158142,6.0,-5.0,1.0
647.5676085948944,1.399999976158142,0.06146860495209694,1.399999976158142,3.0,2.0,-1.0
647.7771270275116,1.399999976158142,0.09377575665712357,1.399999976158142,-7.0,3.0,-3.0
647.9870579242706,1.399999976158142,0.1952502578496933,1.399999976158142,-13.0,11.0,-3.0
648.1972601413727,1.399999976158142,0.21183954179286957,1.399999976158142,-4.0,1.0,-1.0
648.4068155288696,1.399999976158142,0.23507340252399445,1.399999976158142,-6.0,-4.0,1.0
648.6170530319214,1.399999976158142,0.21194277703762054,1.399999976158142,-1.0,-4.0,3.0
648.8274302482605,1.399999976158142,0.16970302164554596,1.399999976158142,1.0,-4.0,3.0
649.0373792648315,1.399999976158142,0.0819670781493187,1.399999976158142,2.0,0.0,0.0
649.2470259666443,1.399999976158142,0.04012161120772362,1.399999976158142,1.0,1.0,0.0
649.456889629364,1.399999976158142,0.0945001095533371,1.399999976158142,-3.0,0.0,3.0
649.6669225692749,1.399999976158142,0.06510274857282639,1.399999976158142,-14.0,8.0,-17.0
649.936999797821,1.399999976158142,0.008084909059107304,1.399999976158142,-6.0,-1.0,-6.0
650.1464281082153,1.399999976158142,0.0033095458056777716,1.399999976158142,-2.0,0.0,-1.0
650.3567719459534,1.3880643844604492,0.0,1.399999976158142,5.0,-6.0,0.0
650.5671494007111,1.399999976158142,0.0,1.399999976158142,1.0,-5.0,3.0
650.7765583992004,1.399999976158142,0.0,1.399999976158142,2.0,1.0,0.0
650.9867167472839,1.399999976158142,0.011681952513754368,1.399999976158142,5.0,4.0,9.0
651.1970365047455,1.399999976158142,0.0,1.399999976158142,3.0,-3.0,0.0
651.4063680171967,1.399999976158142,0.0,1.399999976158142,10.0,1.0,4.0
651.6162068843842,1.399999976158142,0.0,1.399999976158142,10.0,-3.0,4.0
651.8262541294098,1.399999976158142,0.0,1.399999976158142,0.0,-9.0,1.0
652.0369789600372,1.399999976158142,0.0,1.399999976158142,4.0,18.0,-4.0
652.2467305660248,1.399999976158142,0.0,1.399999976158142,5.0,3.0,-1.0
652.4562993049622,1.399999976158142,0.011683900840580463,1.399999976158142,-3.0,7.0,-1.0
652.7064292430878,1.3729273080825806,0.0,1.399999976158142,1.0,-1.0,0.0
652.9162187576294,1.3702877759933472,0.0,1.399999976158142,7.0,-5.0,3.0
653.1264293193817,1.3575901985168457,0.0,1.399999976158142,13.0,-11.0,1.0
653.3367006778717,1.3075790405273438,0.0,1.399999976158142,0.0,-7.0,-1.0
653.5456609725952,1.3262885808944702,0.0,1.399999976158142,7.0,-7.0,2.0
653.7564811706543,1.3895312547683716,0.0,1.399999976158142,-1.0,0.0,-3.0
653.986575126648,1.399999976158142,0.0,1.399999976158142,9.0,-2.0,0.0
654.1960415840149,1.399999976158142,0.0,1.399999976158142,2.0,4.0,2.0
654.4058663845062,1.399999976158142,0.02035842090845108,1.399999976158142,-8.0,-7.0,-1.0
654.6161794662476,1.399999976158142,0.0,1.399999976158142,14.0,2.0,8.0
654.8254930973053,1.399999976158142,0.03805620223283768,1.399999976158142,-8.0,-2.0,1.0
655.035756111145,1.399999976158142,0.0751238688826561,1.399999976158142,1.0,5.0,-3.0
655.2454748153687,1.399999976158142,0.03669087216258049,1.399999976158142,-3.0,2.0,-5.0
655.4552946090698,1.399999976158142,0.0,1.399999976158142,5.0,4.0,0.0
655.5753798484802,1.399999976158142,0.0,1.399999976158142,5.0,6.0,1.0
655.8565707206726,1.391785979270935,0.0,1.399999976158142,12.0,1.0,7.0
656.0655972957611,1.3578685522079468,0.0,1.399999976158142,-5.0,-10.0,13.0
656.2753880023956,1.3661643266677856,0.0,1.399999976158142,-14.0,-2.0,1.0
656.5353376865387,1.399999976158142,0.0,1.399999976158142,1.0,5.0,-2.0
656.747133731842,1.383920669555664,0.0,1.399999976158142,-3.0,1.0,17.0
656.955043554306,1.3977434635162354,0.09889557212591171,1.399999976158142,-4.0,-10.0,-2.0
657.1665480136871,1.3699688911437988,0.007402692921459675,1.399999976158142,7.0,-9.0,-1.0
657.3750092983246,1.399999976158142,0.07787258923053741,1.399999976158142,1.0,2.0,13.0
657.5849058628082,1.399999976158142,0.07586308568716049,1.399999976158142,-4.0,4.0,1.0
657.7954499721527,1.399999976158142,0.04692983254790306,1.399999976158142,5.0,13.0,1.0
658.0051622390747,1.3543001413345337,0.043037816882133484,1.399999976158142,-7.0,-6.0,3.0
658.2148144245148,1.3862429857254028,0.0,1.399999976158142,7.0,-1.0,2.0
658.4249801635742,1.399999976158142,0.05564867705106735,1.399999976158142,1.0,6.0,10.0
658.6447987556458,1.399999976158142,0.056306835263967514,1.399999976158142,-5.0,-2.0,0.0
658.8550689220428,1.399999976158142,0.0,1.399999976158142,6.0,-7.0,-1.0
659.0647306442261,1.399999976158142,0.0,1.399999976158142,-2.0,-6.0,-1.0
659.2751054763794,1.399999976158142,0.08281761407852173,1.399999976158142,-16.0,1.0,-3.0
659.4944834709167,1.399999976158142,0.04674142226576805,1.399999976158142,-9.0,2.0,0.0
659.7046525478363,1.399999976158142,0.08028072863817215,1.399999976158142,-6.0,7.0,0.0
659.9145786762238,1.399999976158142,0.0,1.399999976158142,0.0,-2.0,4.0
660.1246728897095,1.399999976158142,0.010303749702870846,1.399999976158142,-1.0,-2.0,-4.0
660.3346719741821,1.399999976158142,0.00389654072932899,1.399999976158142,1.0,3.0,1.0
660.6842458248138,1.399999976158142,0.1280568242073059,1.399999976158142,-11.0,-5.0,0.0
660.8942975997925,1.3677115440368652,0.19175414741039276,1.399999976158142,-7.0,-2.0,-2.0
661.1041967868805,1.3570287227630615,0.1986665427684784,1.399999976158142,2.0,-8.0,0.0
661.3139560222626,1.395743727684021,0.13179521262645721,1.399999976158142,3.0,-7.0,-1.0
661.5242800712585,1.399999976158142,0.12010296434164047,1.399999976158142,-7.0,1.0,-4.0
661.7340321540833,1.381036639213562,0.09197195619344711,1.399999976158142,-7.0,-4.0,-17.0
661.9438726902008,1.392723798751831,0.008905373513698578,1.399999976158142,-1.0,-1.0,1.0
662.1539061069489,1.399999976158142,0.061149172484874725,1.399999976158142,-1.0,-6.0,-3.0
662.3639664649963,1.3916993141174316,0.0,1.399999976158142,18.0,-9.0,6.0
662.5740942955017,1.3827784061431885,0.0,1.399999976158142,-2.0,-1.0,-2.0
662.7840089797974,1.3583976030349731,0.0436088964343071,1.399999976158142,-8.0,-8.0,-2.0
662.9936945438385,1.3367934226989746,0.03632375970482826,1.399999976158142,2.0,-8.0,2.0
663.2035353183746,1.399999976158142,0.13147622346878052,1.399999976158142,-6.0,7.0,0.0
663.4177966117859,1.399999976158142,0.22653897106647491,1.399999976158142,-10.0,5.0,-2.0
663.6234610080719,1.399999976158142,0.2497769296169281,1.399999976158142,-1.0,-15.0,-1.0
663.8537714481354,1.399999976158142,0.03557227924466133,1.399999976158142,-4.0,15.0,-39.0
664.0633873939514,1.399999976158142,0.12175346165895462,1.399999976158142,-5.0,1.0,0.0
664.3930087089539,1.3686110973358154,0.1626182645559311,1.399999976158142,4.0,-1.0,0.0
664.6032009124756,1.399999976158142,0.15307331085205078,1.399999976158142,0.0,-11.0,-1.0
664.8331558704376,1.399999976158142,0.0,1.399999976158142,0.0,7.0,-13.0
665.0431656837463,1.399999976158142,0.03518454357981682,1.399999976158142,-13.0,3.0,-2.0
665.2531855106354,1.399999976158142,0.0716286301612854,1.399999976158142,13.0,-5.0,-1.0
665.4631657600403,1.399999976158142,0.016353117302060127,1.399999976158142,-12.0,-1.0,-15.0
665.6426870822906,1.399999976158142,0.0,1.399999976158142,6.0,-11.0,-20.0
665.8527784347534,1.399999976158142,0.0,1.399999976158142,6.0,6.0,-1.0
666.0636658668518,1.399999976158142,0.0,1.399999976158142,1.0,1.0,2.0
666.2730453014374,1.3655600547790527,0.03180037811398506,1.399999976158142,5.0,-2.0,3.0
666.5526027679443,1.3548424243927002,0.016226259991526604,1.399999976158142,2.0,0.0,3.0
666.9229998588562,1.399999976158142,0.03504909202456474,1.399999976158142,5.0,0.0,6.0
667.1324548721313,1.399999976158142,0.060171689838171005,1.399999976158142,-7.0,1.0,1.0
667.342483997345,1.399999976158142,0.05639978125691414,1.399999976158142,0.0,-7.0,0.0
667.55255818367,1.3856815099716187,0.009801805950701237,1.399999976158142,6.0,-4.0,1.0
667.922200679779,1.399999976158142,0.0,1.399999976158142,0.0,3.0,2.0
668.1324663162231,1.399999976158142,0.06021735817193985,1.399999976158142,-7.0,2.0,-1.0
668.342456817627,1.3963571786880493,0.1408609002828598,1.399999976158142,-9.0,-6.0,-1.0
668.6223216056824,1.399999976158142,0.16935230791568756,1.399999976158142,-4.0,4.0,0.0
668.8320400714874,1.399999976158142,0.24668271839618683,1.399999976158142,-10.0,3.0,0.0
669.0421838760376,1.399999976158142,0.3227582573890686,1.399999976158142,-6.0,-3.0,0.0
669.2521481513977,1.399999976158142,0.33167558908462524,1.399999976158142,0.0,4.0,-1.0
669.4621875286102,1.399999976158142,0.29637834429740906,1.399999976158142,0.0,-4.0,3.0
669.7723503112793,1.399999976158142,0.2874738872051239,1.399999976158142,-5.0,-3.0,-2.0
670.1018798351288,1.399999976158142,0.36270272731781006,1.399999976158142,-2.0,-3.0,0.0
670.3521943092346,1.399999976158142,0.3670435845851898,1.399999976158142,3.0,2.0,-5.0
670.5616364479065,1.399999976158142,0.3092745542526245,1.399999976158142,7.0,-7.0,0.0
670.7721400260925,1.399999976158142,0.28037229180336,1.399999976158142,3.0,9.0,2.0
670.9818034172058,1.399999976158142,0.30036312341690063,1.399999976158142,4.0,3.0,2.0
671.1916873455048,1.399999976158142,0.3345334529876709,1.399999976158142,-9.0,-4.0,1.0
671.4017195701599,1.399999976158142,0.37726202607154846,1.399999976158142,-7.0,3.0,-2.0
671.6815719604492,1.3775453567504883,0.32950401306152344,1.399999976158142,2.0,-3.0,-1.0
671.8914005756378,1.399999976158142,0.32384979724884033,1.399999976158142,-3.0,-3.0,1.0
672.1015627384186,1.3930903673171997,0.24972859025001526,1.399999976158142,11.0,0.0,2.0
672.3112828731537,1.399999976158142,0.23127342760562897,1.399999976158142,2.0,0.0,2.0
672.5212984085083,1.399999976158142,0.21342822909355164,1.399999976158142,3.0,-5.0,1.0
672.7313377857208,1.399999976158142,0.2349255532026291,1.399999976158142,0.0,-3.0,0.0
672.941064119339,1.399999976158142,0.2903483510017395,1.399999976158142,-3.0,-3.0,1.0
673.1512477397919,1.399999976158142,0.31534963846206665,1.399999976158142,-6.0,-6.0,-2.0
673.37149477005,1.399999976158142,0.3627347946166992,1.399999976158142,0.0,12.0,-1.0
673.5807385444641,1.399999976158142,0.3644936680793762,1.399999976158142,1.0,5.0,0.0
673.7915554046631,1.399999976158142,0.40280964970588684,1.399999976158142,-6.0,6.0,1.0
674.0008852481842,1.399999976158142,0.38118085265159607,1.399999976158142,3.0,3.0,2.0
674.2108330726624,1.399999976158142,0.42604243755340576,1.399999976158142,-4.0,2.0,-1.0
674.4211037158966,1.399999976158142,0.41913360357284546,1.399999976158142,-3.0,1.0,0.0
674.6411175727844,1.3834192752838135,0.416370153427124,1.399999976158142,0.0,-3.0,2.0
674.8809249401093,1.3814078569412231,0.37355467677116394,1.399999976158142,2.0,-6.0,0.0
675.0907368659973,1.399999976158142,0.3256915509700775,1.399999976158142,-7.0,-6.0,-6.0
675.3003208637238,1.399999976158142,0.3044721484184265,1.399999976158142,4.0,-2.0,-2.0
675.5805258750916,1.399999976158142,0.2960929870605469,1.399999976158142,0.0,1.0,-1.0
675.7904562950134,1.399999976158142,0.3527849316596985,1.399999976158142,-7.0,3.0,2.0
676.0018455982208,1.399999976158142,0.3269056975841522,1.399999976158142,-6.0,6.0,2.0
676.2104539871216,1.399999976158142,0.30253365635871887,1.399999976158142,-3.0,-12.0,1.0
676.4201726913452,1.399999976158142,0.2702575922012329,1.399999976158142,5.0,-8.0,2.0
676.8601191043854,1.399999976158142,0.2926429212093353,1.399999976158142,4.0,2.0,2.0
677.0750551223755,1.399999976158142,0.28925156593322754,1.399999976158142,-4.0,4.0,0.0
677.3101897239685,1.399999976158142,0.31123730540275574,1.399999976158142,2.0,-4.0,0.0
677.5598473548889,1.399999976158142,0.3366532027721405,1.399999976158142,-3.0,2.0,-1.0
677.7702417373657,1.399999976158142,0.3777675926685333,1.399999976158142,-3.0,2.0,3.0
677.9801321029663,1.399999976158142,0.3914511799812317,1.399999976158142,-5.0,-2.0,0.0
678.1911656856537,1.399999976158142,0.40678539872169495,1.399999976158142,-5.0,-2.0,1.0
678.4013483524323,1.399999976158142,0.3948427140712738,1.399999976158142,-1.0,-4.0,1.0
678.6104810237885,1.399999976158142,0.4042651355266571,1.399999976158142,-4.0,6.0,0.0
678.8202478885651,1.399999976158142,0.3878096044063568,1.399999976158142,4.0,-1.0,0.0
679.0297083854675,1.399999976158142,0.4099179208278656,1.399999976158142,-2.0,-2.0,2.0
679.2397315502167,1.399999976158142,0.3815135657787323,1.399999976158142,3.0,-4.0,1.0
679.4494335651398,1.399999976158142,0.3857882618904114,1.399999976158142,-6.0,-1.0,-1.0
679.6604800224304,1.399999976158142,0.31573694944381714,1.399999976158142,6.0,-1.0,1.0
679.8694717884064,1.399999976158142,0.2967435419559479,1.399999976158142,-1.0,-2.0,0.0
680.0792992115021,1.3956069946289062,0.2141551822423935,1.399999976158142,8.0,-6.0,0.0
680.3995244503021,1.399999976158142,0.19806042313575745,1.399999976158142,0.0,1.0,0.0
680.6091225147247,1.399999976158142,0.26273632049560547,1.399999976158142,-5.0,-3.0,0.0
680.8194744586945,1.399999976158142,0.21928457915782928,1.399999976158142,-1.0,0.0,1.0
681.0294468402863,1.399999976158142,0.24341261386871338,1.399999976158142,-3.0,-1.0,-1.0
681.2491865158081,1.399999976158142,0.19574211537837982,1.399999976158142,1.0,2.0,0.0
681.4589929580688,1.399999976158142,0.2012704759836197,1.399999976158142,-1.0,0.0,0.0
681.5890312194824,1.399999976158142,0.2278129905462265,1.399999976158142,-6.0,1.0,2.0
681.9186956882477,1.399999976158142,0.2280103713274002,1.399999976158142,-2.0,-2.0,1.0
682.199047088623,1.399999976158142,0.3442995250225067,1.399999976158142,-10.0,2.0,-1.0
682.4086594581604,1.399999976158142,0.33990180492401123,1.399999976158142,0.0,0.0,1.0
682.6185307502747,1.399999976158142,0.33324435353279114,1.399999976158142,-3.0,-5.0,0.0
682.8287761211395,1.396353840827942,0.28245052695274353,1.399999976158142,0.0,-3.0,2.0
683.038654088974,1.399999976158142,0.262856125831604,1.399999976158142,-3.0,2.0,0.0
683.248654127121,1.399999976158142,0.1732437014579773,1.399999976158142,11.0,1.0,1.0
683.5780365467072,1.399999976158142,0.053232066333293915,1.399999976158142,4.0,-2.0,4.0
683.7982323169708,1.399999976158142,0.0,1.399999976158142,-3.0,1.0,2.0
684.0285053253174,1.399999976158142,0.0,1.399999976158142,8.0,-2.0,1.0
684.2381947040558,1.399999976158142,0.025491660460829735,1.399999976158142,-5.0,6.0,1.0
684.7280507087708,1.399999976158142,0.0,1.399999976158142,4.0,-3.0,3.0
684.9381911754608,1.399999976158142,0.0,1.399999976158142,5.0,-1.0,0.0
685.148252248764,1.399999976158142,0.05531264469027519,1.399999976158142,-1.0,-1.0,0.0
685.4481227397919,1.3628569841384888,0.0,1.399999976158142,2.0,-3.0,1.0
685.6576941013336,1.399999976158142,0.0,1.399999976158142,-4.0,-6.0,-12.0
685.8676426410675,1.399999976158142,0.0,1.399999976158142,6.0,-5.0,1.0
686.0774290561676,1.399999976158142,0.0,1.399999976158142,0.0,-1.0,-1.0
686.2876150608063,1.399999976158142,0.0,1.399999976158142,8.0,-7.0,0.0
686.4972908496857,1.399999976158142,0.0,1.399999976158142,0.0,0.0,1.0
686.7073991298676,1.399999976158142,0.039859920740127563,1.399999976158142,-3.0,-4.0,-2.0
686.9172611236572,1.399999976158142,0.0,1.399999976158142,1.0,2.0,1.0
687.12744307518,1.399999976158142,0.0,1.399999976158142,0.0,1.0,-1.0
687.3373229503632,1.399999976158142,0.033799394965171814,1.399999976158142,-4.0,3.0,-1.0
687.5469753742218,1.399999976158142,0.08382529020309448,1.399999976158142,-2.0,1.0,-1.0
687.7575562000275,1.399999976158142,0.0,1.399999976158142,1.0,3.0,-26.0
687.9673185348511,1.399999976158142,0.0,1.399999976158142,8.0,-1.0,-3.0
688.1769564151764,1.399999976158142,0.0,1.399999976158142,2.0,2.0,-1.0
688.3867602348328,1.399999976158142,0.0,1.399999976158142,5.0,-1.0,-31.0
688.5970358848572,1.399999976158142,0.0,1.399999976158142,0.0,0.0,-5.0
688.8067009449005,1.399999976158142,0.0,1.399999976158142,3.0,-1.0,-2.0
689.0164971351624,1.399999976158142,0.0,1.399999976158142,3.0,2.0,0.0
689.2266311645508,1.399999976158142,0.0,1.399999976158142,1.0,-5.0,-1.0
689.4370217323303,1.399999976158142,0.025875413790345192,1.399999976158142,-5.0,0.0,-1.0
689.6471016407013,1.399999976158142,0.0,1.399999976158142,1.0,1.0,-1.0
689.8861696720123,1.399999976158142,0.0,1.399999976158142,6.0,-1.0,2.0
690.0970857143402,1.399999976158142,0.0,1.399999976158142,5.0,-2.0,1.0
690.3063514232635,1.399999976158142,0.0,1.399999976158142,4.0,-1.0,3.0
690.5164649486542,1.399999976158142,0.048738304525613785,1.399999976158142,-5.0,0.0,0.0
690.7265040874481,1.399999976158142,0.0853218138217926,1.399999976158142,-6.0,-3.0,-2.0
690.936418056488,1.399999976158142,0.09939201176166534,1.399999976158142,-1.0,12.0,0.0
691.1665244102478,1.399999976158142,0.06471918523311615,1.399999976158142,4.0,1.0,3.0
691.3763852119446,1.399999976158142,0.0,1.399999976158142,3.0,-1.0,2.0
691.5863041877747,1.399999976158142,0.002764736767858267,1.399999976158142,-1.0,1.0,0.0
691.8056964874268,1.399999976158142,0.029080484062433243,1.399999976158142,-3.0,-5.0,-4.0
692.0161263942719,1.399999976158142,0.0,1.399999976158142,-5.0,5.0,-10.0
692.2256059646606,1.399999976158142,0.013563422486186028,1.399999976158142,-4.0,0.0,-3.0
692.4359793663025,1.399999976158142,0.0,1.399999976158142,0.0,2.0,2.0
692.6456880569458,1.399999976158142,0.0,1.399999976158142,1.0,-4.0,2.0
692.8655290603638,1.399999976158142,0.05505170300602913,1.399999976158142,-4.0,-2.0,-1.0
693.0757791996002,1.399999976158142,0.10154489427804947,1.399999976158142,-2.0,12.0,-1.0
693.4255228042603,1.399999976158142,0.1913853883743286,1.399999976158142,-7.0,7.0,-1.0
693.7053785324097,1.390284776687622,0.0005999991553835571,1.399999976158142,-3.0,-5.0,-19.0
694.0053839683533,1.399999976158142,0.0,1.399999976158142,-1.0,0.0,-2.0
694.2765820026398,1.399999976158142,0.01841696910560131,1.399999976158142,-1.0,-2.0,2.0
694.5057728290558,1.399999976158142,0.09160592406988144,1.399999976158142,-1.0,7.0,11.0
694.7153840065002,1.399999976158142,0.08909405022859573,1.399999976158142,1.0,0.0,0.0
695.0549890995026,1.399999976158142,0.0,1.399999976158142,5.0,3.0,0.0
695.3253719806671,1.399999976158142,0.0,1.399999976158142,-1.0,-5.0,3.0
695.5951614379883,1.389819622039795,0.0001615924556972459,1.399999976158142,-2.0,-5.0,2.0
695.8051426410675,1.3798986673355103,0.0,1.399999976158142,4.0,-7.0,1.0
696.0145218372345,1.399999976158142,0.0,1.399999976158142,-1.0,-3.0,1.0
696.2251253128052,1.399999976158142,0.044981878250837326,1.399999976158142,-1.0,4.0,1.0
696.4344844818115,1.399999976158142,0.03166506066918373,1.399999976158142,3.0,1.0,0.0
696.7445960044861,1.399999976158142,0.0,1.399999976158142,0.0,2.0,-8.0
696.9547188282013,1.3969842195510864,0.0007539400830864906,1.399999976158142,-5.0,-6.0,0.0
697.1644706726074,1.399999976158142,0.0,1.399999976158142,8.0,1.0,0.0
697.374388217926,1.399999976158142,0.0,1.399999976158142,0.0,1.0,2.0
697.5844261646271,1.394350528717041,0.0,1.399999976158142,-3.0,-4.0,1.0
697.794358253479,1.3993786573410034,0.007793609518557787,1.399999976158142,-3.0,-7.0,0.0
698.0042095184326,1.399999976158142,0.0,1.399999976158142,3.0,-4.0,-9.0
698.2141003608704,1.399999976158142,0.0,1.399999976158142,-6.0,-4.0,-3.0
698.4240052700043,1.399999976158142,0.0,1.399999976158142,10.0,-2.0,0.0
698.6344554424286,1.399999976158142,0.0,1.399999976158142,4.0,9.0,-2.0
698.844114780426,1.399999976158142,0.0,1.399999976158142,5.0,-6.0,1.0
699.054496049881,1.399999976158142,0.0,1.399999976158142,3.0,8.0,1.0
699.2641890048981,1.399999976158142,0.0,1.399999976158142,9.0,-1.0,1.0
699.4737985134125,1.399999976158142,0.00037679230445064604,1.399999976158142,-4.0,13.0,-1.0
699.6884088516235,1.399999976158142,0.03356453403830528,1.399999976158142,2.0,-3.0,0.0
699.903671503067,1.399999976158142,0.013830326497554779,1.399999976158142,0.0,3.0,-1.0
700.2836220264435,1.399999976158142,0.0,1.399999976158142,2.0,2.0,1.0
700.4942576885223,1.399999976158142,0.0,1.399999976158142,4.0,-5.0,-17.0
700.7042124271393,1.399999976158142,0.0,1.399999976158142,-2.0,5.0,-3.0
700.9141275882721,1.399999976158142,0.005022628232836723,1.399999976158142,-4.0,-6.0,1.0
701.1233758926392,1.399999976158142,0.0,1.399999976158142,0.0,1.0,0.0
701.333263874054,1.399999976158142,0.0,1.399999976158142,6.0,-6.0,1.0
701.5430402755737,1.399999976158142,0.0,1.399999976158142,5.0,4.0,2.0
701.753170967102,1.399999976158142,0.055650532245635986,1.399999976158142,-2.0,-5.0,-1.0
701.9631073474884,1.3697117567062378,0.08204270899295807,1.399999976158142,2.0,-1.0,1.0
702.1732492446899,1.399999976158142,0.12743955850601196,1.399999976158142,3.0,-10.0,1.0
702.3830471038818,1.399999976158142,0.16650128364562988,1.399999976158142,0.0,2.0,1.0
702.6932682991028,1.399999976158142,0.18227364122867584,1.399999976158142,1.0,-1.0,0.0
703.1634299755096,1.399999976158142,0.11507008969783783,1.399999976158142,10.0,-1.0,1.0
703.3838639259338,1.399999976158142,0.058426737785339355,1.399999976158142,9.0,11.0,4.0
703.6329095363617,1.399999976158142,0.10320984572172165,1.399999976158142,2.0,1.0,2.0
703.8425040245056,1.399999976158142,0.11489903181791306,1.399999976158142,-5.0,-2.0,11.0
704.0529165267944,1.399999976158142,0.0954153835773468,1.399999976158142,-4.0,-2.0,0.0
704.2626385688782,1.399999976158142,0.10471149533987045,1.399999976158142,3.0,1.0,1.0
704.472425699234,1.3948487043380737,0.16338618099689484,1.399999976158142,-3.0,-3.0,1.0
704.5922157764435,1.399999976158142,0.09069733321666718,1.399999976158142,7.0,-7.0,-22.0
704.8025915622711,1.3817695379257202,0.057756777852773666,1.399999976158142,3.0,0.0,-1.0
705.012481212616,1.3717225790023804,0.06755253672599792,1.399999976158142,7.0,-3.0,10.0
705.2221302986145,1.399999976158142,0.0,1.399999976158142,11.0,-9.0,4.0
705.4320652484894,1.399999976158142,0.015325807966291904,1.399999976158142,0.0,9.0,2.0
705.642121553421,1.399999976158142,0.03693690150976181,1.399999976158142,4.0,9.0,-2.0
705.9819235801697,1.265074372291565,0.03510533273220062,1.399999976158142,0.0,-4.0,-1.0
706.2220520973206,1.026128888130188,0.01658131554722786,1.399999976158142,3.0,-3.0,3.0
706.4323408603668,0.6650037169456482,0.0,1.399999976158142,2.0,6.0,0.0
706.6421210765839,0.4896889328956604,0.0,1.399999976158142,1.0,-5.0,0.0
706.8518052101135,0.559728741645813,0.0,1.399999976158142,0.0,-1.0,0.0
707.0621263980865,0.48522958159446716,0.0010050475830212235,1.399999976158142,-1.0,1.0,-1.0