Lat;Lon;Sats;X;Y
-21.7615340;-41.3370070;12;-0.124;-0.545
-21.7615340;-41.3370070;12;-0.124;-0.545
-21.7615340;-41.3370070;12;-0.124;-0.545
-21.7615342;-41.3370070;12;-0.124;-0.563
-21.7615342;-41.3370070;12;-0.124;-0.563
-21.7615342;-41.3370070;12;-0.124;-0.563
-21.7615342;-41.3370070;12;-0.124;-0.563
-21.7615342;-41.3370070;12;-0.124;-0.563
-21.7615342;-41.3370070;12;-0.124;-0.563
-21.7615342;-41.3370070;12;-0.124;-0.563
-21.7615342;-41.3370070;12;-0.124;-0.563
-21.7615342;-41.3370070;12;-0.124;-0.563
-21.7615342;-41.3370070;12;-0.124;-0.563
-21.7615343;-41.3370072;12;-0.141;-0.582
-21.7615343;-41.3370072;12;-0.141;-0.582
-21.7615343;-41.3370072;12;-0.141;-0.582
-21.7615343;-41.3370072;12;-0.141;-0.582
-21.7615343;-41.3370072;12;-0.141;-0.582
-21.7615343;-41.3370072;12;-0.141;-0.582
-21.7615343;-41.3370072;12;-0.141;-0.582
-21.7615343;-41.3370072;12;-0.141;-0.582
-21.7615343;-41.3370072;12;-0.141;-0.582
-21.7615343;-41.3370072;12;-0.141;-0.582
-21.7615345;-41.3370072;12;-0.141;-0.600
-21.7615345;-41.3370072;12;-0.141;-0.600
-21.7615343;-41.3370072;12;-0.141;-0.582
-21.7615343;-41.3370072;12;-0.141;-0.582
-21.7615345;-41.3370072;12;-0.141;-0.600
-21.7615345;-41.3370072;12;-0.141;-0.600
-21.7615345;-41.3370072;12;-0.141;-0.600
-21.7615345;-41.3370072;12;-0.141;-0.600
-21.7615345;-41.3370072;12;-0.141;-0.600
-21.7615345;-41.3370072;12;-0.141;-0.600
-21.7615345;-41.3370072;12;-0.141;-0.600
-21.7615345;-41.3370072;12;-0.141;-0.600
-21.7615347;-41.3370072;12;-0.141;-0.619
-21.7615347;-41.3370072;12;-0.141;-0.619
-21.7615347;-41.3370072;12;-0.141;-0.619
-21.7615347;-41.3370072;12;-0.141;-0.619
-21.7615347;-41.3370072;12;-0.141;-0.619
-21.7615347;-41.3370072;12;-0.141;-0.619
-21.7615347;-41.3370072;12;-0.141;-0.619
-21.7615347;-41.3370072;12;-0.141;-0.619
-21.7615347;-41.3370070;12;-0.124;-0.619
-21.7615347;-41.3370070;12;-0.124;-0.619
-21.7615347;-41.3370070;12;-0.124;-0.619
-21.7615347;-41.3370070;12;-0.124;-0.619
-21.7615348;-41.3370072;12;-0.141;-0.637
-21.7615348;-41.3370072;12;-0.141;-0.637
-21.7615347;-41.3370073;12;-0.158;-0.619
-21.7615347;-41.3370073;12;-0.158;-0.619
-21.7615345;-41.3370073;12;-0.158;-0.600
-21.7615345;-41.3370073;12;-0.158;-0.600
-21.7615345;-41.3370073;12;-0.158;-0.600
-21.7615345;-41.3370073;12;-0.158;-0.600
-21.7615347;-41.3370075;12;-0.176;-0.619
-21.7615347;-41.3370075;12;-0.176;-0.619
-21.7615347;-41.3370077;12;-0.193;-0.619
-21.7615347;-41.3370077;12;-0.193;-0.619
-21.7615343;-41.3370077;12;-0.193;-0.582
-21.7615343;-41.3370077;12;-0.193;-0.582
-21.7615345;-41.3370078;12;-0.210;-0.600
-21.7615345;-41.3370078;12;-0.210;-0.600
-21.7615343;-41.3370077;12;-0.193;-0.582
-21.7615343;-41.3370077;12;-0.193;-0.582
-21.7615340;-41.3370072;12;-0.141;-0.545
-21.7615340;-41.3370072;12;-0.141;-0.545
-21.7615337;-41.3370072;12;-0.141;-0.508
-21.7615337;-41.3370072;12;-0.141;-0.508
-21.7615337;-41.3370070;12;-0.124;-0.508
-21.7615337;-41.3370070;12;-0.124;-0.508
-21.7615328;-41.3370067;12;-0.090;-0.415
-21.7615328;-41.3370067;12;-0.090;-0.415
-21.7615323;-41.3370063;12;-0.055;-0.359
-21.7615323;-41.3370063;12;-0.055;-0.359
-21.7615327;-41.3370058;12;-0.003;-0.397
-21.7615327;-41.3370058;12;-0.003;-0.397
-21.7615325;-41.3370058;12;-0.003;-0.378
-21.7615325;-41.3370058;12;-0.003;-0.378
-21.7615322;-41.3370055;12;0.031;-0.341
-21.7615322;-41.3370055;12;0.031;-0.341
-21.7615313;-41.3370053;12;0.048;-0.248
-21.7615313;-41.3370053;12;0.048;-0.248
-21.7615300;-41.3370048;12;0.100;-0.100
-21.7615300;-41.3370048;12;0.100;-0.100
-21.7615282;-41.3370050;12;0.083;0.104
-21.7615282;-41.3370050;12;0.083;0.104
-21.7615275;-41.3370047;12;0.117;0.178
-21.7615275;-41.3370047;12;0.117;0.178
-21.7615262;-41.3370042;12;0.169;0.326
-21.7615262;-41.3370042;12;0.169;0.326
-21.7615250;-41.3370038;12;0.203;0.456
-21.7615250;-41.3370038;12;0.203;0.456
-21.7615240;-41.3370033;12;0.255;0.567
-21.7615240;-41.3370033;12;0.255;0.567
-21.7615228;-41.3370028;12;0.306;0.697
-21.7615228;-41.3370028;12;0.306;0.697
-21.7615220;-41.3370025;12;0.341;0.790
-21.7615220;-41.3370025;12;0.341;0.790
-21.7615212;-41.3370022;12;0.375;0.882
-21.7615212;-41.3370022;12;0.375;0.882
-21.7615200;-41.3370020;12;0.392;1.012
-21.7615200;-41.3370020;12;0.392;1.012
-21.7615188;-41.3370015;12;0.444;1.142
-21.7615188;-41.3370015;12;0.444;1.142
-21.7615173;-41.3370013;12;0.461;1.308
-21.7615173;-41.3370013;12;0.461;1.308
-21.7615162;-41.3370010;12;0.496;1.438
-21.7615162;-41.3370010;12;0.496;1.438
-21.7615150;-41.3370007;12;0.530;1.568
-21.7615150;-41.3370007;12;0.530;1.568
-21.7615138;-41.3370002;12;0.582;1.698
-21.7615138;-41.3370002;12;0.582;1.698
-21.7615130;-41.3369997;12;0.633;1.790
-21.7615130;-41.3369997;12;0.633;1.790
-21.7615120;-41.3369993;12;0.668;1.901
-21.7615120;-41.3369993;12;0.668;1.901
-21.7615108;-41.3369987;12;0.737;2.031
-21.7615108;-41.3369987;12;0.737;2.031
-21.7615098;-41.3369985;12;0.754;2.142
-21.7615098;-41.3369985;12;0.754;2.142
-21.7615090;-41.3369982;12;0.788;2.235
-21.7615090;-41.3369982;12;0.788;2.235
-21.7615075;-41.3369977;12;0.840;2.402
-21.7615075;-41.3369977;12;0.840;2.402
-21.7615063;-41.3369973;12;0.874;2.532
-21.7615063;-41.3369973;12;0.874;2.532
-21.7615055;-41.3369970;12;0.909;2.624
-21.7615055;-41.3369970;12;0.909;2.624
-21.7615043;-41.3369967;12;0.943;2.754
-21.7615043;-41.3369967;12;0.943;2.754
-21.7615032;-41.3369965;12;0.960;2.884
-21.7615032;-41.3369965;12;0.960;2.884
-21.7615023;-41.3369960;12;1.012;2.976
-21.7615023;-41.3369960;12;1.012;2.976
-21.7615012;-41.3369957;12;1.046;3.106
-21.7615012;-41.3369957;12;1.046;3.106
-21.7615000;-41.3369952;12;1.098;3.236
-21.7615000;-41.3369952;12;1.098;3.236
-21.7614990;-41.3369952;12;1.098;3.347
-21.7614990;-41.3369952;12;1.098;3.347
-21.7614978;-41.3369947;12;1.150;3.477
-21.7614978;-41.3369947;12;1.150;3.477
-21.7614968;-41.3369945;12;1.167;3.588
-21.7614968;-41.3369945;12;1.167;3.588
-21.7614957;-41.3369942;12;1.201;3.718
-21.7614957;-41.3369942;12;1.201;3.718
-21.7614947;-41.3369940;12;1.219;3.829
-21.7614947;-41.3369940;12;1.219;3.829
-21.7614933;-41.3369937;12;1.253;3.977
-21.7614933;-41.3369937;12;1.253;3.977
-21.7614925;-41.3369932;12;1.305;4.070
-21.7614925;-41.3369932;12;1.305;4.070
-21.7614918;-41.3369927;12;1.356;4.144
-21.7614918;-41.3369927;12;1.356;4.144
-21.7614905;-41.3369923;12;1.391;4.292
-21.7614905;-41.3369923;12;1.391;4.292
-21.7614897;-41.3369918;12;1.442;4.385
-21.7614897;-41.3369918;12;1.442;4.385
-21.7614885;-41.3369915;12;1.477;4.515
-21.7614885;-41.3369915;12;1.477;4.515
-21.7614875;-41.3369910;12;1.528;4.626
-21.7614875;-41.3369910;12;1.528;4.626
-21.7614865;-41.3369907;12;1.563;4.737
-21.7614865;-41.3369907;12;1.563;4.737
-21.7614855;-41.3369903;12;1.597;4.848
-21.7614855;-41.3369903;12;1.597;4.848
-21.7614847;-41.3369900;12;1.632;4.941
-21.7614847;-41.3369900;12;1.632;4.941
-21.7614833;-41.3369895;12;1.683;5.089
-21.7614833;-41.3369895;12;1.683;5.089
-21.7614825;-41.3369892;12;1.718;5.182
-21.7614825;-41.3369892;12;1.718;5.182
-21.7614815;-41.3369887;12;1.769;5.293
-21.7614815;-41.3369887;12;1.769;5.293
-21.7614807;-41.3369882;12;1.821;5.386
-21.7614807;-41.3369882;12;1.821;5.386
-21.7614802;-41.3369877;12;1.873;5.441
-21.7614802;-41.3369877;12;1.873;5.441
-21.7614790;-41.3369870;12;1.941;5.571
-21.7614790;-41.3369870;12;1.941;5.571
-21.7614783;-41.3369865;12;1.993;5.645
-21.7614783;-41.3369865;12;1.993;5.645
-21.7614773;-41.3369858;12;2.062;5.756
-21.7614773;-41.3369858;12;2.062;5.756
-21.7614763;-41.3369852;12;2.131;5.867
-21.7614763;-41.3369852;12;2.131;5.867
-21.7614755;-41.3369842;12;2.234;5.960
-21.7614755;-41.3369842;12;2.234;5.960
-21.7614742;-41.3369833;12;2.320;6.108
-21.7614742;-41.3369833;12;2.320;6.108
-21.7614733;-41.3369820;12;2.458;6.201
-21.7614733;-41.3369820;12;2.458;6.201
-21.7614727;-41.3369810;12;2.561;6.275
-21.7614727;-41.3369810;12;2.561;6.275
-21.7614722;-41.3369805;12;2.613;6.331
-21.7614722;-41.3369805;12;2.613;6.331
-21.7614715;-41.3369792;12;2.750;6.405
-21.7614715;-41.3369792;12;2.750;6.405
-21.7614710;-41.3369783;12;2.837;6.460
-21.7614710;-41.3369783;12;2.837;6.460
-21.7614705;-41.3369773;12;2.940;6.516
-21.7614705;-41.3369773;12;2.940;6.516
-21.7614700;-41.3369763;12;3.043;6.572
-21.7614700;-41.3369763;12;3.043;6.572
-21.7614692;-41.3369748;12;3.198;6.664
-21.7614692;-41.3369748;12;3.198;6.664
-21.7614685;-41.3369740;12;3.284;6.738
-21.7614685;-41.3369740;12;3.284;6.738
-21.7614682;-41.3369727;12;3.422;6.775
-21.7614682;-41.3369727;12;3.422;6.775
-21.7614677;-41.3369717;12;3.525;6.831
-21.7614677;-41.3369717;12;3.525;6.831
-21.7614677;-41.3369705;12;3.645;6.831
-21.7614677;-41.3369705;12;3.645;6.831
-21.7614673;-41.3369690;12;3.800;6.868
-21.7614673;-41.3369690;12;3.800;6.868
-21.7614677;-41.3369675;12;3.955;6.831
-21.7614677;-41.3369675;12;3.955;6.831
-21.7614680;-41.3369667;12;4.041;6.794
-21.7614680;-41.3369667;12;4.041;6.794
-21.7614673;-41.3369658;12;4.127;6.868
-21.7614673;-41.3369658;12;4.127;6.868
-21.7614672;-41.3369650;12;4.213;6.887
-21.7614672;-41.3369650;12;4.213;6.887
-21.7614673;-41.3369640;12;4.317;6.868
-21.7614673;-41.3369640;12;4.317;6.868
-21.7614672;-41.3369627;12;4.454;6.887
-21.7614672;-41.3369627;12;4.454;6.887
-21.7614670;-41.3369620;12;4.523;6.905
-21.7614670;-41.3369620;12;4.523;6.905
-21.7614668;-41.3369610;12;4.627;6.924
-21.7614668;-41.3369610;12;4.627;6.924
-21.7614673;-41.3369600;12;4.730;6.868
-21.7614673;-41.3369600;12;4.730;6.868
-21.7614670;-41.3369585;12;4.885;6.905
-21.7614670;-41.3369585;12;4.885;6.905
-21.7614673;-41.3369577;12;4.971;6.868
-21.7614673;-41.3369577;12;4.971;6.868
-21.7614675;-41.3369570;12;5.040;6.850
-21.7614675;-41.3369570;12;5.040;6.850
-21.7614677;-41.3369560;12;5.143;6.831
-21.7614677;-41.3369560;12;5.143;6.831
-21.7614678;-41.3369547;12;5.281;6.813
-21.7614678;-41.3369547;12;5.281;6.813
-21.7614680;-41.3369540;12;5.349;6.794
-21.7614680;-41.3369540;12;5.349;6.794
-21.7614685;-41.3369527;12;5.487;6.738
-21.7614685;-41.3369527;12;5.487;6.738
-21.7614683;-41.3369517;12;5.590;6.757
-21.7614683;-41.3369517;12;5.590;6.757
-21.7614683;-41.3369507;12;5.694;6.757
-21.7614683;-41.3369507;12;5.694;6.757
-21.7614685;-41.3369495;12;5.814;6.738
-21.7614685;-41.3369495;12;5.814;6.738
-21.7614680;-41.3369487;12;5.900;6.794
-21.7614680;-41.3369487;12;5.900;6.794
-21.7614678;-41.3369473;12;6.038;6.813
-21.7614678;-41.3369473;12;6.038;6.813
-21.7614683;-41.3369457;12;6.210;6.757
-21.7614683;-41.3369457;12;6.210;6.757
-21.7614687;-41.3369448;12;6.296;6.720
-21.7614687;-41.3369448;12;6.296;6.720
-21.7614692;-41.3369435;12;6.434;6.664
-21.7614692;-41.3369435;12;6.434;6.664
-21.7614692;-41.3369425;12;6.537;6.664
-21.7614692;-41.3369425;12;6.537;6.664
-21.7614695;-41.3369412;12;6.675;6.627
-21.7614695;-41.3369412;12;6.675;6.627
-21.7614700;-41.3369400;12;6.795;6.572
-21.7614700;-41.3369400;12;6.795;6.572
-21.7614705;-41.3369387;12;6.933;6.516
-21.7614705;-41.3369387;12;6.933;6.516
-21.7614705;-41.3369382;12;6.985;6.516
-21.7614705;-41.3369382;12;6.985;6.516
-21.7614705;-41.3369375;12;7.053;6.516
-21.7614705;-41.3369375;12;7.053;6.516
-21.7614708;-41.3369367;12;7.139;6.479
-21.7614708;-41.3369367;12;7.139;6.479
-21.7614712;-41.3369355;12;7.260;6.442
-21.7614712;-41.3369355;12;7.260;6.442
-21.7614720;-41.3369342;12;7.398;6.349
-21.7614720;-41.3369342;12;7.398;6.349
-21.7614725;-41.3369335;12;7.466;6.294
-21.7614725;-41.3369335;12;7.466;6.294
-21.7614728;-41.3369325;12;7.570;6.257
-21.7614728;-41.3369325;12;7.570;6.257
-21.7614728;-41.3369323;12;7.587;6.257
-21.7614728;-41.3369323;12;7.587;6.257
-21.7614738;-41.3369313;12;7.690;6.145
-21.7614738;-41.3369313;12;7.690;6.145
-21.7614737;-41.3369308;12;7.742;6.164
-21.7614737;-41.3369308;12;7.742;6.164
-21.7614743;-41.3369295;12;7.880;6.090
-21.7614743;-41.3369295;12;7.880;6.090
-21.7614752;-41.3369287;12;7.966;5.997
-21.7614752;-41.3369287;12;7.966;5.997
-21.7614755;-41.3369282;12;8.017;5.960
-21.7614755;-41.3369282;12;8.017;5.960
-21.7614765;-41.3369273;12;8.103;5.849
-21.7614765;-41.3369273;12;8.103;5.849
-21.7614772;-41.3369262;12;8.224;5.775
-21.7614772;-41.3369262;12;8.224;5.775
-21.7614778;-41.3369253;12;8.310;5.701
-21.7614778;-41.3369253;12;8.310;5.701
-21.7614787;-41.3369247;12;8.379;5.608
-21.7614787;-41.3369247;12;8.379;5.608
-21.7614795;-41.3369243;12;8.413;5.515
-21.7614795;-41.3369243;12;8.413;5.515
-21.7614802;-41.3369242;12;8.430;5.441
-21.7614802;-41.3369242;12;8.430;5.441
-21.7614808;-41.3369235;12;8.499;5.367
-21.7614808;-41.3369235;12;8.499;5.367
-21.7614820;-41.3369233;12;8.516;5.237
-21.7614820;-41.3369233;12;8.516;5.237
-21.7614830;-41.3369227;12;8.585;5.126
-21.7614830;-41.3369227;12;8.585;5.126
-21.7614838;-41.3369228;12;8.568;5.033
-21.7614838;-41.3369228;12;8.568;5.033
-21.7614838;-41.3369228;12;8.568;5.033
-21.7614838;-41.3369228;12;8.568;5.033
-21.7614842;-41.3369223;12;8.620;4.996
-21.7614842;-41.3369223;12;8.620;4.996
-21.7614843;-41.3369220;12;8.654;4.978
-21.7614843;-41.3369220;12;8.654;4.978
-21.7614855;-41.3369217;12;8.688;4.848
-21.7614855;-41.3369217;12;8.688;4.848
-21.7614867;-41.3369220;12;8.654;4.718
-21.7614867;-41.3369220;12;8.654;4.718
-21.7614878;-41.3369220;12;8.654;4.589
-21.7614878;-41.3369220;12;8.654;4.589
-21.7614882;-41.3369223;12;8.620;4.552
-21.7614882;-41.3369223;12;8.620;4.552
-21.7614888;-41.3369228;12;8.568;4.478
-21.7614888;-41.3369228;12;8.568;4.478
-21.7614895;-41.3369228;12;8.568;4.403
-21.7614895;-41.3369228;12;8.568;4.403
-21.7614900;-41.3369232;12;8.534;4.348
-21.7614900;-41.3369232;12;8.534;4.348
-21.7614907;-41.3369237;12;8.482;4.274
-21.7614907;-41.3369237;12;8.482;4.274
-21.7614905;-41.3369233;12;8.516;4.292
-21.7614905;-41.3369233;12;8.516;4.292
-21.7614907;-41.3369233;12;8.516;4.274
-21.7614907;-41.3369233;12;8.516;4.274
-21.7614917;-41.3369237;12;8.482;4.162
-21.7614917;-41.3369237;12;8.482;4.162
-21.7614927;-41.3369238;12;8.465;4.051
-21.7614927;-41.3369238;12;8.465;4.051
-21.7614938;-41.3369240;12;8.448;3.922
-21.7614938;-41.3369240;12;8.448;3.922
-21.7614940;-41.3369240;12;8.448;3.903
-21.7614940;-41.3369240;12;8.448;3.903
-21.7614947;-41.3369243;12;8.413;3.829
-21.7614947;-41.3369243;12;8.413;3.829
-21.7614955;-41.3369247;12;8.379;3.736
-21.7614955;-41.3369247;12;8.379;3.736
-21.7614965;-41.3369250;12;8.344;3.625
-21.7614965;-41.3369250;12;8.344;3.625
-21.7614977;-41.3369252;12;8.327;3.495
-21.7614977;-41.3369252;12;8.327;3.495
-21.7614978;-41.3369250;12;8.344;3.477
-21.7614978;-41.3369250;12;8.344;3.477
-21.7614978;-41.3369247;12;8.379;3.477
-21.7614978;-41.3369247;12;8.379;3.477
-21.7614978;-41.3369243;12;8.413;3.477
-21.7614978;-41.3369243;12;8.413;3.477
-21.7614983;-41.3369245;12;8.396;3.421
-21.7614983;-41.3369245;12;8.396;3.421
-21.7614988;-41.3369245;12;8.396;3.366
-21.7614988;-41.3369245;12;8.396;3.366
-21.7614992;-41.3369243;12;8.413;3.328
-21.7614992;-41.3369243;12;8.413;3.328
-21.7614998;-41.3369248;12;8.362;3.254
-21.7614998;-41.3369248;12;8.362;3.254
-21.7615010;-41.3369255;12;8.293;3.125
-21.7615010;-41.3369255;12;8.293;3.125
-21.7615015;-41.3369258;12;8.258;3.069
-21.7615015;-41.3369258;12;8.258;3.069
-21.7615023;-41.3369260;12;8.241;2.976
-21.7615023;-41.3369260;12;8.241;2.976
-21.7615033;-41.3369260;12;8.241;2.865
-21.7615033;-41.3369260;12;8.241;2.865
-21.7615042;-41.3369263;12;8.207;2.772
-21.7615042;-41.3369263;12;8.207;2.772
-21.7615047;-41.3369263;12;8.207;2.717
-21.7615047;-41.3369263;12;8.207;2.717
-21.7615052;-41.3369263;12;8.207;2.661
-21.7615052;-41.3369263;12;8.207;2.661
-21.7615067;-41.3369268;12;8.155;2.494
-21.7615067;-41.3369268;12;8.155;2.494
-21.7615077;-41.3369272;12;8.120;2.383
-21.7615077;-41.3369272;12;8.120;2.383
-21.7615087;-41.3369278;12;8.052;2.272
-21.7615087;-41.3369278;12;8.052;2.272
-21.7615098;-41.3369283;12;8.000;2.142
-21.7615098;-41.3369283;12;8.000;2.142
-21.7615103;-41.3369285;12;7.983;2.087
-21.7615103;-41.3369285;12;7.983;2.087
-21.7615108;-41.3369288;12;7.948;2.031
-21.7615108;-41.3369288;12;7.948;2.031
-21.7615112;-41.3369288;12;7.948;1.994
-21.7615112;-41.3369288;12;7.948;1.994
-21.7615117;-41.3369288;12;7.948;1.938
-21.7615117;-41.3369288;12;7.948;1.938
-21.7615120;-41.3369285;12;7.983;1.901
-21.7615120;-41.3369285;12;7.983;1.901
-21.7615123;-41.3369287;12;7.966;1.864
-21.7615123;-41.3369287;12;7.966;1.864
-21.7615127;-41.3369283;12;8.000;1.827
-21.7615127;-41.3369283;12;8.000;1.827
-21.7615138;-41.3369283;12;8.000;1.698
-21.7615138;-41.3369283;12;8.000;1.698
-21.7615153;-41.3369290;12;7.931;1.531
-21.7615153;-41.3369290;12;7.931;1.531
-21.7615165;-41.3369293;12;7.897;1.401
-21.7615165;-41.3369293;12;7.897;1.401
-21.7615177;-41.3369298;12;7.845;1.271
-21.7615177;-41.3369298;12;7.845;1.271
-21.7615180;-41.3369298;12;7.845;1.234
-21.7615180;-41.3369298;12;7.845;1.234
-21.7615185;-41.3369300;12;7.828;1.179
-21.7615185;-41.3369300;12;7.828;1.179
-21.7615193;-41.3369302;12;7.811;1.086
-21.7615193;-41.3369302;12;7.811;1.086
-21.7615202;-41.3369305;12;7.776;0.993
-21.7615202;-41.3369305;12;7.776;0.993
-21.7615208;-41.3369307;12;7.759;0.919
-21.7615208;-41.3369307;12;7.759;0.919
-21.7615207;-41.3369302;12;7.811;0.938
-21.7615207;-41.3369302;12;7.811;0.938
-21.7615215;-41.3369307;12;7.759;0.845
-21.7615215;-41.3369307;12;7.759;0.845
-21.7615225;-41.3369308;12;7.742;0.734
-21.7615225;-41.3369308;12;7.742;0.734
-21.7615235;-41.3369310;12;7.725;0.623
-21.7615235;-41.3369310;12;7.725;0.623
-21.7615245;-41.3369310;12;7.725;0.512
-21.7615245;-41.3369310;12;7.725;0.512
-21.7615255;-41.3369315;12;7.673;0.400
-21.7615255;-41.3369315;12;7.673;0.400
-21.7615267;-41.3369318;12;7.639;0.271
-21.7615267;-41.3369318;12;7.639;0.271
-21.7615272;-41.3369318;12;7.639;0.215
-21.7615272;-41.3369318;12;7.639;0.215
-21.7615280;-41.3369322;12;7.604;0.122
-21.7615280;-41.3369322;12;7.604;0.122
-21.7615290;-41.3369325;12;7.570;0.011
-21.7615290;-41.3369325;12;7.570;0.011
-21.7615293;-41.3369323;12;7.587;-0.026
-21.7615293;-41.3369323;12;7.587;-0.026
-21.7615303;-41.3369325;12;7.570;-0.137
-21.7615303;-41.3369325;12;7.570;-0.137
-21.7615315;-41.3369330;12;7.518;-0.267
-21.7615315;-41.3369330;12;7.518;-0.267
-21.7615327;-41.3369332;12;7.501;-0.397
-21.7615327;-41.3369332;12;7.501;-0.397
-21.7615338;-41.3369335;12;7.466;-0.526
-21.7615338;-41.3369335;12;7.466;-0.526
-21.7615352;-41.3369338;12;7.432;-0.675
-21.7615352;-41.3369338;12;7.432;-0.675
-21.7615365;-41.3369343;12;7.380;-0.823
-21.7615365;-41.3369343;12;7.380;-0.823
-21.7615373;-41.3369347;12;7.346;-0.915
-21.7615373;-41.3369347;12;7.346;-0.915
-21.7615370;-41.3369343;12;7.380;-0.878
-21.7615370;-41.3369343;12;7.380;-0.878
-21.7615375;-41.3369342;12;7.398;-0.934
-21.7615375;-41.3369342;12;7.398;-0.934
-21.7615375;-41.3369342;12;7.398;-0.934
-21.7615375;-41.3369342;12;7.398;-0.934
-21.7615375;-41.3369338;12;7.432;-0.934
-21.7615375;-41.3369338;12;7.432;-0.934
-21.7615370;-41.3369340;12;7.415;-0.878
-21.7615370;-41.3369340;12;7.415;-0.878
-21.7615367;-41.3369340;12;7.415;-0.841
-21.7615367;-41.3369340;12;7.415;-0.841
-21.7615367;-41.3369338;12;7.432;-0.841
-21.7615367;-41.3369338;12;7.432;-0.841
-21.7615365;-41.3369337;12;7.449;-0.823
-21.7615365;-41.3369337;12;7.449;-0.823
-21.7615377;-41.3369338;12;7.432;-0.953
-21.7615377;-41.3369338;12;7.432;-0.953
-21.7615385;-41.3369338;12;7.432;-1.045
-21.7615385;-41.3369338;12;7.432;-1.045
-21.7615398;-41.3369345;12;7.363;-1.193
-21.7615398;-41.3369345;12;7.363;-1.193
-21.7615400;-41.3369343;12;7.380;-1.212
-21.7615400;-41.3369343;12;7.380;-1.212
-21.7615403;-41.3369342;12;7.398;-1.249
-21.7615403;-41.3369342;12;7.398;-1.249
-21.7615403;-41.3369342;12;7.398;-1.249
-21.7615403;-41.3369342;12;7.398;-1.249
-21.7615408;-41.3369343;12;7.380;-1.305
-21.7615408;-41.3369343;12;7.380;-1.305
-21.7615410;-41.3369343;12;7.380;-1.323
-21.7615410;-41.3369343;12;7.380;-1.323
-21.7615410;-41.3369340;12;7.415;-1.323
-21.7615410;-41.3369340;12;7.415;-1.323
-21.7615415;-41.3369342;12;7.398;-1.379
-21.7615415;-41.3369342;12;7.398;-1.379
-21.7615422;-41.3369340;12;7.415;-1.453
-21.7615422;-41.3369340;12;7.415;-1.453
-21.7615427;-41.3369338;12;7.432;-1.509
-21.7615427;-41.3369338;12;7.432;-1.509
-21.7615433;-41.3369342;12;7.398;-1.583
-21.7615433;-41.3369342;12;7.398;-1.583
-21.7615432;-41.3369338;12;7.432;-1.564
-21.7615432;-41.3369338;12;7.432;-1.564
-21.7615450;-41.3369342;12;7.398;-1.768
-21.7615450;-41.3369342;12;7.398;-1.768
-21.7615453;-41.3369340;12;7.415;-1.805
-21.7615453;-41.3369340;12;7.415;-1.805
-21.7615465;-41.3369342;12;7.398;-1.935
-21.7615465;-41.3369342;12;7.398;-1.935
-21.7615472;-41.3369338;12;7.432;-2.009
-21.7615472;-41.3369338;12;7.432;-2.009
-21.7615478;-41.3369335;12;7.466;-2.083
-21.7615478;-41.3369335;12;7.466;-2.083
-21.7615480;-41.3369330;12;7.518;-2.102
-21.7615480;-41.3369330;12;7.518;-2.102
-21.7615485;-41.3369327;12;7.552;-2.157
-21.7615485;-41.3369327;12;7.552;-2.157
-21.7615480;-41.3369320;12;7.621;-2.102
-21.7615480;-41.3369320;12;7.621;-2.102
-21.7615487;-41.3369318;12;7.639;-2.176
-21.7615487;-41.3369318;12;7.639;-2.176
-21.7615495;-41.3369315;12;7.673;-2.268
-21.7615495;-41.3369315;12;7.673;-2.268
-21.7615497;-41.3369315;12;7.673;-2.287
-21.7615497;-41.3369315;12;7.673;-2.287
-21.7615507;-41.3369312;12;7.707;-2.398
-21.7615507;-41.3369312;12;7.707;-2.398
-21.7615510;-41.3369310;12;7.725;-2.435
-21.7615510;-41.3369310;12;7.725;-2.435
-21.7615513;-41.3369313;12;7.690;-2.472
-21.7615513;-41.3369313;12;7.690;-2.472
-21.7615520;-41.3369310;12;7.725;-2.546
-21.7615520;-41.3369310;12;7.725;-2.546
-21.7615530;-41.3369303;12;7.794;-2.658
-21.7615530;-41.3369303;12;7.794;-2.658
-21.7615533;-41.3369297;12;7.862;-2.695
-21.7615533;-41.3369297;12;7.862;-2.695
-21.7615535;-41.3369292;12;7.914;-2.713
-21.7615535;-41.3369292;12;7.914;-2.713
-21.7615538;-41.3369287;12;7.966;-2.750
-21.7615538;-41.3369287;12;7.966;-2.750
-21.7615547;-41.3369283;12;8.000;-2.843
-21.7615547;-41.3369283;12;8.000;-2.843
-21.7615548;-41.3369272;12;8.120;-2.861
-21.7615548;-41.3369272;12;8.120;-2.861
-21.7615555;-41.3369267;12;8.172;-2.936
-21.7615555;-41.3369267;12;8.172;-2.936
-21.7615568;-41.3369260;12;8.241;-3.084
-21.7615568;-41.3369260;12;8.241;-3.084
-21.7615572;-41.3369248;12;8.362;-3.121
-21.7615572;-41.3369248;12;8.362;-3.121
-21.7615578;-41.3369243;12;8.413;-3.195
-21.7615578;-41.3369243;12;8.413;-3.195
-21.7615587;-41.3369237;12;8.482;-3.288
-21.7615587;-41.3369237;12;8.482;-3.288
-21.7615595;-41.3369225;12;8.602;-3.380
-21.7615595;-41.3369225;12;8.602;-3.380
-21.7615602;-41.3369225;12;8.602;-3.454
-21.7615602;-41.3369225;12;8.602;-3.454
-21.7615605;-41.3369220;12;8.654;-3.491
-21.7615605;-41.3369220;12;8.654;-3.491
-21.7615607;-41.3369217;12;8.688;-3.510
-21.7615607;-41.3369217;12;8.688;-3.510
-21.7615613;-41.3369212;12;8.740;-3.584
-21.7615613;-41.3369212;12;8.740;-3.584
-21.7615617;-41.3369208;12;8.775;-3.621
-21.7615617;-41.3369208;12;8.775;-3.621
-21.7615625;-41.3369203;12;8.826;-3.714
-21.7615625;-41.3369203;12;8.826;-3.714
-21.7615628;-41.3369195;12;8.912;-3.751
-21.7615628;-41.3369195;12;8.912;-3.751
-21.7615637;-41.3369190;12;8.964;-3.844
-21.7615637;-41.3369190;12;8.964;-3.844
-21.7615638;-41.3369183;12;9.033;-3.862
-21.7615638;-41.3369183;12;9.033;-3.862
-21.7615642;-41.3369177;12;9.102;-3.899
-21.7615642;-41.3369177;12;9.102;-3.899
-21.7615653;-41.3369172;12;9.153;-4.029
-21.7615653;-41.3369172;12;9.153;-4.029
-21.7615662;-41.3369172;12;9.153;-4.122
-21.7615662;-41.3369172;12;9.153;-4.122
-21.7615670;-41.3369173;12;9.136;-4.214
-21.7615670;-41.3369173;12;9.136;-4.214
-21.7615672;-41.3369165;12;9.222;-4.233
-21.7615672;-41.3369165;12;9.222;-4.233
-21.7615688;-41.3369165;12;9.222;-4.418
-21.7615688;-41.3369165;12;9.222;-4.418
-21.7615692;-41.3369160;12;9.274;-4.455
-21.7615692;-41.3369160;12;9.274;-4.455
-21.7615693;-41.3369150;12;9.377;-4.474
-21.7615693;-41.3369150;12;9.377;-4.474
-21.7615698;-41.3369148;12;9.394;-4.529
-21.7615698;-41.3369148;12;9.394;-4.529
-21.7615713;-41.3369148;12;9.394;-4.696
-21.7615713;-41.3369148;12;9.394;-4.696
-21.7615727;-41.3369145;12;9.429;-4.844
-21.7615727;-41.3369145;12;9.429;-4.844
-21.7615737;-41.3369143;12;9.446;-4.956
-21.7615737;-41.3369143;12;9.446;-4.956
-21.7615743;-41.3369138;12;9.497;-5.030
-21.7615743;-41.3369138;12;9.497;-5.030
-21.7615752;-41.3369130;12;9.584;-5.122
-21.7615752;-41.3369130;12;9.584;-5.122
-21.7615758;-41.3369123;12;9.652;-5.196
-21.7615758;-41.3369123;12;9.652;-5.196
-21.7615768;-41.3369123;12;9.652;-5.308
-21.7615768;-41.3369123;12;9.652;-5.308
-21.7615778;-41.3369120;12;9.687;-5.419
-21.7615778;-41.3369120;12;9.687;-5.419
-21.7615787;-41.3369117;12;9.721;-5.512
-21.7615787;-41.3369117;12;9.721;-5.512
-21.7615798;-41.3369115;12;9.738;-5.641
-21.7615798;-41.3369115;12;9.738;-5.641
-21.7615803;-41.3369107;12;9.824;-5.697
-21.7615803;-41.3369107;12;9.824;-5.697
-21.7615810;-41.3369093;12;9.962;-5.771
-21.7615810;-41.3369093;12;9.962;-5.771
-21.7615818;-41.3369085;12;10.048;-5.864
-21.7615818;-41.3369085;12;10.048;-5.864
-21.7615822;-41.3369080;12;10.100;-5.901
-21.7615822;-41.3369080;12;10.100;-5.901
-21.7615833;-41.3369077;12;10.134;-6.030
-21.7615833;-41.3369077;12;10.134;-6.030
-21.7615837;-41.3369068;12;10.220;-6.068
-21.7615837;-41.3369068;12;10.220;-6.068
-21.7615838;-41.3369060;12;10.306;-6.086
-21.7615838;-41.3369060;12;10.306;-6.086
-21.7615850;-41.3369052;12;10.392;-6.216
-21.7615850;-41.3369052;12;10.392;-6.216
-21.7615848;-41.3369048;12;10.427;-6.197
-21.7615848;-41.3369048;12;10.427;-6.197
-21.7615853;-41.3369042;12;10.496;-6.253
-21.7615853;-41.3369042;12;10.496;-6.253
-21.7615862;-41.3369037;12;10.547;-6.346
-21.7615862;-41.3369037;12;10.547;-6.346
-21.7615870;-41.3369033;12;10.582;-6.438
-21.7615870;-41.3369033;12;10.582;-6.438
-21.7615877;-41.3369027;12;10.651;-6.512
-21.7615877;-41.3369027;12;10.651;-6.512
-21.7615882;-41.3369018;12;10.737;-6.568
-21.7615882;-41.3369018;12;10.737;-6.568
-21.7615883;-41.3369005;12;10.874;-6.586
-21.7615883;-41.3369005;12;10.874;-6.586
-21.7615888;-41.3368998;12;10.943;-6.642
-21.7615888;-41.3368998;12;10.943;-6.642
-21.7615892;-41.3368987;12;11.064;-6.679
-21.7615892;-41.3368987;12;11.064;-6.679
-21.7615897;-41.3368975;12;11.184;-6.735
-21.7615897;-41.3368975;12;11.184;-6.735
-21.7615893;-41.3368958;12;11.356;-6.698
-21.7615893;-41.3368958;12;11.356;-6.698
-21.7615897;-41.3368955;12;11.391;-6.735
-21.7615897;-41.3368955;12;11.391;-6.735
-21.7615913;-41.3368952;12;11.425;-6.920
-21.7615913;-41.3368952;12;11.425;-6.920
-21.7615920;-41.3368947;12;11.477;-6.994
-21.7615920;-41.3368947;12;11.477;-6.994
-21.7615930;-41.3368942;12;11.528;-7.105
-21.7615930;-41.3368942;12;11.528;-7.105
-21.7615937;-41.3368930;12;11.649;-7.179
-21.7615937;-41.3368930;12;11.649;-7.179
-21.7615935;-41.3368920;12;11.752;-7.161
-21.7615935;-41.3368920;12;11.752;-7.161
-21.7615935;-41.3368913;12;11.821;-7.161
-21.7615935;-41.3368913;12;11.821;-7.161
-21.7615938;-41.3368905;12;11.907;-7.198
-21.7615938;-41.3368905;12;11.907;-7.198
-21.7615937;-41.3368897;12;11.993;-7.179
-21.7615937;-41.3368897;12;11.993;-7.179
-21.7615945;-41.3368893;12;12.028;-7.272
-21.7615945;-41.3368893;12;12.028;-7.272
-21.7615947;-41.3368892;12;12.045;-7.291
-21.7615947;-41.3368892;12;12.045;-7.291
-21.7615958;-41.3368887;12;12.096;-7.420
-21.7615958;-41.3368887;12;12.096;-7.420
-21.7615965;-41.3368882;12;12.148;-7.495
-21.7615965;-41.3368882;12;12.148;-7.495
-21.7615973;-41.3368877;12;12.200;-7.587
-21.7615973;-41.3368877;12;12.200;-7.587
-21.7615973;-41.3368867;12;12.303;-7.587
-21.7615973;-41.3368867;12;12.303;-7.587
-21.7615968;-41.3368850;12;12.475;-7.532
-21.7615968;-41.3368850;12;12.475;-7.532
-21.7615970;-41.3368843;12;12.544;-7.550
-21.7615970;-41.3368843;12;12.544;-7.550
-21.7615970;-41.3368830;12;12.682;-7.550
-21.7615970;-41.3368830;12;12.682;-7.550
-21.7615967;-41.3368825;12;12.733;-7.513
-21.7615967;-41.3368825;12;12.733;-7.513
-21.7615973;-41.3368817;12;12.819;-7.587
-21.7615973;-41.3368817;12;12.819;-7.587
-21.7615980;-41.3368812;12;12.871;-7.661
-21.7615980;-41.3368812;12;12.871;-7.661
-21.7615992;-41.3368800;12;12.991;-7.791
-21.7615992;-41.3368800;12;12.991;-7.791
-21.7615980;-41.3368788;12;13.112;-7.661
-21.7615980;-41.3368788;12;13.112;-7.661
-21.7615982;-41.3368778;12;13.215;-7.680
-21.7615982;-41.3368778;12;13.215;-7.680
-21.7615983;-41.3368772;12;13.284;-7.698
-21.7615983;-41.3368772;12;13.284;-7.698
-21.7615985;-41.3368760;12;13.405;-7.717
-21.7615985;-41.3368760;12;13.405;-7.717
-21.7615990;-41.3368753;12;13.473;-7.772
-21.7615990;-41.3368753;12;13.473;-7.772
-21.7616002;-41.3368748;12;13.525;-7.902
-21.7616002;-41.3368748;12;13.525;-7.902
-21.7616010;-41.3368742;12;13.594;-7.995
-21.7616010;-41.3368742;12;13.594;-7.995
-21.7616013;-41.3368733;12;13.680;-8.032
-21.7616013;-41.3368733;12;13.680;-8.032
-21.7616018;-41.3368722;12;13.800;-8.088
-21.7616018;-41.3368722;12;13.800;-8.088
-21.7616023;-41.3368712;12;13.904;-8.143
-21.7616023;-41.3368712;12;13.904;-8.143
-21.7616023;-41.3368698;12;14.041;-8.143
-21.7616023;-41.3368698;12;14.041;-8.143
-21.7616023;-41.3368687;12;14.162;-8.143
-21.7616023;-41.3368687;12;14.162;-8.143
-21.7616033;-41.3368675;12;14.282;-8.254
-21.7616033;-41.3368675;12;14.282;-8.254
-21.7616037;-41.3368667;12;14.368;-8.291
-21.7616037;-41.3368667;12;14.368;-8.291
-21.7616043;-41.3368655;12;14.489;-8.365
-21.7616043;-41.3368655;12;14.489;-8.365
-21.7616043;-41.3368648;12;14.558;-8.365
-21.7616043;-41.3368648;12;14.558;-8.365
-21.7616038;-41.3368638;12;14.661;-8.310
-21.7616038;-41.3368638;12;14.661;-8.310
-21.7616053;-41.3368630;12;14.747;-8.477
-21.7616053;-41.3368630;12;14.747;-8.477
-21.7616058;-41.3368620;12;14.850;-8.532
-21.7616058;-41.3368620;12;14.850;-8.532
-21.7616048;-41.3368603;12;15.022;-8.421
-21.7616048;-41.3368603;12;15.022;-8.421
-21.7616050;-41.3368593;12;15.126;-8.440
-21.7616050;-41.3368593;12;15.126;-8.440
-21.7616052;-41.3368582;12;15.246;-8.458
-21.7616052;-41.3368582;12;15.246;-8.458
-21.7616062;-41.3368577;12;15.298;-8.569
-21.7616062;-41.3368577;12;15.298;-8.569
-21.7616063;-41.3368568;12;15.384;-8.588
-21.7616063;-41.3368568;12;15.384;-8.588
-21.7616068;-41.3368565;12;15.418;-8.643
-21.7616068;-41.3368565;12;15.418;-8.643
-21.7616082;-41.3368565;12;15.418;-8.792
-21.7616082;-41.3368565;12;15.418;-8.792
-21.7616087;-41.3368563;12;15.436;-8.847
-21.7616087;-41.3368563;12;15.436;-8.847
-21.7616092;-41.3368560;12;15.470;-8.903
-21.7616092;-41.3368560;12;15.470;-8.903
-21.7616105;-41.3368558;12;15.487;-9.051
-21.7616105;-41.3368558;12;15.487;-9.051
-21.7616108;-41.3368550;12;15.573;-9.088
-21.7616108;-41.3368550;12;15.573;-9.088
-21.7616113;-41.3368540;12;15.676;-9.144
-21.7616113;-41.3368540;12;15.676;-9.144
-21.7616118;-41.3368540;12;15.676;-9.199
-21.7616118;-41.3368540;12;15.676;-9.199
-21.7616123;-41.3368533;12;15.745;-9.255
-21.7616123;-41.3368533;12;15.745;-9.255
-21.7616133;-41.3368532;12;15.763;-9.366
-21.7616133;-41.3368532;12;15.763;-9.366
-21.7616142;-41.3368527;12;15.814;-9.459
-21.7616142;-41.3368527;12;15.814;-9.459
-21.7616142;-41.3368523;12;15.849;-9.459
-21.7616142;-41.3368523;12;15.849;-9.459
-21.7616152;-41.3368528;12;15.797;-9.570
-21.7616152;-41.3368528;12;15.797;-9.570
-21.7616163;-41.3368528;12;15.797;-9.700
-21.7616163;-41.3368528;12;15.797;-9.700
-21.7616158;-41.3368522;12;15.866;-9.644
-21.7616158;-41.3368522;12;15.866;-9.644
-21.7616160;-41.3368510;12;15.986;-9.663
-21.7616160;-41.3368510;12;15.986;-9.663
-21.7616160;-41.3368500;12;16.090;-9.663
-21.7616160;-41.3368500;12;16.090;-9.663
-21.7616162;-41.3368497;12;16.124;-9.681
-21.7616162;-41.3368497;12;16.124;-9.681
-21.7616162;-41.3368490;12;16.193;-9.681
-21.7616162;-41.3368490;12;16.193;-9.681
-21.7616155;-41.3368483;12;16.262;-9.607
-21.7616155;-41.3368483;12;16.262;-9.607
-21.7616167;-41.3368477;12;16.330;-9.737
-21.7616167;-41.3368477;12;16.330;-9.737
-21.7616165;-41.3368463;12;16.468;-9.718
-21.7616165;-41.3368463;12;16.468;-9.718
-21.7616167;-41.3368455;12;16.554;-9.737
-21.7616167;-41.3368455;12;16.554;-9.737
-21.7616163;-41.3368445;12;16.658;-9.700
-21.7616163;-41.3368445;12;16.658;-9.700
-21.7616150;-41.3368447;12;16.640;-9.552
-21.7616150;-41.3368447;12;16.640;-9.552
-21.7616142;-41.3368447;12;16.640;-9.459
-21.7616142;-41.3368447;12;16.640;-9.459
-21.7616113;-41.3368443;12;16.675;-9.144
-21.7616113;-41.3368443;12;16.675;-9.144
-21.7616110;-41.3368433;12;16.778;-9.107
-21.7616110;-41.3368433;12;16.778;-9.107
-21.7616093;-41.3368430;12;16.812;-8.921
-21.7616093;-41.3368430;12;16.812;-8.921
-21.7616092;-41.3368433;12;16.778;-8.903
-21.7616092;-41.3368433;12;16.778;-8.903
-21.7616070;-41.3368432;12;16.795;-8.662
-21.7616070;-41.3368432;12;16.795;-8.662
-21.7616072;-41.3368425;12;16.864;-8.681
-21.7616072;-41.3368425;12;16.864;-8.681
-21.7616062;-41.3368420;12;16.916;-8.569
-21.7616062;-41.3368420;12;16.916;-8.569
-21.7616047;-41.3368422;12;16.898;-8.403
-21.7616047;-41.3368422;12;16.898;-8.403
-21.7616047;-41.3368418;12;16.933;-8.403
-21.7616047;-41.3368418;12;16.933;-8.403
-21.7616052;-41.3368422;12;16.898;-8.458
-21.7616052;-41.3368422;12;16.898;-8.458
-21.7616045;-41.3368423;12;16.881;-8.384
-21.7616045;-41.3368423;12;16.881;-8.384
-21.7616042;-41.3368418;12;16.933;-8.347
-21.7616042;-41.3368418;12;16.933;-8.347
-21.7616037;-41.3368410;12;17.019;-8.291
-21.7616037;-41.3368410;12;17.019;-8.291
-21.7616038;-41.3368407;12;17.053;-8.310
-21.7616038;-41.3368407;12;17.053;-8.310
-21.7616047;-41.3368410;12;17.019;-8.403
-21.7616047;-41.3368410;12;17.019;-8.403
-21.7616052;-41.3368418;12;16.933;-8.458
-21.7616052;-41.3368418;12;16.933;-8.458
-21.7616032;-41.3368410;12;17.019;-8.236
-21.7616032;-41.3368410;12;17.019;-8.236
-21.7616035;-41.3368410;12;17.019;-8.273
-21.7616035;-41.3368410;12;17.019;-8.273
-21.7616027;-41.3368410;12;17.019;-8.180
-21.7616027;-41.3368410;12;17.019;-8.180
-21.7616022;-41.3368412;12;17.002;-8.125
-21.7616022;-41.3368412;12;17.002;-8.125
-21.7616023;-41.3368407;12;17.053;-8.143
-21.7616023;-41.3368407;12;17.053;-8.143
-21.7616005;-41.3368400;12;17.122;-7.939
-21.7616005;-41.3368400;12;17.122;-7.939
-21.7616005;-41.3368397;12;17.157;-7.939
-21.7616005;-41.3368397;12;17.157;-7.939
-21.7615997;-41.3368390;12;17.226;-7.847
-21.7615997;-41.3368390;12;17.226;-7.847
-21.7616002;-41.3368395;12;17.174;-7.902
-21.7616002;-41.3368395;12;17.174;-7.902
-21.7615998;-41.3368392;12;17.208;-7.865
-21.7615998;-41.3368392;12;17.208;-7.865
-21.7615988;-41.3368388;12;17.243;-7.754
-21.7615988;-41.3368388;12;17.243;-7.754
-21.7615985;-41.3368385;12;17.277;-7.717
-21.7615985;-41.3368385;12;17.277;-7.717
-21.7615977;-41.3368378;12;17.346;-7.624
-21.7615977;-41.3368378;12;17.346;-7.624
-21.7615970;-41.3368373;12;17.398;-7.550
-21.7615970;-41.3368373;12;17.398;-7.550
-21.7615972;-41.3368370;12;17.432;-7.569
-21.7615972;-41.3368370;12;17.432;-7.569
-21.7615973;-41.3368368;12;17.449;-7.587
-21.7615973;-41.3368368;12;17.449;-7.587
-21.7615975;-41.3368367;12;17.466;-7.606
-21.7615975;-41.3368367;12;17.466;-7.606
-21.7615972;-41.3368365;12;17.484;-7.569
-21.7615972;-41.3368365;12;17.484;-7.569
-21.7615962;-41.3368355;12;17.587;-7.457
-21.7615962;-41.3368355;12;17.587;-7.457
-21.7615963;-41.3368355;12;17.587;-7.476
-21.7615963;-41.3368355;12;17.587;-7.476
-21.7615965;-41.3368355;12;17.587;-7.495
-21.7615965;-41.3368355;12;17.587;-7.495
-21.7615963;-41.3368353;12;17.604;-7.476
-21.7615963;-41.3368353;12;17.604;-7.476
-21.7615960;-41.3368358;12;17.553;-7.439
-21.7615960;-41.3368358;12;17.553;-7.439
-21.7615960;-41.3368360;12;17.535;-7.439
-21.7615960;-41.3368360;12;17.535;-7.439
-21.7615965;-41.3368367;12;17.466;-7.495
-21.7615965;-41.3368367;12;17.466;-7.495
-21.7615967;-41.3368370;12;17.432;-7.513
-21.7615967;-41.3368370;12;17.432;-7.513
-21.7615965;-41.3368372;12;17.415;-7.495
-21.7615965;-41.3368372;12;17.415;-7.495
-21.7615965;-41.3368373;12;17.398;-7.495
-21.7615965;-41.3368373;12;17.398;-7.495
-21.7615957;-41.3368372;12;17.415;-7.402
-21.7615957;-41.3368372;12;17.415;-7.402
-21.7615958;-41.3368378;12;17.346;-7.420
-21.7615958;-41.3368378;12;17.346;-7.420
-21.7615950;-41.3368375;12;17.380;-7.328
-21.7615950;-41.3368375;12;17.380;-7.328
-21.7615947;-41.3368373;12;17.398;-7.291
-21.7615947;-41.3368373;12;17.398;-7.291
-21.7615943;-41.3368377;12;17.363;-7.254
-21.7615943;-41.3368377;12;17.363;-7.254
-21.7615937;-41.3368372;12;17.415;-7.179
-21.7615937;-41.3368372;12;17.415;-7.179
-21.7615927;-41.3368367;12;17.466;-7.068
-21.7615927;-41.3368367;12;17.466;-7.068
-21.7615927;-41.3368365;12;17.484;-7.068
-21.7615927;-41.3368365;12;17.484;-7.068
-21.7615922;-41.3368363;12;17.501;-7.013
-21.7615922;-41.3368363;12;17.501;-7.013
-21.7615918;-41.3368367;12;17.466;-6.976
-21.7615918;-41.3368367;12;17.466;-6.976
-21.7615912;-41.3368362;12;17.518;-6.901
-21.7615912;-41.3368362;12;17.518;-6.901
-21.7615902;-41.3368355;12;17.587;-6.790
-21.7615902;-41.3368355;12;17.587;-6.790
-21.7615892;-41.3368353;12;17.604;-6.679
-21.7615892;-41.3368353;12;17.604;-6.679
-21.7615882;-41.3368352;12;17.621;-6.568
-21.7615882;-41.3368352;12;17.621;-6.568
-21.7615872;-41.3368345;12;17.690;-6.457
-21.7615872;-41.3368345;12;17.690;-6.457
-21.7615863;-41.3368343;12;17.708;-6.364
-21.7615863;-41.3368343;12;17.708;-6.364
-21.7615855;-41.3368338;12;17.759;-6.271
-21.7615855;-41.3368338;12;17.759;-6.271
-21.7615845;-41.3368332;12;17.828;-6.160
-21.7615845;-41.3368332;12;17.828;-6.160
-21.7615837;-41.3368330;12;17.845;-6.068
-21.7615837;-41.3368330;12;17.845;-6.068
-21.7615830;-41.3368328;12;17.862;-5.993
-21.7615830;-41.3368328;12;17.862;-5.993
-21.7615820;-41.3368323;12;17.914;-5.882
-21.7615820;-41.3368323;12;17.914;-5.882
-21.7615810;-41.3368323;12;17.914;-5.771
-21.7615810;-41.3368323;12;17.914;-5.771
-21.7615798;-41.3368318;12;17.966;-5.641
-21.7615798;-41.3368318;12;17.966;-5.641
-21.7615788;-41.3368317;12;17.983;-5.530
-21.7615788;-41.3368317;12;17.983;-5.530
-21.7615788;-41.3368320;12;17.948;-5.530
-21.7615788;-41.3368320;12;17.948;-5.530
-21.7615777;-41.3368315;12;18.000;-5.400
-21.7615777;-41.3368315;12;18.000;-5.400
-21.7615772;-41.3368315;12;18.000;-5.345
-21.7615772;-41.3368315;12;18.000;-5.345
-21.7615762;-41.3368312;12;18.034;-5.234
-21.7615762;-41.3368312;12;18.034;-5.234
-21.7615753;-41.3368310;12;18.052;-5.141
-21.7615753;-41.3368310;12;18.052;-5.141
-21.7615743;-41.3368303;12;18.121;-5.030
-21.7615743;-41.3368303;12;18.121;-5.030
-21.7615737;-41.3368302;12;18.138;-4.956
-21.7615737;-41.3368302;12;18.138;-4.956
-21.7615728;-41.3368297;12;18.189;-4.863
-21.7615728;-41.3368297;12;18.189;-4.863
-21.7615720;-41.3368297;12;18.189;-4.770
-21.7615720;-41.3368297;12;18.189;-4.770
-21.7615713;-41.3368297;12;18.189;-4.696
-21.7615713;-41.3368297;12;18.189;-4.696
-21.7615707;-41.3368293;12;18.224;-4.622
-21.7615707;-41.3368293;12;18.224;-4.622
-21.7615705;-41.3368297;12;18.189;-4.603
-21.7615705;-41.3368297;12;18.189;-4.603
-21.7615697;-41.3368297;12;18.189;-4.511
-21.7615697;-41.3368297;12;18.189;-4.511
-21.7615692;-41.3368298;12;18.172;-4.455
-21.7615692;-41.3368298;12;18.172;-4.455
-21.7615687;-41.3368300;12;18.155;-4.400
-21.7615687;-41.3368300;12;18.155;-4.400
-21.7615685;-41.3368300;12;18.155;-4.381
-21.7615685;-41.3368300;12;18.155;-4.381
-21.7615675;-41.3368298;12;18.172;-4.270
-21.7615675;-41.3368298;12;18.172;-4.270
-21.7615668;-41.3368298;12;18.172;-4.196
-21.7615668;-41.3368298;12;18.172;-4.196
-21.7615657;-41.3368295;12;18.207;-4.066
-21.7615657;-41.3368295;12;18.207;-4.066
-21.7615648;-41.3368292;12;18.241;-3.973
-21.7615648;-41.3368292;12;18.241;-3.973
-21.7615638;-41.3368288;12;18.275;-3.862
-21.7615638;-41.3368288;12;18.275;-3.862
-21.7615630;-41.3368287;12;18.293;-3.769
-21.7615630;-41.3368287;12;18.293;-3.769
-21.7615623;-41.3368285;12;18.310;-3.695
-21.7615623;-41.3368285;12;18.310;-3.695
-21.7615615;-41.3368283;12;18.327;-3.603
-21.7615615;-41.3368283;12;18.327;-3.603
-21.7615608;-41.3368283;12;18.327;-3.529
-21.7615608;-41.3368283;12;18.327;-3.529
-21.7615598;-41.3368278;12;18.379;-3.417
-21.7615598;-41.3368278;12;18.379;-3.417
-21.7615588;-41.3368275;12;18.413;-3.306
-21.7615588;-41.3368275;12;18.413;-3.306
-21.7615573;-41.3368267;12;18.499;-3.139
-21.7615573;-41.3368267;12;18.499;-3.139
-21.7615563;-41.3368265;12;18.516;-3.028
-21.7615563;-41.3368265;12;18.516;-3.028
-21.7615552;-41.3368255;12;18.620;-2.898
-21.7615552;-41.3368255;12;18.620;-2.898
-21.7615543;-41.3368257;12;18.602;-2.806
-21.7615543;-41.3368257;12;18.602;-2.806
-21.7615533;-41.3368253;12;18.637;-2.695
-21.7615533;-41.3368253;12;18.637;-2.695
-21.7615525;-41.3368248;12;18.689;-2.602
-21.7615525;-41.3368248;12;18.689;-2.602
-21.7615512;-41.3368242;12;18.757;-2.454
-21.7615512;-41.3368242;12;18.757;-2.454
-21.7615498;-41.3368237;12;18.809;-2.305
-21.7615498;-41.3368237;12;18.809;-2.305
-21.7615492;-41.3368235;12;18.826;-2.231
-21.7615492;-41.3368235;12;18.826;-2.231
-21.7615482;-41.3368230;12;18.878;-2.120
-21.7615482;-41.3368230;12;18.878;-2.120
-21.7615470;-41.3368223;12;18.947;-1.990
-21.7615470;-41.3368223;12;18.947;-1.990
-21.7615458;-41.3368218;12;18.998;-1.861
-21.7615458;-41.3368218;12;18.998;-1.861
-21.7615445;-41.3368210;12;19.084;-1.712
-21.7615445;-41.3368210;12;19.084;-1.712
-21.7615435;-41.3368207;12;19.119;-1.601
-21.7615435;-41.3368207;12;19.119;-1.601
-21.7615425;-41.3368202;12;19.170;-1.490
-21.7615425;-41.3368202;12;19.170;-1.490
-21.7615413;-41.3368198;12;19.205;-1.360
-21.7615413;-41.3368198;12;19.205;-1.360
-21.7615402;-41.3368193;12;19.257;-1.231
-21.7615402;-41.3368193;12;19.257;-1.231
-21.7615392;-41.3368187;12;19.325;-1.119
-21.7615392;-41.3368187;12;19.325;-1.119
-21.7615382;-41.3368183;12;19.360;-1.008
-21.7615382;-41.3368183;12;19.360;-1.008
-21.7615368;-41.3368178;12;19.411;-0.860
-21.7615368;-41.3368178;12;19.411;-0.860
-21.7615357;-41.3368173;12;19.463;-0.730
-21.7615357;-41.3368173;12;19.463;-0.730
-21.7615345;-41.3368165;12;19.549;-0.600
-21.7615345;-41.3368165;12;19.549;-0.600
-21.7615332;-41.3368158;12;19.618;-0.452
-21.7615332;-41.3368158;12;19.618;-0.452
-21.7615320;-41.3368153;12;19.670;-0.322
-21.7615320;-41.3368153;12;19.670;-0.322
-21.7615310;-41.3368150;12;19.704;-0.211
-21.7615310;-41.3368150;12;19.704;-0.211
-21.7615300;-41.3368143;12;19.773;-0.100
-21.7615300;-41.3368143;12;19.773;-0.100
-21.7615287;-41.3368140;12;19.807;0.048
-21.7615287;-41.3368140;12;19.807;0.048
-21.7615278;-41.3368137;12;19.842;0.141
-21.7615278;-41.3368137;12;19.842;0.141
-21.7615267;-41.3368130;12;19.911;0.271
-21.7615267;-41.3368130;12;19.911;0.271
-21.7615258;-41.3368130;12;19.911;0.363
-21.7615258;-41.3368130;12;19.911;0.363
-21.7615247;-41.3368123;12;19.979;0.493
-21.7615247;-41.3368123;12;19.979;0.493
-21.7615235;-41.3368120;12;20.014;0.623
-21.7615235;-41.3368120;12;20.014;0.623
-21.7615227;-41.3368117;12;20.048;0.715
-21.7615227;-41.3368117;12;20.048;0.715
-21.7615213;-41.3368108;12;20.134;0.864
-21.7615213;-41.3368108;12;20.134;0.864
-21.7615202;-41.3368103;12;20.186;0.993
-21.7615202;-41.3368103;12;20.186;0.993
-21.7615192;-41.3368100;12;20.220;1.105
-21.7615192;-41.3368100;12;20.220;1.105
-21.7615180;-41.3368097;12;20.255;1.234
-21.7615180;-41.3368097;12;20.255;1.234
-21.7615170;-41.3368090;12;20.324;1.345
-21.7615170;-41.3368090;12;20.324;1.345
-21.7615157;-41.3368087;12;20.358;1.494
-21.7615157;-41.3368087;12;20.358;1.494
-21.7615148;-41.3368083;12;20.393;1.586
-21.7615148;-41.3368083;12;20.393;1.586
-21.7615135;-41.3368078;12;20.444;1.735
-21.7615135;-41.3368078;12;20.444;1.735
-21.7615123;-41.3368075;12;20.479;1.864
-21.7615123;-41.3368075;12;20.479;1.864
-21.7615117;-41.3368068;12;20.547;1.938
-21.7615117;-41.3368068;12;20.547;1.938
-21.7615103;-41.3368063;12;20.599;2.087
-21.7615103;-41.3368063;12;20.599;2.087
-21.7615092;-41.3368058;12;20.651;2.216
-21.7615092;-41.3368058;12;20.651;2.216
-21.7615080;-41.3368053;12;20.702;2.346
-21.7615080;-41.3368053;12;20.702;2.346
-21.7615072;-41.3368048;12;20.754;2.439
-21.7615072;-41.3368048;12;20.754;2.439
-21.7615058;-41.3368045;12;20.788;2.587
-21.7615058;-41.3368045;12;20.788;2.587
-21.7615047;-41.3368042;12;20.823;2.717
-21.7615047;-41.3368042;12;20.823;2.717
-21.7615035;-41.3368035;12;20.892;2.847
-21.7615035;-41.3368035;12;20.892;2.847
-21.7615023;-41.3368032;12;20.926;2.976
-21.7615023;-41.3368032;12;20.926;2.976
-21.7615012;-41.3368027;12;20.978;3.106
-21.7615012;-41.3368027;12;20.978;3.106
-21.7615002;-41.3368025;12;20.995;3.217
-21.7615002;-41.3368025;12;20.995;3.217
-21.7614988;-41.3368020;12;21.047;3.366
-21.7614988;-41.3368020;12;21.047;3.366
-21.7614977;-41.3368015;12;21.098;3.495
-21.7614977;-41.3368015;12;21.098;3.495
-21.7614963;-41.3368010;12;21.150;3.644
-21.7614963;-41.3368010;12;21.150;3.644
-21.7614953;-41.3368005;12;21.201;3.755
-21.7614953;-41.3368005;12;21.201;3.755
-21.7614940;-41.3368003;12;21.219;3.903
-21.7614940;-41.3368003;12;21.219;3.903
-21.7614930;-41.3368000;12;21.253;4.014
-21.7614930;-41.3368000;12;21.253;4.014
-21.7614917;-41.3367995;12;21.305;4.162
-21.7614917;-41.3367995;12;21.305;4.162
-21.7614905;-41.3367992;12;21.339;4.292
-21.7614905;-41.3367992;12;21.339;4.292
-21.7614893;-41.3367987;12;21.391;4.422
-21.7614893;-41.3367987;12;21.391;4.422
-21.7614882;-41.3367983;12;21.425;4.552
-21.7614882;-41.3367983;12;21.425;4.552
-21.7614873;-41.3367980;12;21.460;4.644
-21.7614873;-41.3367980;12;21.460;4.644
-21.7614862;-41.3367977;12;21.494;4.774
-21.7614862;-41.3367977;12;21.494;4.774
-21.7614847;-41.3367968;12;21.580;4.941
-21.7614847;-41.3367968;12;21.580;4.941
-21.7614837;-41.3367965;12;21.615;5.052
-21.7614837;-41.3367965;12;21.615;5.052
-21.7614825;-41.3367960;12;21.666;5.182
-21.7614825;-41.3367960;12;21.666;5.182
-21.7614815;-41.3367957;12;21.701;5.293
-21.7614815;-41.3367957;12;21.701;5.293
-21.7614803;-41.3367953;12;21.735;5.423
-21.7614803;-41.3367953;12;21.735;5.423
-21.7614793;-41.3367950;12;21.769;5.534
-21.7614793;-41.3367950;12;21.769;5.534
-21.7614780;-41.3367945;12;21.821;5.682
-21.7614780;-41.3367945;12;21.821;5.682
-21.7614768;-41.3367942;12;21.855;5.812
-21.7614768;-41.3367942;12;21.855;5.812
-21.7614760;-41.3367938;12;21.890;5.904
-21.7614760;-41.3367938;12;21.890;5.904
-21.7614748;-41.3367935;12;21.924;6.034
-21.7614748;-41.3367935;12;21.924;6.034
-21.7614737;-41.3367928;12;21.993;6.164
-21.7614737;-41.3367928;12;21.993;6.164
-21.7614723;-41.3367925;12;22.028;6.312
-21.7614723;-41.3367925;12;22.028;6.312
-21.7614712;-41.3367920;12;22.079;6.442
-21.7614712;-41.3367920;12;22.079;6.442
-21.7614700;-41.3367915;12;22.131;6.572
-21.7614700;-41.3367915;12;22.131;6.572
-21.7614690;-41.3367912;12;22.165;6.683
-21.7614690;-41.3367912;12;22.165;6.683
-21.7614678;-41.3367912;12;22.165;6.813
-21.7614678;-41.3367912;12;22.165;6.813
-21.7614665;-41.3367905;12;22.234;6.961
-21.7614665;-41.3367905;12;22.234;6.961
-21.7614653;-41.3367900;12;22.286;7.091
-21.7614653;-41.3367900;12;22.286;7.091
-21.7614642;-41.3367895;12;22.337;7.220
-21.7614642;-41.3367895;12;22.337;7.220
-21.7614633;-41.3367892;12;22.372;7.313
-21.7614633;-41.3367892;12;22.372;7.313
-21.7614622;-41.3367887;12;22.423;7.443
-21.7614622;-41.3367887;12;22.423;7.443
-21.7614612;-41.3367883;12;22.458;7.554
-21.7614612;-41.3367883;12;22.458;7.554
-21.7614598;-41.3367878;12;22.510;7.702
-21.7614598;-41.3367878;12;22.510;7.702
-21.7614588;-41.3367873;12;22.561;7.813
-21.7614588;-41.3367873;12;22.561;7.813
-21.7614575;-41.3367867;12;22.630;7.962
-21.7614575;-41.3367867;12;22.630;7.962
-21.7614563;-41.3367862;12;22.682;8.091
-21.7614563;-41.3367862;12;22.682;8.091
-21.7614552;-41.3367858;12;22.716;8.221
-21.7614552;-41.3367858;12;22.716;8.221
-21.7614538;-41.3367852;12;22.785;8.369
-21.7614538;-41.3367852;12;22.785;8.369
-21.7614527;-41.3367848;12;22.819;8.499
-21.7614527;-41.3367848;12;22.819;8.499
-21.7614518;-41.3367845;12;22.854;8.592
-21.7614518;-41.3367845;12;22.854;8.592
-21.7614505;-41.3367842;12;22.888;8.740
-21.7614505;-41.3367842;12;22.888;8.740
-21.7614497;-41.3367842;12;22.888;8.833
-21.7614497;-41.3367842;12;22.888;8.833
-21.7614482;-41.3367837;12;22.940;8.999
-21.7614482;-41.3367837;12;22.940;8.999
-21.7614472;-41.3367833;12;22.974;9.111
-21.7614472;-41.3367833;12;22.974;9.111
-21.7614460;-41.3367830;12;23.009;9.240
-21.7614460;-41.3367830;12;23.009;9.240
-21.7614447;-41.3367823;12;23.078;9.389
-21.7614447;-41.3367823;12;23.078;9.389
-21.7614435;-41.3367818;12;23.129;9.518
-21.7614435;-41.3367818;12;23.129;9.518
-21.7614423;-41.3367817;12;23.146;9.648
-21.7614423;-41.3367817;12;23.146;9.648
-21.7614412;-41.3367813;12;23.181;9.778
-21.7614412;-41.3367813;12;23.181;9.778
-21.7614402;-41.3367815;12;23.164;9.889
-21.7614402;-41.3367815;12;23.164;9.889
-21.7614388;-41.3367813;12;23.181;10.037
-21.7614388;-41.3367813;12;23.181;10.037
-21.7614378;-41.3367813;12;23.181;10.148
-21.7614378;-41.3367813;12;23.181;10.148
-21.7614368;-41.3367813;12;23.181;10.260
-21.7614368;-41.3367813;12;23.181;10.260
-21.7614357;-41.3367810;12;23.215;10.389
-21.7614357;-41.3367810;12;23.215;10.389
-21.7614345;-41.3367807;12;23.250;10.519
-21.7614345;-41.3367807;12;23.250;10.519
-21.7614335;-41.3367808;12;23.232;10.630
-21.7614335;-41.3367808;12;23.232;10.630
-21.7614322;-41.3367803;12;23.284;10.778
-21.7614322;-41.3367803;12;23.284;10.778
-21.7614310;-41.3367803;12;23.284;10.908
-21.7614310;-41.3367803;12;23.284;10.908
-21.7614298;-41.3367802;12;23.301;11.038
-21.7614298;-41.3367802;12;23.301;11.038
-21.7614288;-41.3367805;12;23.267;11.149
-21.7614288;-41.3367805;12;23.267;11.149
-21.7614275;-41.3367800;12;23.319;11.297
-21.7614275;-41.3367800;12;23.319;11.297
-21.7614267;-41.3367802;12;23.301;11.390
-21.7614267;-41.3367802;12;23.301;11.390
-21.7614255;-41.3367803;12;23.284;11.520
-21.7614255;-41.3367803;12;23.284;11.520
-21.7614240;-41.3367802;12;23.301;11.687
-21.7614240;-41.3367802;12;23.301;11.687
-21.7614230;-41.3367800;12;23.319;11.798
-21.7614230;-41.3367800;12;23.319;11.798
-21.7614220;-41.3367800;12;23.319;11.909
-21.7614220;-41.3367800;12;23.319;11.909
-21.7614207;-41.3367798;12;23.336;12.057
-21.7614207;-41.3367798;12;23.336;12.057
-21.7614198;-41.3367803;12;23.284;12.150
-21.7614198;-41.3367803;12;23.284;12.150
-21.7614188;-41.3367802;12;23.301;12.261
-21.7614188;-41.3367802;12;23.301;12.261
-21.7614175;-41.3367803;12;23.284;12.409
-21.7614175;-41.3367803;12;23.284;12.409
-21.7614168;-41.3367805;12;23.267;12.484
-21.7614168;-41.3367805;12;23.267;12.484
-21.7614158;-41.3367807;12;23.250;12.595
-21.7614158;-41.3367807;12;23.250;12.595
-21.7614148;-41.3367813;12;23.181;12.706
-21.7614148;-41.3367813;12;23.181;12.706
-21.7614137;-41.3367812;12;23.198;12.836
-21.7614137;-41.3367812;12;23.198;12.836
-21.7614132;-41.3367823;12;23.078;12.891
-21.7614132;-41.3367823;12;23.078;12.891
-21.7614122;-41.3367823;12;23.078;13.002
-21.7614122;-41.3367823;12;23.078;13.002
-21.7614113;-41.3367830;12;23.009;13.095
-21.7614113;-41.3367830;12;23.009;13.095
-21.7614103;-41.3367837;12;22.940;13.206
-21.7614103;-41.3367837;12;22.940;13.206
-21.7614090;-41.3367838;12;22.923;13.355
-21.7614090;-41.3367838;12;22.923;13.355
-21.7614082;-41.3367845;12;22.854;13.447
-21.7614082;-41.3367845;12;22.854;13.447
-21.7614073;-41.3367848;12;22.819;13.540
-21.7614073;-41.3367848;12;22.819;13.540
-21.7614063;-41.3367850;12;22.802;13.651
-21.7614063;-41.3367850;12;22.802;13.651
-21.7614055;-41.3367863;12;22.664;13.744
-21.7614055;-41.3367863;12;22.664;13.744
-21.7614043;-41.3367865;12;22.647;13.873
-21.7614043;-41.3367865;12;22.647;13.873
-21.7614042;-41.3367870;12;22.596;13.892
-21.7614042;-41.3367870;12;22.596;13.892
-21.7614032;-41.3367875;12;22.544;14.003
-21.7614032;-41.3367875;12;22.544;14.003
-21.7614027;-41.3367882;12;22.475;14.059
-21.7614027;-41.3367882;12;22.475;14.059
-21.7614020;-41.3367892;12;22.372;14.133
-21.7614020;-41.3367892;12;22.372;14.133
-21.7614012;-41.3367900;12;22.286;14.226
-21.7614012;-41.3367900;12;22.286;14.226
-21.7614003;-41.3367907;12;22.217;14.318
-21.7614003;-41.3367907;12;22.217;14.318
-21.7613993;-41.3367910;12;22.183;14.429
-21.7613993;-41.3367910;12;22.183;14.429
-21.7613985;-41.3367917;12;22.114;14.522
-21.7613985;-41.3367917;12;22.114;14.522
-21.7613980;-41.3367922;12;22.062;14.578
-21.7613980;-41.3367922;12;22.062;14.578
-21.7613970;-41.3367932;12;21.959;14.689
-21.7613970;-41.3367932;12;21.959;14.689
-21.7613962;-41.3367938;12;21.890;14.782
-21.7613962;-41.3367938;12;21.890;14.782
-21.7613953;-41.3367948;12;21.787;14.874
-21.7613953;-41.3367948;12;21.787;14.874
-21.7613945;-41.3367953;12;21.735;14.967
-21.7613945;-41.3367953;12;21.735;14.967
-21.7613943;-41.3367962;12;21.649;14.985
-21.7613943;-41.3367962;12;21.649;14.985
-21.7613932;-41.3367968;12;21.580;15.115
-21.7613932;-41.3367968;12;21.580;15.115
-21.7613928;-41.3367980;12;21.460;15.152
-21.7613928;-41.3367980;12;21.460;15.152
-21.7613920;-41.3367992;12;21.339;15.245
-21.7613920;-41.3367992;12;21.339;15.245
-21.7613913;-41.3368002;12;21.236;15.319
-21.7613913;-41.3368002;12;21.236;15.319
-21.7613907;-41.3368010;12;21.150;15.393
-21.7613907;-41.3368010;12;21.150;15.393
-21.7613902;-41.3368022;12;21.029;15.449
-21.7613902;-41.3368022;12;21.029;15.449
-21.7613897;-41.3368032;12;20.926;15.504
-21.7613897;-41.3368032;12;20.926;15.504
-21.7613887;-41.3368038;12;20.857;15.615
-21.7613887;-41.3368038;12;20.857;15.615
-21.7613885;-41.3368047;12;20.771;15.634
-21.7613885;-41.3368047;12;20.771;15.634
-21.7613885;-41.3368060;12;20.633;15.634
-21.7613885;-41.3368060;12;20.633;15.634
-21.7613882;-41.3368070;12;20.530;15.671
-21.7613882;-41.3368070;12;20.530;15.671
-21.7613877;-41.3368078;12;20.444;15.727
-21.7613877;-41.3368078;12;20.444;15.727
-21.7613873;-41.3368090;12;20.324;15.764
-21.7613873;-41.3368090;12;20.324;15.764
-21.7613867;-41.3368098;12;20.238;15.838
-21.7613867;-41.3368098;12;20.238;15.838
-21.7613862;-41.3368112;12;20.100;15.893
-21.7613862;-41.3368112;12;20.100;15.893
-21.7613848;-41.3368120;12;20.014;16.042
-21.7613848;-41.3368120;12;20.014;16.042
-21.7613850;-41.3368132;12;19.893;16.023
-21.7613850;-41.3368132;12;19.893;16.023
-21.7613845;-41.3368145;12;19.756;16.079
-21.7613845;-41.3368145;12;19.756;16.079
-21.7613845;-41.3368157;12;19.635;16.079
-21.7613845;-41.3368157;12;19.635;16.079
-21.7613840;-41.3368163;12;19.566;16.134
-21.7613840;-41.3368163;12;19.566;16.134
-21.7613838;-41.3368177;12;19.429;16.153
-21.7613838;-41.3368177;12;19.429;16.153
-21.7613835;-41.3368187;12;19.325;16.190
-21.7613835;-41.3368187;12;19.325;16.190
-21.7613835;-41.3368198;12;19.205;16.190
-21.7613835;-41.3368198;12;19.205;16.190
-21.7613830;-41.3368207;12;19.119;16.246
-21.7613830;-41.3368207;12;19.119;16.246
-21.7613830;-41.3368218;12;18.998;16.246
-21.7613830;-41.3368218;12;18.998;16.246
-21.7613827;-41.3368230;12;18.878;16.283
-21.7613827;-41.3368230;12;18.878;16.283
-21.7613822;-41.3368240;12;18.775;16.338
-21.7613822;-41.3368240;12;18.775;16.338
-21.7613818;-41.3368252;12;18.654;16.375
-21.7613818;-41.3368252;12;18.654;16.375
-21.7613815;-41.3368263;12;18.534;16.412
-21.7613815;-41.3368263;12;18.534;16.412
-21.7613812;-41.3368272;12;18.448;16.449
-21.7613812;-41.3368272;12;18.448;16.449
-21.7613808;-41.3368285;12;18.310;16.487
-21.7613808;-41.3368285;12;18.310;16.487
-21.7613805;-41.3368295;12;18.207;16.524
-21.7613805;-41.3368295;12;18.207;16.524
-21.7613800;-41.3368305;12;18.103;16.579
-21.7613800;-41.3368305;12;18.103;16.579
-21.7613803;-41.3368317;12;17.983;16.542
-21.7613803;-41.3368317;12;17.983;16.542
-21.7613800;-41.3368327;12;17.880;16.579
-21.7613800;-41.3368327;12;17.880;16.579
-21.7613797;-41.3368337;12;17.776;16.616
-21.7613797;-41.3368337;12;17.776;16.616
-21.7613795;-41.3368347;12;17.673;16.635
-21.7613795;-41.3368347;12;17.673;16.635
-21.7613790;-41.3368358;12;17.553;16.690
-21.7613790;-41.3368358;12;17.553;16.690
-21.7613788;-41.3368370;12;17.432;16.709
-21.7613788;-41.3368370;12;17.432;16.709
-21.7613790;-41.3368382;12;17.312;16.690
-21.7613790;-41.3368382;12;17.312;16.690
-21.7613785;-41.3368392;12;17.208;16.746
-21.7613785;-41.3368392;12;17.208;16.746
-21.7613783;-41.3368402;12;17.105;16.765
-21.7613783;-41.3368402;12;17.105;16.765
-21.7613787;-41.3368410;12;17.019;16.727
-21.7613787;-41.3368410;12;17.019;16.727
-21.7613783;-41.3368422;12;16.898;16.765
-21.7613783;-41.3368422;12;16.898;16.765
-21.7613785;-41.3368432;12;16.795;16.746
-21.7613785;-41.3368432;12;16.795;16.746
-21.7613783;-41.3368438;12;16.726;16.765
-21.7613783;-41.3368438;12;16.726;16.765
-21.7613778;-41.3368448;12;16.623;16.820
-21.7613778;-41.3368448;12;16.623;16.820
-21.7613773;-41.3368460;12;16.503;16.876
-21.7613773;-41.3368460;12;16.503;16.876
-21.7613772;-41.3368470;12;16.399;16.894
-21.7613772;-41.3368470;12;16.399;16.894
-21.7613770;-41.3368483;12;16.262;16.913
-21.7613770;-41.3368483;12;16.262;16.913
-21.7613767;-41.3368492;12;16.176;16.950
-21.7613767;-41.3368492;12;16.176;16.950
-21.7613765;-41.3368502;12;16.072;16.968
-21.7613765;-41.3368502;12;16.072;16.968
-21.7613767;-41.3368513;12;15.952;16.950
-21.7613767;-41.3368513;12;15.952;16.950
-21.7613760;-41.3368523;12;15.849;17.024
-21.7613760;-41.3368523;12;15.849;17.024
-21.7613762;-41.3368538;12;15.694;17.005
-21.7613762;-41.3368538;12;15.694;17.005
-21.7613758;-41.3368548;12;15.590;17.043
-21.7613758;-41.3368548;12;15.590;17.043
-21.7613758;-41.3368557;12;15.504;17.043
-21.7613758;-41.3368557;12;15.504;17.043
-21.7613757;-41.3368568;12;15.384;17.061
-21.7613757;-41.3368568;12;15.384;17.061
-21.7613752;-41.3368573;12;15.332;17.117
-21.7613752;-41.3368573;12;15.332;17.117
-21.7613760;-41.3368588;12;15.177;17.024
-21.7613760;-41.3368588;12;15.177;17.024
-21.7613758;-41.3368600;12;15.057;17.043
-21.7613758;-41.3368600;12;15.057;17.043
-21.7613758;-41.3368610;12;14.954;17.043
-21.7613758;-41.3368610;12;14.954;17.043
-21.7613760;-41.3368622;12;14.833;17.024
-21.7613760;-41.3368622;12;14.833;17.024
-21.7613758;-41.3368633;12;14.713;17.043
-21.7613758;-41.3368633;12;14.713;17.043
-21.7613758;-41.3368642;12;14.627;17.043
-21.7613758;-41.3368642;12;14.627;17.043
-21.7613763;-41.3368653;12;14.506;16.987
-21.7613763;-41.3368653;12;14.506;16.987
-21.7613767;-41.3368665;12;14.386;16.950
-21.7613767;-41.3368665;12;14.386;16.950
-21.7613768;-41.3368677;12;14.265;16.931
-21.7613768;-41.3368677;12;14.265;16.931
-21.7613773;-41.3368685;12;14.179;16.876
-21.7613773;-41.3368685;12;14.179;16.876
-21.7613773;-41.3368695;12;14.076;16.876
-21.7613773;-41.3368695;12;14.076;16.876
-21.7613775;-41.3368707;12;13.955;16.857
-21.7613775;-41.3368707;12;13.955;16.857
-21.7613775;-41.3368717;12;13.852;16.857
-21.7613775;-41.3368717;12;13.852;16.857
-21.7613775;-41.3368728;12;13.732;16.857
-21.7613775;-41.3368728;12;13.732;16.857
-21.7613778;-41.3368742;12;13.594;16.820
-21.7613778;-41.3368742;12;13.594;16.820
-21.7613782;-41.3368752;12;13.491;16.783
-21.7613782;-41.3368752;12;13.491;16.783
-21.7613783;-41.3368762;12;13.387;16.765
-21.7613783;-41.3368762;12;13.387;16.765
-21.7613787;-41.3368772;12;13.284;16.727
-21.7613787;-41.3368772;12;13.284;16.727
-21.7613790;-41.3368783;12;13.164;16.690
-21.7613790;-41.3368783;12;13.164;16.690
-21.7613792;-41.3368793;12;13.060;16.672
-21.7613792;-41.3368793;12;13.060;16.672
-21.7613797;-41.3368800;12;12.991;16.616
-21.7613797;-41.3368800;12;12.991;16.616
-21.7613802;-41.3368808;12;12.905;16.561
-21.7613802;-41.3368808;12;12.905;16.561
-21.7613800;-41.3368813;12;12.854;16.579
-21.7613800;-41.3368813;12;12.854;16.579
-21.7613813;-41.3368823;12;12.751;16.431
-21.7613813;-41.3368823;12;12.751;16.431
-21.7613818;-41.3368832;12;12.664;16.375
-21.7613818;-41.3368832;12;12.664;16.375
-21.7613822;-41.3368843;12;12.544;16.338
-21.7613822;-41.3368843;12;12.544;16.338
-21.7613828;-41.3368853;12;12.441;16.264
-21.7613828;-41.3368853;12;12.441;16.264
-21.7613828;-41.3368860;12;12.372;16.264
-21.7613828;-41.3368860;12;12.372;16.264
-21.7613837;-41.3368870;12;12.269;16.171
-21.7613837;-41.3368870;12;12.269;16.171
-21.7613842;-41.3368878;12;12.183;16.116
-21.7613842;-41.3368878;12;12.183;16.116
-21.7613845;-41.3368890;12;12.062;16.079
-21.7613845;-41.3368890;12;12.062;16.079
-21.7613850;-41.3368897;12;11.993;16.023
-21.7613850;-41.3368897;12;11.993;16.023
-21.7613855;-41.3368902;12;11.941;15.968
-21.7613855;-41.3368902;12;11.941;15.968
-21.7613860;-41.3368910;12;11.855;15.912
-21.7613860;-41.3368910;12;11.855;15.912
-21.7613867;-41.3368917;12;11.787;15.838
-21.7613867;-41.3368917;12;11.787;15.838
-21.7613872;-41.3368927;12;11.683;15.782
-21.7613872;-41.3368927;12;11.683;15.782
-21.7613878;-41.3368932;12;11.632;15.708
-21.7613878;-41.3368932;12;11.632;15.708
-21.7613887;-41.3368943;12;11.511;15.615
-21.7613887;-41.3368943;12;11.511;15.615
-21.7613892;-41.3368948;12;11.460;15.560
-21.7613892;-41.3368948;12;11.460;15.560
-21.7613902;-41.3368953;12;11.408;15.449
-21.7613902;-41.3368953;12;11.408;15.449
-21.7613910;-41.3368963;12;11.305;15.356
-21.7613910;-41.3368963;12;11.305;15.356
-21.7613915;-41.3368970;12;11.236;15.300
-21.7613915;-41.3368970;12;11.236;15.300
-21.7613925;-41.3368980;12;11.133;15.189
-21.7613925;-41.3368980;12;11.133;15.189
-21.7613933;-41.3368985;12;11.081;15.097
-21.7613933;-41.3368985;12;11.081;15.097
-21.7613942;-41.3368990;12;11.029;15.004
-21.7613942;-41.3368990;12;11.029;15.004
-21.7613952;-41.3368995;12;10.978;14.893
-21.7613952;-41.3368995;12;10.978;14.893
-21.7613958;-41.3368998;12;10.943;14.819
-21.7613958;-41.3368998;12;10.943;14.819
-21.7613968;-41.3369005;12;10.874;14.707
-21.7613968;-41.3369005;12;10.874;14.707
-21.7613977;-41.3369013;12;10.788;14.615
-21.7613977;-41.3369013;12;10.788;14.615
-21.7613987;-41.3369018;12;10.737;14.504
-21.7613987;-41.3369018;12;10.737;14.504
-21.7613997;-41.3369023;12;10.685;14.392
-21.7613997;-41.3369023;12;10.685;14.392
-21.7614007;-41.3369030;12;10.616;14.281
-21.7614007;-41.3369030;12;10.616;14.281
-21.7614015;-41.3369033;12;10.582;14.189
-21.7614015;-41.3369033;12;10.582;14.189
-21.7614023;-41.3369040;12;10.513;14.096
-21.7614023;-41.3369040;12;10.513;14.096
-21.7614033;-41.3369042;12;10.496;13.985
-21.7614033;-41.3369042;12;10.496;13.985
-21.7614042;-41.3369045;12;10.461;13.892
-21.7614042;-41.3369045;12;10.461;13.892
-21.7614048;-41.3369048;12;10.427;13.818
-21.7614048;-41.3369048;12;10.427;13.818
-21.7614057;-41.3369053;12;10.375;13.725
-21.7614057;-41.3369053;12;10.375;13.725
-21.7614065;-41.3369058;12;10.324;13.633
-21.7614065;-41.3369058;12;10.324;13.633
-21.7614073;-41.3369062;12;10.289;13.540
-21.7614073;-41.3369062;12;10.289;13.540
-21.7614082;-41.3369067;12;10.238;13.447
-21.7614082;-41.3369067;12;10.238;13.447
-21.7614088;-41.3369070;12;10.203;13.373
-21.7614088;-41.3369070;12;10.203;13.373
-21.7614098;-41.3369068;12;10.220;13.262
-21.7614098;-41.3369068;12;10.220;13.262
-21.7614107;-41.3369073;12;10.169;13.169
-21.7614107;-41.3369073;12;10.169;13.169
-21.7614117;-41.3369075;12;10.152;13.058
-21.7614117;-41.3369075;12;10.152;13.058
-21.7614127;-41.3369080;12;10.100;12.947
-21.7614127;-41.3369080;12;10.100;12.947
-21.7614137;-41.3369083;12;10.065;12.836
-21.7614137;-41.3369083;12;10.065;12.836
-21.7614145;-41.3369087;12;10.031;12.743
-21.7614145;-41.3369087;12;10.031;12.743
-21.7614155;-41.3369087;12;10.031;12.632
-21.7614155;-41.3369087;12;10.031;12.632
-21.7614163;-41.3369092;12;9.979;12.539
-21.7614163;-41.3369092;12;9.979;12.539
-21.7614172;-41.3369095;12;9.945;12.446
-21.7614172;-41.3369095;12;9.945;12.446
-21.7614182;-41.3369098;12;9.911;12.335
-21.7614182;-41.3369098;12;9.911;12.335
-21.7614193;-41.3369103;12;9.859;12.206
-21.7614193;-41.3369103;12;9.859;12.206
-21.7614205;-41.3369108;12;9.807;12.076
-21.7614205;-41.3369108;12;9.807;12.076
-21.7614217;-41.3369107;12;9.824;11.946
-21.7614217;-41.3369107;12;9.824;11.946
-21.7614223;-41.3369112;12;9.773;11.872
-21.7614223;-41.3369112;12;9.773;11.872
-21.7614235;-41.3369115;12;9.738;11.742
-21.7614235;-41.3369115;12;9.738;11.742
-21.7614245;-41.3369115;12;9.738;11.631
-21.7614245;-41.3369115;12;9.738;11.631
-21.7614252;-41.3369115;12;9.738;11.557
-21.7614252;-41.3369115;12;9.738;11.557
-21.7614260;-41.3369117;12;9.721;11.464
-21.7614260;-41.3369117;12;9.721;11.464
-21.7614270;-41.3369122;12;9.670;11.353
-21.7614270;-41.3369122;12;9.670;11.353
-21.7614278;-41.3369127;12;9.618;11.260
-21.7614278;-41.3369127;12;9.618;11.260
-21.7614288;-41.3369130;12;9.584;11.149
-21.7614288;-41.3369130;12;9.584;11.149
-21.7614297;-41.3369135;12;9.532;11.056
-21.7614297;-41.3369135;12;9.532;11.056
-21.7614308;-41.3369135;12;9.532;10.927
-21.7614308;-41.3369135;12;9.532;10.927
-21.7614317;-41.3369137;12;9.515;10.834
-21.7614317;-41.3369137;12;9.515;10.834
-21.7614327;-41.3369140;12;9.480;10.723
-21.7614327;-41.3369140;12;9.480;10.723
-21.7614338;-41.3369143;12;9.446;10.593
-21.7614338;-41.3369143;12;9.446;10.593
-21.7614348;-41.3369147;12;9.411;10.482
-21.7614348;-41.3369147;12;9.411;10.482
-21.7614358;-41.3369148;12;9.394;10.371
-21.7614358;-41.3369148;12;9.394;10.371
-21.7614370;-41.3369148;12;9.394;10.241
-21.7614370;-41.3369148;12;9.394;10.241
-21.7614377;-41.3369150;12;9.377;10.167
-21.7614377;-41.3369150;12;9.377;10.167
-21.7614385;-41.3369153;12;9.343;10.074
-21.7614385;-41.3369153;12;9.343;10.074
-21.7614400;-41.3369163;12;9.239;9.908
-21.7614400;-41.3369163;12;9.239;9.908
-21.7614410;-41.3369163;12;9.239;9.796
-21.7614410;-41.3369163;12;9.239;9.796
-21.7614418;-41.3369172;12;9.153;9.704
-21.7614418;-41.3369172;12;9.153;9.704
-21.7614430;-41.3369178;12;9.084;9.574
-21.7614430;-41.3369178;12;9.084;9.574
-21.7614440;-41.3369180;12;9.067;9.463
-21.7614440;-41.3369180;12;9.067;9.463
-21.7614448;-41.3369183;12;9.033;9.370
-21.7614448;-41.3369183;12;9.033;9.370
-21.7614457;-41.3369188;12;8.981;9.277
-21.7614457;-41.3369188;12;8.981;9.277
-21.7614468;-41.3369193;12;8.929;9.148
-21.7614468;-41.3369193;12;8.929;9.148
-21.7614477;-41.3369192;12;8.947;9.055
-21.7614477;-41.3369192;12;8.947;9.055
-21.7614485;-41.3369190;12;8.964;8.962
-21.7614485;-41.3369190;12;8.964;8.962
-21.7614495;-41.3369197;12;8.895;8.851
-21.7614495;-41.3369197;12;8.895;8.851
-21.7614507;-41.3369200;12;8.861;8.721
-21.7614507;-41.3369200;12;8.861;8.721
-21.7614512;-41.3369207;12;8.792;8.666
-21.7614512;-41.3369207;12;8.792;8.666
-21.7614518;-41.3369212;12;8.740;8.592
-21.7614518;-41.3369212;12;8.740;8.592
-21.7614527;-41.3369210;12;8.757;8.499
-21.7614527;-41.3369210;12;8.757;8.499
-21.7614533;-41.3369212;12;8.740;8.425
-21.7614533;-41.3369212;12;8.740;8.425
-21.7614540;-41.3369217;12;8.688;8.351
-21.7614540;-41.3369217;12;8.688;8.351
-21.7614548;-41.3369222;12;8.637;8.258
-21.7614548;-41.3369222;12;8.637;8.258
-21.7614555;-41.3369227;12;8.585;8.184
-21.7614555;-41.3369227;12;8.585;8.184
-21.7614560;-41.3369228;12;8.568;8.128
-21.7614560;-41.3369228;12;8.568;8.128
-21.7614567;-41.3369238;12;8.465;8.054
-21.7614567;-41.3369238;12;8.465;8.054
-21.7614573;-41.3369243;12;8.413;7.980
-21.7614573;-41.3369243;12;8.413;7.980
-21.7614578;-41.3369250;12;8.344;7.925
-21.7614578;-41.3369250;12;8.344;7.925
-21.7614583;-41.3369257;12;8.275;7.869
-21.7614583;-41.3369257;12;8.275;7.869
-21.7614588;-41.3369265;12;8.189;7.813
-21.7614588;-41.3369265;12;8.189;7.813
-21.7614597;-41.3369273;12;8.103;7.721
-21.7614597;-41.3369273;12;8.103;7.721
-21.7614600;-41.3369277;12;8.069;7.684
-21.7614600;-41.3369277;12;8.069;7.684
-21.7614603;-41.3369283;12;8.000;7.647
-21.7614603;-41.3369283;12;8.000;7.647
-21.7614608;-41.3369292;12;7.914;7.591
-21.7614608;-41.3369292;12;7.914;7.591
-21.7614610;-41.3369300;12;7.828;7.572
-21.7614610;-41.3369300;12;7.828;7.572
-21.7614610;-41.3369307;12;7.759;7.572
-21.7614610;-41.3369307;12;7.759;7.572
-21.7614615;-41.3369313;12;7.690;7.517
-21.7614615;-41.3369313;12;7.690;7.517
-21.7614615;-41.3369320;12;7.621;7.517
-21.7614615;-41.3369320;12;7.621;7.517
-21.7614617;-41.3369330;12;7.518;7.498
-21.7614617;-41.3369330;12;7.518;7.498
-21.7614615;-41.3369342;12;7.398;7.517
-21.7614615;-41.3369342;12;7.398;7.517
-21.7614615;-41.3369350;12;7.312;7.517
-21.7614615;-41.3369350;12;7.312;7.517
-21.7614613;-41.3369360;12;7.208;7.535
-21.7614613;-41.3369360;12;7.208;7.535
-21.7614613;-41.3369370;12;7.105;7.535
-21.7614613;-41.3369370;12;7.105;7.535
-21.7614612;-41.3369380;12;7.002;7.554
-21.7614612;-41.3369380;12;7.002;7.554
-21.7614612;-41.3369392;12;6.881;7.554
-21.7614612;-41.3369392;12;6.881;7.554
-21.7614612;-41.3369402;12;6.778;7.554
-21.7614612;-41.3369402;12;6.778;7.554
-21.7614608;-41.3369410;12;6.692;7.591
-21.7614608;-41.3369410;12;6.692;7.591
-21.7614610;-41.3369428;12;6.503;7.572
-21.7614610;-41.3369428;12;6.503;7.572
-21.7614613;-41.3369432;12;6.468;7.535
-21.7614613;-41.3369432;12;6.468;7.535
-21.7614612;-41.3369442;12;6.365;7.554
-21.7614612;-41.3369442;12;6.365;7.554
-21.7614608;-41.3369450;12;6.279;7.591
-21.7614608;-41.3369450;12;6.279;7.591
-21.7614607;-41.3369463;12;6.141;7.609
-21.7614607;-41.3369463;12;6.141;7.609
-21.7614605;-41.3369473;12;6.038;7.628
-21.7614605;-41.3369473;12;6.038;7.628
-21.7614603;-41.3369483;12;5.935;7.647
-21.7614603;-41.3369483;12;5.935;7.647
-21.7614603;-41.3369492;12;5.849;7.647
-21.7614603;-41.3369492;12;5.849;7.647
-21.7614600;-41.3369502;12;5.745;7.684
-21.7614600;-41.3369502;12;5.745;7.684
-21.7614598;-41.3369515;12;5.608;7.702
-21.7614598;-41.3369515;12;5.608;7.702
-21.7614593;-41.3369527;12;5.487;7.758
-21.7614593;-41.3369527;12;5.487;7.758
-21.7614592;-41.3369537;12;5.384;7.776
-21.7614592;-41.3369537;12;5.384;7.776
-21.7614593;-41.3369548;12;5.263;7.758
-21.7614593;-41.3369548;12;5.263;7.758
-21.7614597;-41.3369558;12;5.160;7.721
-21.7614597;-41.3369558;12;5.160;7.721
-21.7614595;-41.3369568;12;5.057;7.739
-21.7614595;-41.3369568;12;5.057;7.739
-21.7614590;-41.3369582;12;4.919;7.795
-21.7614590;-41.3369582;12;4.919;7.795
-21.7614588;-41.3369592;12;4.816;7.813
-21.7614588;-41.3369592;12;4.816;7.813
-21.7614587;-41.3369602;12;4.713;7.832
-21.7614587;-41.3369602;12;4.713;7.832
-21.7614585;-41.3369612;12;4.609;7.850
-21.7614585;-41.3369612;12;4.609;7.850
-21.7614582;-41.3369625;12;4.472;7.887
-21.7614582;-41.3369625;12;4.472;7.887
-21.7614580;-41.3369638;12;4.334;7.906
-21.7614580;-41.3369638;12;4.334;7.906
-21.7614578;-41.3369647;12;4.248;7.925
-21.7614578;-41.3369647;12;4.248;7.925
-21.7614578;-41.3369657;12;4.145;7.925
-21.7614578;-41.3369657;12;4.145;7.925
-21.7614577;-41.3369665;12;4.059;7.943
-21.7614577;-41.3369665;12;4.059;7.943
-21.7614575;-41.3369673;12;3.973;7.962
-21.7614575;-41.3369673;12;3.973;7.962
-21.7614577;-41.3369685;12;3.852;7.943
-21.7614577;-41.3369685;12;3.852;7.943
-21.7614568;-41.3369695;12;3.749;8.036
-21.7614568;-41.3369695;12;3.749;8.036
-21.7614565;-41.3369708;12;3.611;8.073
-21.7614565;-41.3369708;12;3.611;8.073
-21.7614563;-41.3369720;12;3.491;8.091
-21.7614563;-41.3369720;12;3.491;8.091
-21.7614560;-41.3369733;12;3.353;8.128
-21.7614560;-41.3369733;12;3.353;8.128
-21.7614560;-41.3369743;12;3.250;8.128
-21.7614560;-41.3369743;12;3.250;8.128
-21.7614557;-41.3369755;12;3.129;8.165
-21.7614557;-41.3369755;12;3.129;8.165
-21.7614558;-41.3369767;12;3.009;8.147
-21.7614558;-41.3369767;12;3.009;8.147
-21.7614555;-41.3369777;12;2.905;8.184
-21.7614555;-41.3369777;12;2.905;8.184
-21.7614553;-41.3369787;12;2.802;8.203
-21.7614553;-41.3369787;12;2.802;8.203
-21.7614552;-41.3369798;12;2.682;8.221
-21.7614552;-41.3369798;12;2.682;8.221
-21.7614548;-41.3369808;12;2.578;8.258
-21.7614548;-41.3369808;12;2.578;8.258
-21.7614545;-41.3369817;12;2.492;8.295
-21.7614545;-41.3369817;12;2.492;8.295
-21.7614543;-41.3369825;12;2.406;8.314
-21.7614543;-41.3369825;12;2.406;8.314
-21.7614538;-41.3369837;12;2.286;8.369
-21.7614538;-41.3369837;12;2.286;8.369
-21.7614537;-41.3369848;12;2.165;8.388
-21.7614537;-41.3369848;12;2.165;8.388
-21.7614535;-41.3369858;12;2.062;8.406
-21.7614535;-41.3369858;12;2.062;8.406
-21.7614533;-41.3369870;12;1.941;8.425
-21.7614533;-41.3369870;12;1.941;8.425
-21.7614535;-41.3369882;12;1.821;8.406
-21.7614535;-41.3369882;12;1.821;8.406
-21.7614530;-41.3369890;12;1.735;8.462
-21.7614530;-41.3369890;12;1.735;8.462
-21.7614527;-41.3369900;12;1.632;8.499
-21.7614527;-41.3369900;12;1.632;8.499
-21.7614530;-41.3369913;12;1.494;8.462
-21.7614530;-41.3369913;12;1.494;8.462
-21.7614530;-41.3369922;12;1.408;8.462
-21.7614530;-41.3369922;12;1.408;8.462
-21.7614530;-41.3369930;12;1.322;8.462
-21.7614530;-41.3369930;12;1.322;8.462
-21.7614528;-41.3369940;12;1.219;8.481
-21.7614528;-41.3369940;12;1.219;8.481
-21.7614523;-41.3369952;12;1.098;8.536
-21.7614523;-41.3369952;12;1.098;8.536
-21.7614525;-41.3369962;12;0.995;8.518
-21.7614525;-41.3369962;12;0.995;8.518
-21.7614525;-41.3369975;12;0.857;8.518
-21.7614525;-41.3369975;12;0.857;8.518
-21.7614523;-41.3369987;12;0.737;8.536
-21.7614523;-41.3369987;12;0.737;8.536
-21.7614523;-41.3369998;12;0.616;8.536
-21.7614523;-41.3369998;12;0.616;8.536
-21.7614522;-41.3370008;12;0.513;8.555
-21.7614522;-41.3370008;12;0.513;8.555
-21.7614520;-41.3370018;12;0.410;8.573
-21.7614520;-41.3370018;12;0.410;8.573
-21.7614523;-41.3370032;12;0.272;8.536
-21.7614523;-41.3370032;12;0.272;8.536
-21.7614523;-41.3370040;12;0.186;8.536
-21.7614523;-41.3370040;12;0.186;8.536
-21.7614522;-41.3370050;12;0.083;8.555
-21.7614522;-41.3370050;12;0.083;8.555
-21.7614520;-41.3370062;12;-0.038;8.573
-21.7614520;-41.3370062;12;-0.038;8.573
-21.7614518;-41.3370073;12;-0.158;8.592
-21.7614518;-41.3370073;12;-0.158;8.592
-21.7614518;-41.3370087;12;-0.296;8.592
-21.7614518;-41.3370087;12;-0.296;8.592
-21.7614515;-41.3370097;12;-0.399;8.629
-21.7614515;-41.3370097;12;-0.399;8.629
-21.7614512;-41.3370105;12;-0.485;8.666
-21.7614512;-41.3370105;12;-0.485;8.666
-21.7614512;-41.3370118;12;-0.623;8.666
-21.7614512;-41.3370118;12;-0.623;8.666
-21.7614512;-41.3370128;12;-0.726;8.666
-21.7614512;-41.3370128;12;-0.726;8.666
-21.7614512;-41.3370142;12;-0.864;8.666
-21.7614512;-41.3370142;12;-0.864;8.666
-21.7614510;-41.3370153;12;-0.984;8.684
-21.7614510;-41.3370153;12;-0.984;8.684
-21.7614508;-41.3370163;12;-1.088;8.703
-21.7614508;-41.3370163;12;-1.088;8.703
-21.7614508;-41.3370173;12;-1.191;8.703
-21.7614508;-41.3370173;12;-1.191;8.703
-21.7614512;-41.3370185;12;-1.312;8.666
-21.7614512;-41.3370185;12;-1.312;8.666
-21.7614508;-41.3370197;12;-1.432;8.703
-21.7614508;-41.3370197;12;-1.432;8.703
-21.7614507;-41.3370207;12;-1.535;8.721
-21.7614507;-41.3370207;12;-1.535;8.721
-21.7614507;-41.3370218;12;-1.656;8.721
-21.7614507;-41.3370218;12;-1.656;8.721
-21.7614505;-41.3370228;12;-1.759;8.740
-21.7614505;-41.3370228;12;-1.759;8.740
-21.7614503;-41.3370240;12;-1.880;8.759
-21.7614503;-41.3370240;12;-1.880;8.759
-21.7614503;-41.3370252;12;-2.000;8.759
-21.7614503;-41.3370252;12;-2.000;8.759
-21.7614503;-41.3370262;12;-2.103;8.759
-21.7614503;-41.3370262;12;-2.103;8.759
-21.7614503;-41.3370272;12;-2.207;8.759
-21.7614503;-41.3370272;12;-2.207;8.759
-21.7614503;-41.3370283;12;-2.327;8.759
-21.7614503;-41.3370283;12;-2.327;8.759
-21.7614502;-41.3370293;12;-2.430;8.777
-21.7614502;-41.3370293;12;-2.430;8.777
-21.7614502;-41.3370305;12;-2.551;8.777
-21.7614502;-41.3370305;12;-2.551;8.777
-21.7614502;-41.3370315;12;-2.654;8.777
-21.7614502;-41.3370315;12;-2.654;8.777
-21.7614500;-41.3370330;12;-2.809;8.796
-21.7614500;-41.3370330;12;-2.809;8.796
-21.7614497;-41.3370340;12;-2.912;8.833
-21.7614497;-41.3370340;12;-2.912;8.833
-21.7614495;-41.3370350;12;-3.016;8.851
-21.7614495;-41.3370350;12;-3.016;8.851
-21.7614493;-41.3370360;12;-3.119;8.870
-21.7614493;-41.3370360;12;-3.119;8.870
-21.7614493;-41.3370372;12;-3.239;8.870
-21.7614493;-41.3370372;12;-3.239;8.870
-21.7614492;-41.3370383;12;-3.360;8.888
-21.7614492;-41.3370383;12;-3.360;8.888
-21.7614490;-41.3370395;12;-3.480;8.907
-21.7614490;-41.3370395;12;-3.480;8.907
-21.7614488;-41.3370407;12;-3.601;8.925
-21.7614488;-41.3370407;12;-3.601;8.925
-21.7614487;-41.3370417;12;-3.704;8.944
-21.7614487;-41.3370417;12;-3.704;8.944
-21.7614487;-41.3370428;12;-3.824;8.944
-21.7614487;-41.3370428;12;-3.824;8.944
-21.7614482;-41.3370438;12;-3.928;8.999
-21.7614482;-41.3370438;12;-3.928;8.999
-21.7614480;-41.3370452;12;-4.065;9.018
-21.7614480;-41.3370452;12;-4.065;9.018
-21.7614477;-41.3370462;12;-4.169;9.055
-21.7614477;-41.3370462;12;-4.169;9.055
-21.7614472;-41.3370475;12;-4.306;9.111
-21.7614472;-41.3370475;12;-4.306;9.111
-21.7614470;-41.3370487;12;-4.427;9.129
-21.7614470;-41.3370487;12;-4.427;9.129
-21.7614467;-41.3370498;12;-4.547;9.166
-21.7614467;-41.3370498;12;-4.547;9.166
-21.7614458;-41.3370507;12;-4.633;9.259
-21.7614458;-41.3370507;12;-4.633;9.259
-21.7614462;-41.3370523;12;-4.805;9.222
-21.7614462;-41.3370523;12;-4.805;9.222
-21.7614460;-41.3370537;12;-4.943;9.240
-21.7614460;-41.3370537;12;-4.943;9.240
-21.7614455;-41.3370547;12;-5.047;9.296
-21.7614455;-41.3370547;12;-5.047;9.296
-21.7614455;-41.3370558;12;-5.167;9.296
-21.7614455;-41.3370558;12;-5.167;9.296
-21.7614452;-41.3370570;12;-5.287;9.333
-21.7614452;-41.3370570;12;-5.287;9.333
-21.7614447;-41.3370582;12;-5.408;9.389
-21.7614447;-41.3370582;12;-5.408;9.389
-21.7614443;-41.3370592;12;-5.511;9.426
-21.7614443;-41.3370592;12;-5.511;9.426
-21.7614440;-41.3370605;12;-5.649;9.463
-21.7614440;-41.3370605;12;-5.649;9.463
-21.7614440;-41.3370617;12;-5.769;9.463
-21.7614440;-41.3370617;12;-5.769;9.463
-21.7614437;-41.3370622;12;-5.821;9.500
-21.7614437;-41.3370622;12;-5.821;9.500
-21.7614432;-41.3370632;12;-5.924;9.555
-21.7614432;-41.3370632;12;-5.924;9.555
-21.7614428;-41.3370645;12;-6.062;9.592
-21.7614428;-41.3370645;12;-6.062;9.592
-21.7614428;-41.3370657;12;-6.183;9.592
-21.7614428;-41.3370657;12;-6.183;9.592
-21.7614423;-41.3370667;12;-6.286;9.648
-21.7614423;-41.3370667;12;-6.286;9.648
-21.7614418;-41.3370677;12;-6.389;9.704
-21.7614418;-41.3370677;12;-6.389;9.704
-21.7614418;-41.3370692;12;-6.544;9.704
-21.7614418;-41.3370692;12;-6.544;9.704
-21.7614415;-41.3370702;12;-6.647;9.741
-21.7614415;-41.3370702;12;-6.647;9.741
-21.7614410;-41.3370717;12;-6.802;9.796
-21.7614410;-41.3370717;12;-6.802;9.796
-21.7614407;-41.3370727;12;-6.905;9.833
-21.7614407;-41.3370727;12;-6.905;9.833
-21.7614402;-41.3370738;12;-7.026;9.889
-21.7614402;-41.3370738;12;-7.026;9.889
-21.7614398;-41.3370750;12;-7.146;9.926
-21.7614398;-41.3370750;12;-7.146;9.926
-21.7614393;-41.3370762;12;-7.267;9.982
-21.7614393;-41.3370762;12;-7.267;9.982
-21.7614390;-41.3370772;12;-7.370;10.019
-21.7614390;-41.3370772;12;-7.370;10.019
-21.7614387;-41.3370783;12;-7.491;10.056
-21.7614387;-41.3370783;12;-7.491;10.056
-21.7614383;-41.3370793;12;-7.594;10.093
-21.7614383;-41.3370793;12;-7.594;10.093
-21.7614380;-41.3370803;12;-7.697;10.130
-21.7614380;-41.3370803;12;-7.697;10.130
-21.7614375;-41.3370812;12;-7.783;10.185
-21.7614375;-41.3370812;12;-7.783;10.185
-21.7614375;-41.3370823;12;-7.904;10.185
-21.7614375;-41.3370823;12;-7.904;10.185
-21.7614370;-41.3370835;12;-8.024;10.241
-21.7614370;-41.3370835;12;-8.024;10.241
-21.7614372;-41.3370848;12;-8.162;10.223
-21.7614372;-41.3370848;12;-8.162;10.223
-21.7614370;-41.3370860;12;-8.282;10.241
-21.7614370;-41.3370860;12;-8.282;10.241
-21.7614368;-41.3370870;12;-8.386;10.260
-21.7614368;-41.3370870;12;-8.386;10.260
-21.7614367;-41.3370882;12;-8.506;10.278
-21.7614367;-41.3370882;12;-8.506;10.278
-21.7614362;-41.3370893;12;-8.627;10.334
-21.7614362;-41.3370893;12;-8.627;10.334
-21.7614360;-41.3370903;12;-8.730;10.352
-21.7614360;-41.3370903;12;-8.730;10.352
-21.7614355;-41.3370915;12;-8.850;10.408
-21.7614355;-41.3370915;12;-8.850;10.408
-21.7614353;-41.3370925;12;-8.954;10.426
-21.7614353;-41.3370925;12;-8.954;10.426
-21.7614352;-41.3370935;12;-9.057;10.445
-21.7614352;-41.3370935;12;-9.057;10.445
-21.7614347;-41.3370945;12;-9.160;10.501
-21.7614347;-41.3370945;12;-9.160;10.501
-21.7614343;-41.3370955;12;-9.263;10.538
-21.7614343;-41.3370955;12;-9.263;10.538
-21.7614338;-41.3370967;12;-9.384;10.593
-21.7614338;-41.3370967;12;-9.384;10.593
-21.7614333;-41.3370975;12;-9.470;10.649
-21.7614333;-41.3370975;12;-9.470;10.649
-21.7614332;-41.3370987;12;-9.590;10.667
-21.7614332;-41.3370987;12;-9.590;10.667
-21.7614328;-41.3370998;12;-9.711;10.704
-21.7614328;-41.3370998;12;-9.711;10.704
-21.7614323;-41.3371007;12;-9.797;10.760
-21.7614323;-41.3371007;12;-9.797;10.760
-21.7614323;-41.3371018;12;-9.917;10.760
-21.7614323;-41.3371018;12;-9.917;10.760
-21.7614320;-41.3371030;12;-10.038;10.797
-21.7614320;-41.3371030;12;-10.038;10.797
-21.7614318;-41.3371042;12;-10.158;10.816
-21.7614318;-41.3371042;12;-10.158;10.816
-21.7614317;-41.3371053;12;-10.279;10.834
-21.7614317;-41.3371053;12;-10.279;10.834
-21.7614313;-41.3371063;12;-10.382;10.871
-21.7614313;-41.3371063;12;-10.382;10.871
-21.7614310;-41.3371073;12;-10.485;10.908
-21.7614310;-41.3371073;12;-10.485;10.908
-21.7614305;-41.3371083;12;-10.589;10.964
-21.7614305;-41.3371083;12;-10.589;10.964
-21.7614298;-41.3371093;12;-10.692;11.038
-21.7614298;-41.3371093;12;-10.692;11.038
-21.7614295;-41.3371102;12;-10.778;11.075
-21.7614295;-41.3371102;12;-10.778;11.075
-21.7614292;-41.3371112;12;-10.881;11.112
-21.7614292;-41.3371112;12;-10.881;11.112
-21.7614287;-41.3371120;12;-10.967;11.168
-21.7614287;-41.3371120;12;-10.967;11.168
-21.7614283;-41.3371130;12;-11.071;11.205
-21.7614283;-41.3371130;12;-11.071;11.205
-21.7614277;-41.3371138;12;-11.157;11.279
-21.7614277;-41.3371138;12;-11.157;11.279
-21.7614273;-41.3371147;12;-11.243;11.316
-21.7614273;-41.3371147;12;-11.243;11.316
-21.7614268;-41.3371160;12;-11.380;11.372
-21.7614268;-41.3371160;12;-11.380;11.372
-21.7614263;-41.3371168;12;-11.466;11.427
-21.7614263;-41.3371168;12;-11.466;11.427
-21.7614260;-41.3371182;12;-11.604;11.464
-21.7614260;-41.3371182;12;-11.604;11.464
-21.7614253;-41.3371192;12;-11.707;11.538
-21.7614253;-41.3371192;12;-11.707;11.538
-21.7614248;-41.3371202;12;-11.811;11.594
-21.7614248;-41.3371202;12;-11.811;11.594
-21.7614242;-41.3371213;12;-11.931;11.668
-21.7614242;-41.3371213;12;-11.931;11.668
-21.7614240;-41.3371225;12;-12.052;11.687
-21.7614240;-41.3371225;12;-12.052;11.687
-21.7614237;-41.3371235;12;-12.155;11.724
-21.7614237;-41.3371235;12;-12.155;11.724
-21.7614230;-41.3371245;12;-12.258;11.798
-21.7614230;-41.3371245;12;-12.258;11.798
-21.7614225;-41.3371257;12;-12.379;11.853
-21.7614225;-41.3371257;12;-12.379;11.853
-21.7614222;-41.3371268;12;-12.499;11.890
-21.7614222;-41.3371268;12;-12.499;11.890
-21.7614217;-41.3371280;12;-12.620;11.946
-21.7614217;-41.3371280;12;-12.620;11.946
-21.7614215;-41.3371288;12;-12.706;11.965
-21.7614215;-41.3371288;12;-12.706;11.965
-21.7614210;-41.3371300;12;-12.826;12.020
-21.7614210;-41.3371300;12;-12.826;12.020
-21.7614208;-41.3371310;12;-12.929;12.039
-21.7614208;-41.3371310;12;-12.929;12.039
-21.7614203;-41.3371322;12;-13.050;12.094
-21.7614203;-41.3371322;12;-13.050;12.094
-21.7614198;-41.3371333;12;-13.170;12.150
-21.7614198;-41.3371333;12;-13.170;12.150
-21.7614195;-41.3371345;12;-13.291;12.187
-21.7614195;-41.3371345;12;-13.291;12.187
-21.7614192;-41.3371357;12;-13.411;12.224
-21.7614192;-41.3371357;12;-13.411;12.224
-21.7614190;-41.3371368;12;-13.532;12.243
-21.7614190;-41.3371368;12;-13.532;12.243
-21.7614187;-41.3371380;12;-13.652;12.280
-21.7614187;-41.3371380;12;-13.652;12.280
-21.7614183;-41.3371392;12;-13.773;12.317
-21.7614183;-41.3371392;12;-13.773;12.317
-21.7614182;-41.3371403;12;-13.893;12.335
-21.7614182;-41.3371403;12;-13.893;12.335
-21.7614177;-41.3371415;12;-14.014;12.391
-21.7614177;-41.3371415;12;-14.014;12.391
-21.7614173;-41.3371425;12;-14.117;12.428
-21.7614173;-41.3371425;12;-14.117;12.428
-21.7614172;-41.3371435;12;-14.220;12.446
-21.7614172;-41.3371435;12;-14.220;12.446
-21.7614165;-41.3371447;12;-14.341;12.521
-21.7614165;-41.3371447;12;-14.341;12.521
-21.7614162;-41.3371457;12;-14.444;12.558
-21.7614162;-41.3371457;12;-14.444;12.558
-21.7614158;-41.3371468;12;-14.565;12.595
-21.7614158;-41.3371468;12;-14.565;12.595
-21.7614152;-41.3371478;12;-14.668;12.669
-21.7614152;-41.3371478;12;-14.668;12.669
-21.7614150;-41.3371490;12;-14.788;12.687
-21.7614150;-41.3371490;12;-14.788;12.687
-21.7614145;-41.3371498;12;-14.874;12.743
-21.7614145;-41.3371498;12;-14.874;12.743
-21.7614143;-41.3371512;12;-15.012;12.762
-21.7614143;-41.3371512;12;-15.012;12.762
-21.7614140;-41.3371523;12;-15.133;12.799
-21.7614140;-41.3371523;12;-15.133;12.799
-21.7614135;-41.3371533;12;-15.236;12.854
-21.7614135;-41.3371533;12;-15.236;12.854
-21.7614133;-41.3371543;12;-15.339;12.873
-21.7614133;-41.3371543;12;-15.339;12.873
-21.7614130;-41.3371555;12;-15.460;12.910
-21.7614130;-41.3371555;12;-15.460;12.910
-21.7614127;-41.3371567;12;-15.580;12.947
-21.7614127;-41.3371567;12;-15.580;12.947
-21.7614123;-41.3371578;12;-15.701;12.984
-21.7614123;-41.3371578;12;-15.701;12.984
-21.7614118;-41.3371592;12;-15.838;13.040
-21.7614118;-41.3371592;12;-15.838;13.040
-21.7614115;-41.3371602;12;-15.942;13.077
-21.7614115;-41.3371602;12;-15.942;13.077
-21.7614113;-41.3371613;12;-16.062;13.095
-21.7614113;-41.3371613;12;-16.062;13.095
-21.7614110;-41.3371627;12;-16.200;13.132
-21.7614110;-41.3371627;12;-16.200;13.132
-21.7614105;-41.3371638;12;-16.320;13.188
-21.7614105;-41.3371638;12;-16.320;13.188
-21.7614103;-41.3371648;12;-16.423;13.206
-21.7614103;-41.3371648;12;-16.423;13.206
-21.7614100;-41.3371658;12;-16.527;13.243
-21.7614100;-41.3371658;12;-16.527;13.243
-21.7614095;-41.3371668;12;-16.630;13.299
-21.7614095;-41.3371668;12;-16.630;13.299
-21.7614093;-41.3371678;12;-16.733;13.318
-21.7614093;-41.3371678;12;-16.733;13.318
-21.7614088;-41.3371688;12;-16.837;13.373
-21.7614088;-41.3371688;12;-16.837;13.373
-21.7614082;-41.3371703;12;-16.991;13.447
-21.7614082;-41.3371703;12;-16.991;13.447
-21.7614078;-41.3371715;12;-17.112;13.484
-21.7614078;-41.3371715;12;-17.112;13.484
-21.7614075;-41.3371725;12;-17.215;13.521
-21.7614075;-41.3371725;12;-17.215;13.521
-21.7614072;-41.3371740;12;-17.370;13.558
-21.7614072;-41.3371740;12;-17.370;13.558
-21.7614068;-41.3371752;12;-17.491;13.596
-21.7614068;-41.3371752;12;-17.491;13.596
-21.7614065;-41.3371765;12;-17.628;13.633
-21.7614065;-41.3371765;12;-17.628;13.633
-21.7614062;-41.3371775;12;-17.732;13.670
-21.7614062;-41.3371775;12;-17.732;13.670
-21.7614058;-41.3371787;12;-17.852;13.707
-21.7614058;-41.3371787;12;-17.852;13.707
-21.7614057;-41.3371798;12;-17.972;13.725
-21.7614057;-41.3371798;12;-17.972;13.725
-21.7614053;-41.3371808;12;-18.076;13.762
-21.7614053;-41.3371808;12;-18.076;13.762
-21.7614050;-41.3371820;12;-18.196;13.799
-21.7614050;-41.3371820;12;-18.196;13.799
-21.7614045;-41.3371832;12;-18.317;13.855
-21.7614045;-41.3371832;12;-18.317;13.855
-21.7614040;-41.3371845;12;-18.454;13.911
-21.7614040;-41.3371845;12;-18.454;13.911
-21.7614038;-41.3371857;12;-18.575;13.929
-21.7614038;-41.3371857;12;-18.575;13.929
-21.7614035;-41.3371868;12;-18.695;13.966
-21.7614035;-41.3371868;12;-18.695;13.966
-21.7614033;-41.3371880;12;-18.816;13.985
-21.7614033;-41.3371880;12;-18.816;13.985
-21.7614030;-41.3371890;12;-18.919;14.022
-21.7614030;-41.3371890;12;-18.919;14.022
-21.7614028;-41.3371903;12;-19.057;14.040
-21.7614028;-41.3371903;12;-19.057;14.040
-21.7614023;-41.3371913;12;-19.160;14.096
-21.7614023;-41.3371913;12;-19.160;14.096
-21.7614020;-41.3371923;12;-19.263;14.133
-21.7614020;-41.3371923;12;-19.263;14.133
-21.7614018;-41.3371935;12;-19.384;14.151
-21.7614018;-41.3371935;12;-19.384;14.151
-21.7614015;-41.3371947;12;-19.504;14.189
-21.7614015;-41.3371947;12;-19.504;14.189
-21.7614013;-41.3371960;12;-19.642;14.207
-21.7614013;-41.3371960;12;-19.642;14.207
-21.7614008;-41.3371972;12;-19.763;14.263
-21.7614008;-41.3371972;12;-19.763;14.263
-21.7614003;-41.3371983;12;-19.883;14.318
-21.7614003;-41.3371983;12;-19.883;14.318
-21.7613998;-41.3371995;12;-20.004;14.374
-21.7613998;-41.3371995;12;-20.004;14.374
-21.7613995;-41.3372008;12;-20.141;14.411
-21.7613995;-41.3372008;12;-20.141;14.411
-21.7613992;-41.3372018;12;-20.244;14.448
-21.7613992;-41.3372018;12;-20.244;14.448
-21.7613988;-41.3372030;12;-20.365;14.485
-21.7613988;-41.3372030;12;-20.365;14.485
-21.7613985;-41.3372042;12;-20.485;14.522
-21.7613985;-41.3372042;12;-20.485;14.522
-21.7613985;-41.3372053;12;-20.606;14.522
-21.7613985;-41.3372053;12;-20.606;14.522
-21.7613982;-41.3372063;12;-20.709;14.559
-21.7613982;-41.3372063;12;-20.709;14.559
-21.7613978;-41.3372073;12;-20.812;14.596
-21.7613978;-41.3372073;12;-20.812;14.596
-21.7613977;-41.3372087;12;-20.950;14.615
-21.7613977;-41.3372087;12;-20.950;14.615
-21.7613972;-41.3372098;12;-21.071;14.670
-21.7613972;-41.3372098;12;-21.071;14.670
-21.7613968;-41.3372108;12;-21.174;14.707
-21.7613968;-41.3372108;12;-21.174;14.707
-21.7613963;-41.3372122;12;-21.312;14.763
-21.7613963;-41.3372122;12;-21.312;14.763
-21.7613963;-41.3372132;12;-21.415;14.763
-21.7613963;-41.3372132;12;-21.415;14.763
-21.7613958;-41.3372143;12;-21.535;14.819
-21.7613958;-41.3372143;12;-21.535;14.819
-21.7613958;-41.3372153;12;-21.639;14.819
-21.7613958;-41.3372153;12;-21.639;14.819
-21.7613957;-41.3372167;12;-21.776;14.837
-21.7613957;-41.3372167;12;-21.776;14.837
-21.7613950;-41.3372175;12;-21.862;14.911
-21.7613950;-41.3372175;12;-21.862;14.911
-21.7613948;-41.3372183;12;-21.948;14.930
-21.7613948;-41.3372183;12;-21.948;14.930
-21.7613947;-41.3372192;12;-22.035;14.948
-21.7613947;-41.3372192;12;-22.035;14.948
-21.7613943;-41.3372203;12;-22.155;14.985
-21.7613943;-41.3372203;12;-22.155;14.985
-21.7613940;-41.3372215;12;-22.275;15.022
-21.7613940;-41.3372215;12;-22.275;15.022
-21.7613937;-41.3372227;12;-22.396;15.059
-21.7613937;-41.3372227;12;-22.396;15.059
-21.7613930;-41.3372237;12;-22.499;15.134
-21.7613930;-41.3372237;12;-22.499;15.134
-21.7613932;-41.3372247;12;-22.603;15.115
-21.7613932;-41.3372247;12;-22.603;15.115
-21.7613930;-41.3372257;12;-22.706;15.134
-21.7613930;-41.3372257;12;-22.706;15.134
-21.7613927;-41.3372267;12;-22.809;15.171
-21.7613927;-41.3372267;12;-22.809;15.171
-21.7613923;-41.3372278;12;-22.929;15.208
-21.7613923;-41.3372278;12;-22.929;15.208
-21.7613920;-41.3372283;12;-22.981;15.245
-21.7613920;-41.3372283;12;-22.981;15.245
-21.7613915;-41.3372297;12;-23.119;15.300
-21.7613915;-41.3372297;12;-23.119;15.300
-21.7613917;-41.3372305;12;-23.205;15.282
-21.7613917;-41.3372305;12;-23.205;15.282
-21.7613913;-41.3372315;12;-23.308;15.319
-21.7613913;-41.3372315;12;-23.308;15.319
-21.7613908;-41.3372327;12;-23.429;15.375
-21.7613908;-41.3372327;12;-23.429;15.375
-21.7613903;-41.3372335;12;-23.515;15.430
-21.7613903;-41.3372335;12;-23.515;15.430
-21.7613902;-41.3372347;12;-23.635;15.449
-21.7613902;-41.3372347;12;-23.635;15.449
-21.7613898;-41.3372355;12;-23.721;15.486
-21.7613898;-41.3372355;12;-23.721;15.486
-21.7613895;-41.3372365;12;-23.825;15.523
-21.7613895;-41.3372365;12;-23.825;15.523
-21.7613892;-41.3372375;12;-23.928;15.560
-21.7613892;-41.3372375;12;-23.928;15.560
-21.7613888;-41.3372387;12;-24.048;15.597
-21.7613888;-41.3372387;12;-24.048;15.597
-21.7613885;-41.3372395;12;-24.134;15.634
-21.7613885;-41.3372395;12;-24.134;15.634
-21.7613883;-41.3372405;12;-24.238;15.653
-21.7613883;-41.3372405;12;-24.238;15.653
-21.7613882;-41.3372413;12;-24.324;15.671
-21.7613882;-41.3372413;12;-24.324;15.671
-21.7613880;-41.3372422;12;-24.410;15.690
-21.7613880;-41.3372422;12;-24.410;15.690
-21.7613875;-41.3372432;12;-24.513;15.745
-21.7613875;-41.3372432;12;-24.513;15.745
-21.7613873;-41.3372442;12;-24.616;15.764
-21.7613873;-41.3372442;12;-24.616;15.764
-21.7613870;-41.3372452;12;-24.720;15.801
-21.7613870;-41.3372452;12;-24.720;15.801
-21.7613868;-41.3372460;12;-24.806;15.819
-21.7613868;-41.3372460;12;-24.806;15.819
-21.7613863;-41.3372470;12;-24.909;15.875
-21.7613863;-41.3372470;12;-24.909;15.875
-21.7613858;-41.3372478;12;-24.995;15.931
-21.7613858;-41.3372478;12;-24.995;15.931
-21.7613857;-41.3372487;12;-25.081;15.949
-21.7613857;-41.3372487;12;-25.081;15.949
-21.7613852;-41.3372495;12;-25.167;16.005
-21.7613852;-41.3372495;12;-25.167;16.005
-21.7613848;-41.3372505;12;-25.270;16.042
-21.7613848;-41.3372505;12;-25.270;16.042
-21.7613843;-41.3372513;12;-25.356;16.097
-21.7613843;-41.3372513;12;-25.356;16.097
-21.7613837;-41.3372522;12;-25.442;16.171
-21.7613837;-41.3372522;12;-25.442;16.171
-21.7613830;-41.3372528;12;-25.511;16.246
-21.7613830;-41.3372528;12;-25.511;16.246
-21.7613823;-41.3372535;12;-25.580;16.320
-21.7613823;-41.3372535;12;-25.580;16.320
-21.7613817;-41.3372540;12;-25.632;16.394
-21.7613817;-41.3372540;12;-25.632;16.394
-21.7613810;-41.3372547;12;-25.701;16.468
-21.7613810;-41.3372547;12;-25.701;16.468
-21.7613803;-41.3372553;12;-25.769;16.542
-21.7613803;-41.3372553;12;-25.769;16.542
-21.7613798;-41.3372560;12;-25.838;16.598
-21.7613798;-41.3372560;12;-25.838;16.598
-21.7613793;-41.3372567;12;-25.907;16.653
-21.7613793;-41.3372567;12;-25.907;16.653
-21.7613785;-41.3372572;12;-25.959;16.746
-21.7613785;-41.3372572;12;-25.959;16.746
-21.7613778;-41.3372577;12;-26.010;16.820
-21.7613778;-41.3372577;12;-26.010;16.820
-21.7613772;-41.3372580;12;-26.045;16.894
-21.7613772;-41.3372580;12;-26.045;16.894
-21.7613767;-41.3372585;12;-26.096;16.950
-21.7613767;-41.3372585;12;-26.096;16.950
-21.7613760;-41.3372588;12;-26.131;17.024
-21.7613760;-41.3372588;12;-26.131;17.024
-21.7613753;-41.3372590;12;-26.148;17.098
-21.7613753;-41.3372590;12;-26.148;17.098
-21.7613745;-41.3372595;12;-26.200;17.191
-21.7613745;-41.3372595;12;-26.200;17.191
-21.7613735;-41.3372597;12;-26.217;17.302
-21.7613735;-41.3372597;12;-26.217;17.302
-21.7613727;-41.3372600;12;-26.251;17.395
-21.7613727;-41.3372600;12;-26.251;17.395
-21.7613717;-41.3372605;12;-26.303;17.506
-21.7613717;-41.3372605;12;-26.303;17.506
-21.7613712;-41.3372605;12;-26.303;17.561
-21.7613712;-41.3372605;12;-26.303;17.561
-21.7613705;-41.3372607;12;-26.320;17.636
-21.7613705;-41.3372607;12;-26.320;17.636
-21.7613698;-41.3372608;12;-26.337;17.710
-21.7613698;-41.3372608;12;-26.337;17.710
-21.7613693;-41.3372610;12;-26.355;17.765
-21.7613693;-41.3372610;12;-26.355;17.765
-21.7613687;-41.3372610;12;-26.355;17.839
-21.7613687;-41.3372610;12;-26.355;17.839
-21.7613680;-41.3372608;12;-26.337;17.914
-21.7613680;-41.3372608;12;-26.337;17.914
-21.7613678;-41.3372608;12;-26.337;17.932
-21.7613678;-41.3372608;12;-26.337;17.932
-21.7613672;-41.3372605;12;-26.303;18.006
-21.7613672;-41.3372605;12;-26.303;18.006
-21.7613665;-41.3372602;12;-26.269;18.080
-21.7613665;-41.3372602;12;-26.269;18.080
-21.7613657;-41.3372597;12;-26.217;18.173
-21.7613657;-41.3372597;12;-26.217;18.173
-21.7613652;-41.3372598;12;-26.234;18.229
-21.7613652;-41.3372598;12;-26.234;18.229
-21.7613645;-41.3372592;12;-26.165;18.303
-21.7613645;-41.3372592;12;-26.165;18.303
-21.7613638;-41.3372587;12;-26.114;18.377
-21.7613638;-41.3372587;12;-26.114;18.377
-21.7613632;-41.3372583;12;-26.079;18.451
-21.7613632;-41.3372583;12;-26.079;18.451
-21.7613623;-41.3372582;12;-26.062;18.544
-21.7613623;-41.3372582;12;-26.062;18.544
-21.7613617;-41.3372578;12;-26.028;18.618
-21.7613617;-41.3372578;12;-26.028;18.618
-21.7613610;-41.3372573;12;-25.976;18.692
-21.7613610;-41.3372573;12;-25.976;18.692
-21.7613607;-41.3372570;12;-25.942;18.729
-21.7613607;-41.3372570;12;-25.942;18.729
-21.7613602;-41.3372565;12;-25.890;18.785
-21.7613602;-41.3372565;12;-25.890;18.785
-21.7613595;-41.3372562;12;-25.856;18.859
-21.7613595;-41.3372562;12;-25.856;18.859
-21.7613592;-41.3372558;12;-25.821;18.896
-21.7613592;-41.3372558;12;-25.821;18.896
-21.7613587;-41.3372550;12;-25.735;18.951
-21.7613587;-41.3372550;12;-25.735;18.951
-21.7613582;-41.3372550;12;-25.735;19.007
-21.7613582;-41.3372550;12;-25.735;19.007
-21.7613580;-41.3372545;12;-25.683;19.025
-21.7613580;-41.3372545;12;-25.683;19.025
-21.7613573;-41.3372538;12;-25.615;19.100
-21.7613573;-41.3372538;12;-25.615;19.100
-21.7613568;-41.3372535;12;-25.580;19.155
-21.7613568;-41.3372535;12;-25.580;19.155
-21.7613567;-41.3372533;12;-25.563;19.174
-21.7613567;-41.3372533;12;-25.563;19.174
-21.7613563;-41.3372532;12;-25.546;19.211
-21.7613563;-41.3372532;12;-25.546;19.211
-21.7613555;-41.3372528;12;-25.511;19.303
-21.7613555;-41.3372528;12;-25.511;19.303
-21.7613552;-41.3372525;12;-25.477;19.341
-21.7613552;-41.3372525;12;-25.477;19.341
-21.7613547;-41.3372522;12;-25.442;19.396
-21.7613547;-41.3372522;12;-25.442;19.396
-21.7613543;-41.3372517;12;-25.391;19.433
-21.7613543;-41.3372517;12;-25.391;19.433
-21.7613540;-41.3372512;12;-25.339;19.470
-21.7613540;-41.3372512;12;-25.339;19.470
-21.7613533;-41.3372508;12;-25.305;19.544
-21.7613533;-41.3372508;12;-25.305;19.544
-21.7613527;-41.3372505;12;-25.270;19.618
-21.7613527;-41.3372505;12;-25.270;19.618
-21.7613522;-41.3372500;12;-25.219;19.674
-21.7613522;-41.3372500;12;-25.219;19.674
-21.7613517;-41.3372497;12;-25.184;19.730
-21.7613517;-41.3372497;12;-25.184;19.730
-21.7613508;-41.3372492;12;-25.133;19.822
-21.7613508;-41.3372492;12;-25.133;19.822
-21.7613502;-41.3372490;12;-25.115;19.896
-21.7613502;-41.3372490;12;-25.115;19.896
-21.7613493;-41.3372485;12;-25.064;19.989
-21.7613493;-41.3372485;12;-25.064;19.989
-21.7613487;-41.3372482;12;-25.029;20.063
-21.7613487;-41.3372482;12;-25.029;20.063
-21.7613480;-41.3372475;12;-24.961;20.137
-21.7613480;-41.3372475;12;-24.961;20.137
-21.7613475;-41.3372472;12;-24.926;20.193
-21.7613475;-41.3372472;12;-24.926;20.193
-21.7613467;-41.3372467;12;-24.874;20.286
-21.7613467;-41.3372467;12;-24.874;20.286
-21.7613460;-41.3372460;12;-24.806;20.360
-21.7613460;-41.3372460;12;-24.806;20.360
-21.7613452;-41.3372455;12;-24.754;20.452
-21.7613452;-41.3372455;12;-24.754;20.452
-21.7613443;-41.3372448;12;-24.685;20.545
-21.7613443;-41.3372448;12;-24.685;20.545
-21.7613435;-41.3372443;12;-24.633;20.638
-21.7613435;-41.3372443;12;-24.633;20.638
-21.7613428;-41.3372438;12;-24.582;20.712
-21.7613428;-41.3372438;12;-24.582;20.712
-21.7613422;-41.3372433;12;-24.530;20.786
-21.7613422;-41.3372433;12;-24.530;20.786
-21.7613412;-41.3372428;12;-24.479;20.897
-21.7613412;-41.3372428;12;-24.479;20.897
-21.7613403;-41.3372423;12;-24.427;20.990
-21.7613403;-41.3372423;12;-24.427;20.990
-21.7613397;-41.3372422;12;-24.410;21.064
-21.7613397;-41.3372422;12;-24.410;21.064
-21.7613387;-41.3372415;12;-24.341;21.175
-21.7613387;-41.3372415;12;-24.341;21.175
-21.7613380;-41.3372408;12;-24.272;21.249
-21.7613380;-41.3372408;12;-24.272;21.249
-21.7613372;-41.3372402;12;-24.203;21.342
-21.7613372;-41.3372402;12;-24.203;21.342
-21.7613363;-41.3372395;12;-24.134;21.435
-21.7613363;-41.3372395;12;-24.134;21.435
-21.7613352;-41.3372390;12;-24.083;21.564
-21.7613352;-41.3372390;12;-24.083;21.564
-21.7613343;-41.3372383;12;-24.014;21.657
-21.7613343;-41.3372383;12;-24.014;21.657
-21.7613332;-41.3372375;12;-23.928;21.787
-21.7613332;-41.3372375;12;-23.928;21.787
-21.7613322;-41.3372372;12;-23.893;21.898
-21.7613322;-41.3372372;12;-23.893;21.898
-21.7613310;-41.3372368;12;-23.859;22.028
-21.7613310;-41.3372368;12;-23.859;22.028
-21.7613300;-41.3372363;12;-23.807;22.139
-21.7613300;-41.3372363;12;-23.807;22.139
-21.7613290;-41.3372358;12;-23.756;22.250
-21.7613290;-41.3372358;12;-23.756;22.250
-21.7613280;-41.3372357;12;-23.739;22.361
-21.7613280;-41.3372357;12;-23.739;22.361
-21.7613272;-41.3372353;12;-23.704;22.454
-21.7613272;-41.3372353;12;-23.704;22.454
-21.7613263;-41.3372350;12;-23.670;22.547
-21.7613263;-41.3372350;12;-23.670;22.547
-21.7613252;-41.3372347;12;-23.635;22.676
-21.7613252;-41.3372347;12;-23.635;22.676
-21.7613243;-41.3372343;12;-23.601;22.769
-21.7613243;-41.3372343;12;-23.601;22.769
-21.7613233;-41.3372340;12;-23.566;22.880
-21.7613233;-41.3372340;12;-23.566;22.880
-21.7613225;-41.3372338;12;-23.549;22.973
-21.7613225;-41.3372338;12;-23.549;22.973
-21.7613215;-41.3372335;12;-23.515;23.084
-21.7613215;-41.3372335;12;-23.515;23.084
-21.7613203;-41.3372332;12;-23.480;23.214
-21.7613203;-41.3372332;12;-23.480;23.214
-21.7613193;-41.3372330;12;-23.463;23.325
-21.7613193;-41.3372330;12;-23.463;23.325
-21.7613183;-41.3372330;12;-23.463;23.436
-21.7613183;-41.3372330;12;-23.463;23.436
-21.7613172;-41.3372328;12;-23.446;23.566
-21.7613172;-41.3372328;12;-23.446;23.566
-21.7613162;-41.3372328;12;-23.446;23.677
-21.7613162;-41.3372328;12;-23.446;23.677
-21.7613152;-41.3372327;12;-23.429;23.788
-21.7613152;-41.3372327;12;-23.429;23.788
-21.7613143;-41.3372327;12;-23.429;23.881
-21.7613143;-41.3372327;12;-23.429;23.881
-21.7613133;-41.3372325;12;-23.411;23.992
-21.7613133;-41.3372325;12;-23.411;23.992
-21.7613125;-41.3372323;12;-23.394;24.085
-21.7613125;-41.3372323;12;-23.394;24.085
-21.7613113;-41.3372322;12;-23.377;24.215
-21.7613113;-41.3372322;12;-23.377;24.215
-21.7613102;-41.3372318;12;-23.343;24.344
-21.7613102;-41.3372318;12;-23.343;24.344
-21.7613092;-41.3372318;12;-23.343;24.455
-21.7613092;-41.3372318;12;-23.343;24.455
-21.7613082;-41.3372317;12;-23.325;24.567
-21.7613082;-41.3372317;12;-23.325;24.567
-21.7613070;-41.3372317;12;-23.325;24.696
-21.7613070;-41.3372317;12;-23.325;24.696
-21.7613060;-41.3372313;12;-23.291;24.808
-21.7613060;-41.3372313;12;-23.291;24.808
-21.7613048;-41.3372313;12;-23.291;24.937
-21.7613048;-41.3372313;12;-23.291;24.937
-21.7613037;-41.3372313;12;-23.291;25.067
-21.7613037;-41.3372313;12;-23.291;25.067
-21.7613027;-41.3372310;12;-23.257;25.178
-21.7613027;-41.3372310;12;-23.257;25.178
-21.7613017;-41.3372312;12;-23.274;25.289
-21.7613017;-41.3372312;12;-23.274;25.289
-21.7613007;-41.3372308;12;-23.239;25.401
-21.7613007;-41.3372308;12;-23.239;25.401
-21.7612997;-41.3372307;12;-23.222;25.512
-21.7612997;-41.3372307;12;-23.222;25.512
-21.7612985;-41.3372305;12;-23.205;25.642
-21.7612985;-41.3372305;12;-23.205;25.642
-21.7612975;-41.3372302;12;-23.171;25.753
-21.7612975;-41.3372302;12;-23.171;25.753
-21.7612965;-41.3372300;12;-23.153;25.864
-21.7612965;-41.3372300;12;-23.153;25.864
-21.7612953;-41.3372298;12;-23.136;25.994
-21.7612953;-41.3372298;12;-23.136;25.994
-21.7612942;-41.3372297;12;-23.119;26.123
-21.7612942;-41.3372297;12;-23.119;26.123
-21.7612930;-41.3372297;12;-23.119;26.253
-21.7612930;-41.3372297;12;-23.119;26.253
-21.7612918;-41.3372297;12;-23.119;26.383
-21.7612918;-41.3372297;12;-23.119;26.383
-21.7612907;-41.3372297;12;-23.119;26.513
-21.7612907;-41.3372297;12;-23.119;26.513
-21.7612898;-41.3372295;12;-23.102;26.605
-21.7612898;-41.3372295;12;-23.102;26.605
-21.7612887;-41.3372295;12;-23.102;26.735
-21.7612887;-41.3372295;12;-23.102;26.735
-21.7612877;-41.3372293;12;-23.084;26.846
-21.7612877;-41.3372293;12;-23.084;26.846
-21.7612867;-41.3372292;12;-23.067;26.957
-21.7612867;-41.3372292;12;-23.067;26.957
-21.7612855;-41.3372288;12;-23.033;27.087
-21.7612855;-41.3372288;12;-23.033;27.087
-21.7612845;-41.3372288;12;-23.033;27.198
-21.7612845;-41.3372288;12;-23.033;27.198
-21.7612833;-41.3372288;12;-23.033;27.328
-21.7612833;-41.3372288;12;-23.033;27.328
-21.7612822;-41.3372288;12;-23.033;27.458
-21.7612822;-41.3372288;12;-23.033;27.458
-21.7612813;-41.3372288;12;-23.033;27.550
-21.7612813;-41.3372288;12;-23.033;27.550
-21.7612802;-41.3372290;12;-23.050;27.680
-21.7612802;-41.3372290;12;-23.050;27.680
-21.7612790;-41.3372290;12;-23.050;27.810
-21.7612790;-41.3372290;12;-23.050;27.810
-21.7612780;-41.3372292;12;-23.067;27.921
-21.7612780;-41.3372292;12;-23.067;27.921
-21.7612770;-41.3372290;12;-23.050;28.032
-21.7612770;-41.3372290;12;-23.050;28.032
-21.7612763;-41.3372290;12;-23.050;28.106
-21.7612763;-41.3372290;12;-23.050;28.106
-21.7612752;-41.3372287;12;-23.016;28.236
-21.7612752;-41.3372287;12;-23.016;28.236
-21.7612742;-41.3372287;12;-23.016;28.347
-21.7612742;-41.3372287;12;-23.016;28.347
-21.7612733;-41.3372285;12;-22.998;28.440
-21.7612733;-41.3372285;12;-22.998;28.440
-21.7612723;-41.3372285;12;-22.998;28.551
-21.7612723;-41.3372285;12;-22.998;28.551
-21.7612712;-41.3372283;12;-22.981;28.681
-21.7612712;-41.3372283;12;-22.981;28.681
-21.7612700;-41.3372285;12;-22.998;28.811
-21.7612700;-41.3372285;12;-22.998;28.811
-21.7612690;-41.3372285;12;-22.998;28.922
-21.7612690;-41.3372285;12;-22.998;28.922
-21.7612680;-41.3372285;12;-22.998;29.033
-21.7612680;-41.3372285;12;-22.998;29.033
-21.7612668;-41.3372287;12;-23.016;29.163
-21.7612668;-41.3372287;12;-23.016;29.163
-21.7612660;-41.3372287;12;-23.016;29.255
-21.7612660;-41.3372287;12;-23.016;29.255
-21.7612652;-41.3372288;12;-23.033;29.348
-21.7612652;-41.3372288;12;-23.033;29.348
-21.7612642;-41.3372288;12;-23.033;29.459
-21.7612642;-41.3372288;12;-23.033;29.459
-21.7612632;-41.3372288;12;-23.033;29.570
-21.7612632;-41.3372288;12;-23.033;29.570
-21.7612622;-41.3372287;12;-23.016;29.682
-21.7612622;-41.3372287;12;-23.016;29.682
-21.7612610;-41.3372285;12;-22.998;29.811
-21.7612610;-41.3372285;12;-22.998;29.811
-21.7612598;-41.3372287;12;-23.016;29.941
-21.7612598;-41.3372287;12;-23.016;29.941
-21.7612588;-41.3372285;12;-22.998;30.052
-21.7612588;-41.3372285;12;-22.998;30.052
-21.7612578;-41.3372285;12;-22.998;30.164
-21.7612578;-41.3372285;12;-22.998;30.164
-21.7612568;-41.3372287;12;-23.016;30.275
-21.7612568;-41.3372287;12;-23.016;30.275
-21.7612557;-41.3372287;12;-23.016;30.404
-21.7612557;-41.3372287;12;-23.016;30.404
-21.7612548;-41.3372287;12;-23.016;30.497
-21.7612548;-41.3372287;12;-23.016;30.497
-21.7612537;-41.3372287;12;-23.016;30.627
-21.7612537;-41.3372287;12;-23.016;30.627
-21.7612528;-41.3372288;12;-23.033;30.720
-21.7612528;-41.3372288;12;-23.033;30.720
-21.7612517;-41.3372287;12;-23.016;30.849
-21.7612517;-41.3372287;12;-23.016;30.849
-21.7612507;-41.3372285;12;-22.998;30.960
-21.7612507;-41.3372285;12;-22.998;30.960
-21.7612495;-41.3372285;12;-22.998;31.090
-21.7612495;-41.3372285;12;-22.998;31.090
-21.7612485;-41.3372285;12;-22.998;31.201
-21.7612485;-41.3372285;12;-22.998;31.201
-21.7612473;-41.3372288;12;-23.033;31.331
-21.7612473;-41.3372288;12;-23.033;31.331
-21.7612462;-41.3372287;12;-23.016;31.461
-21.7612462;-41.3372287;12;-23.016;31.461
-21.7612452;-41.3372288;12;-23.033;31.572
-21.7612452;-41.3372288;12;-23.033;31.572
-21.7612442;-41.3372288;12;-23.033;31.683
-21.7612442;-41.3372288;12;-23.033;31.683
-21.7612432;-41.3372292;12;-23.067;31.794
-21.7612432;-41.3372292;12;-23.067;31.794
-21.7612422;-41.3372292;12;-23.067;31.906
-21.7612422;-41.3372292;12;-23.067;31.906
-21.7612412;-41.3372293;12;-23.084;32.017
-21.7612412;-41.3372293;12;-23.084;32.017
-21.7612400;-41.3372293;12;-23.084;32.146
-21.7612400;-41.3372293;12;-23.084;32.146
-21.7612392;-41.3372293;12;-23.084;32.239
-21.7612392;-41.3372293;12;-23.084;32.239
-21.7612378;-41.3372293;12;-23.084;32.387
-21.7612378;-41.3372293;12;-23.084;32.387
-21.7612368;-41.3372293;12;-23.084;32.499
-21.7612368;-41.3372293;12;-23.084;32.499
-21.7612358;-41.3372295;12;-23.102;32.610
-21.7612358;-41.3372295;12;-23.102;32.610
-21.7612345;-41.3372300;12;-23.153;32.758
-21.7612345;-41.3372300;12;-23.153;32.758
-21.7612337;-41.3372303;12;-23.188;32.851
-21.7612337;-41.3372303;12;-23.188;32.851
-21.7612327;-41.3372307;12;-23.222;32.962
-21.7612327;-41.3372307;12;-23.222;32.962
-21.7612315;-41.3372310;12;-23.257;33.092
-21.7612315;-41.3372310;12;-23.257;33.092
-21.7612307;-41.3372315;12;-23.308;33.184
-21.7612307;-41.3372315;12;-23.308;33.184
-21.7612297;-41.3372318;12;-23.343;33.295
-21.7612297;-41.3372318;12;-23.343;33.295
-21.7612287;-41.3372322;12;-23.377;33.407
-21.7612287;-41.3372322;12;-23.377;33.407
-21.7612277;-41.3372325;12;-23.411;33.518
-21.7612277;-41.3372325;12;-23.411;33.518
-21.7612265;-41.3372327;12;-23.429;33.648
-21.7612265;-41.3372327;12;-23.429;33.648
-21.7612255;-41.3372330;12;-23.463;33.759
-21.7612255;-41.3372330;12;-23.463;33.759
-21.7612245;-41.3372333;12;-23.497;33.870
-21.7612245;-41.3372333;12;-23.497;33.870
-21.7612233;-41.3372337;12;-23.532;34.000
-21.7612233;-41.3372337;12;-23.532;34.000
-21.7612223;-41.3372340;12;-23.566;34.111
-21.7612223;-41.3372340;12;-23.566;34.111
-21.7612213;-41.3372343;12;-23.601;34.222
-21.7612213;-41.3372343;12;-23.601;34.222
-21.7612202;-41.3372348;12;-23.652;34.352
-21.7612202;-41.3372348;12;-23.652;34.352
-21.7612195;-41.3372353;12;-23.704;34.426
-21.7612195;-41.3372353;12;-23.704;34.426
-21.7612183;-41.3372358;12;-23.756;34.556
-21.7612183;-41.3372358;12;-23.756;34.556
-21.7612173;-41.3372362;12;-23.790;34.667
-21.7612173;-41.3372362;12;-23.790;34.667
-21.7612163;-41.3372365;12;-23.825;34.778
-21.7612163;-41.3372365;12;-23.825;34.778
-21.7612152;-41.3372368;12;-23.859;34.908
-21.7612152;-41.3372368;12;-23.859;34.908
-21.7612140;-41.3372372;12;-23.893;35.038
-21.7612140;-41.3372372;12;-23.893;35.038
-21.7612132;-41.3372377;12;-23.945;35.130
-21.7612132;-41.3372377;12;-23.945;35.130
-21.7612118;-41.3372378;12;-23.962;35.279
-21.7612118;-41.3372378;12;-23.962;35.279
-21.7612108;-41.3372383;12;-24.014;35.390
-21.7612108;-41.3372383;12;-24.014;35.390
-21.7612098;-41.3372388;12;-24.065;35.501
-21.7612098;-41.3372388;12;-24.065;35.501
-21.7612090;-41.3372393;12;-24.117;35.594
-21.7612090;-41.3372393;12;-24.117;35.594
-21.7612080;-41.3372400;12;-24.186;35.705
-21.7612080;-41.3372400;12;-24.186;35.705
-21.7612072;-41.3372405;12;-24.238;35.797
-21.7612072;-41.3372405;12;-24.238;35.797
-21.7612062;-41.3372412;12;-24.306;35.909
-21.7612062;-41.3372412;12;-24.306;35.909
-21.7612053;-41.3372417;12;-24.358;36.001
-21.7612053;-41.3372417;12;-24.358;36.001
-21.7612042;-41.3372422;12;-24.410;36.131
-21.7612042;-41.3372422;12;-24.410;36.131
-21.7612030;-41.3372428;12;-24.479;36.261
-21.7612030;-41.3372428;12;-24.479;36.261
-21.7612022;-41.3372432;12;-24.513;36.353
-21.7612022;-41.3372432;12;-24.513;36.353
-21.7612012;-41.3372440;12;-24.599;36.465
-21.7612012;-41.3372440;12;-24.599;36.465
-21.7612002;-41.3372448;12;-24.685;36.576
-21.7612002;-41.3372448;12;-24.685;36.576
-21.7611993;-41.3372455;12;-24.754;36.668
-21.7611993;-41.3372455;12;-24.754;36.668
-21.7611985;-41.3372465;12;-24.857;36.761
-21.7611985;-41.3372465;12;-24.857;36.761
-21.7611977;-41.3372475;12;-24.961;36.854
-21.7611977;-41.3372475;12;-24.961;36.854
-21.7611968;-41.3372483;12;-25.047;36.946
-21.7611968;-41.3372483;12;-25.047;36.946
-21.7611963;-41.3372493;12;-25.150;37.002
-21.7611963;-41.3372493;12;-25.150;37.002
-21.7611955;-41.3372500;12;-25.219;37.095
-21.7611955;-41.3372500;12;-25.219;37.095
-21.7611948;-41.3372510;12;-25.322;37.169
-21.7611948;-41.3372510;12;-25.322;37.169
-21.7611940;-41.3372518;12;-25.408;37.261
-21.7611940;-41.3372518;12;-25.408;37.261
-21.7611932;-41.3372527;12;-25.494;37.354
-21.7611932;-41.3372527;12;-25.494;37.354
-21.7611925;-41.3372537;12;-25.597;37.428
-21.7611925;-41.3372537;12;-25.597;37.428
-21.7611918;-41.3372547;12;-25.701;37.502
-21.7611918;-41.3372547;12;-25.701;37.502
-21.7611915;-41.3372557;12;-25.804;37.539
-21.7611915;-41.3372557;12;-25.804;37.539
-21.7611910;-41.3372567;12;-25.907;37.595
-21.7611910;-41.3372567;12;-25.907;37.595
-21.7611903;-41.3372577;12;-26.010;37.669
-21.7611903;-41.3372577;12;-26.010;37.669
-21.7611898;-41.3372588;12;-26.131;37.725
-21.7611898;-41.3372588;12;-26.131;37.725
-21.7611895;-41.3372598;12;-26.234;37.762
-21.7611895;-41.3372598;12;-26.234;37.762
-21.7611892;-41.3372610;12;-26.355;37.799
-21.7611892;-41.3372610;12;-26.355;37.799
-21.7611888;-41.3372618;12;-26.441;37.836
-21.7611888;-41.3372618;12;-26.441;37.836
-21.7611883;-41.3372628;12;-26.544;37.892
-21.7611883;-41.3372628;12;-26.544;37.892
-21.7611877;-41.3372640;12;-26.664;37.966
-21.7611877;-41.3372640;12;-26.664;37.966
-21.7611873;-41.3372650;12;-26.768;38.003
-21.7611873;-41.3372650;12;-26.768;38.003
-21.7611870;-41.3372660;12;-26.871;38.040
-21.7611870;-41.3372660;12;-26.871;38.040
-21.7611867;-41.3372670;12;-26.974;38.077
-21.7611867;-41.3372670;12;-26.974;38.077
-21.7611865;-41.3372677;12;-27.043;38.095
-21.7611865;-41.3372677;12;-27.043;38.095
-21.7611862;-41.3372687;12;-27.146;38.132
-21.7611862;-41.3372687;12;-27.146;38.132
-21.7611860;-41.3372695;12;-27.232;38.151
-21.7611860;-41.3372695;12;-27.232;38.151
-21.7611857;-41.3372705;12;-27.336;38.188
-21.7611857;-41.3372705;12;-27.336;38.188
-21.7611855;-41.3372712;12;-27.405;38.207
-21.7611855;-41.3372712;12;-27.405;38.207
-21.7611853;-41.3372718;12;-27.473;38.225
-21.7611853;-41.3372718;12;-27.473;38.225
-21.7611850;-41.3372728;12;-27.577;38.262
-21.7611850;-41.3372728;12;-27.577;38.262
-21.7611847;-41.3372737;12;-27.663;38.299
-21.7611847;-41.3372737;12;-27.663;38.299
-21.7611842;-41.3372745;12;-27.749;38.355
-21.7611842;-41.3372745;12;-27.749;38.355
-21.7611838;-41.3372755;12;-27.852;38.392
-21.7611838;-41.3372755;12;-27.852;38.392
-21.7611835;-41.3372765;12;-27.955;38.429
-21.7611835;-41.3372765;12;-27.955;38.429
-21.7611832;-41.3372773;12;-28.041;38.466
-21.7611832;-41.3372773;12;-28.041;38.466
-21.7611828;-41.3372783;12;-28.145;38.503
-21.7611828;-41.3372783;12;-28.145;38.503
-21.7611827;-41.3372793;12;-28.248;38.522
-21.7611827;-41.3372793;12;-28.248;38.522
-21.7611825;-41.3372803;12;-28.351;38.540
-21.7611825;-41.3372803;12;-28.351;38.540
-21.7611822;-41.3372813;12;-28.454;38.577
-21.7611822;-41.3372813;12;-28.454;38.577
-21.7611818;-41.3372823;12;-28.558;38.614
-21.7611818;-41.3372823;12;-28.558;38.614
-21.7611815;-41.3372833;12;-28.661;38.651
-21.7611815;-41.3372833;12;-28.661;38.651
-21.7611808;-41.3372843;12;-28.764;38.726
-21.7611808;-41.3372843;12;-28.764;38.726
-21.7611805;-41.3372855;12;-28.885;38.763
-21.7611805;-41.3372855;12;-28.885;38.763
-21.7611802;-41.3372867;12;-29.005;38.800
-21.7611802;-41.3372867;12;-29.005;38.800
-21.7611795;-41.3372877;12;-29.109;38.874
-21.7611795;-41.3372877;12;-29.109;38.874
-21.7611792;-41.3372887;12;-29.212;38.911
-21.7611792;-41.3372887;12;-29.212;38.911
-21.7611788;-41.3372900;12;-29.350;38.948
-21.7611788;-41.3372900;12;-29.350;38.948
-21.7611787;-41.3372910;12;-29.453;38.966
-21.7611787;-41.3372910;12;-29.453;38.966
-21.7611782;-41.3372922;12;-29.573;39.022
-21.7611782;-41.3372922;12;-29.573;39.022
-21.7611780;-41.3372932;12;-29.677;39.041
-21.7611780;-41.3372932;12;-29.677;39.041
-21.7611777;-41.3372942;12;-29.780;39.078
-21.7611777;-41.3372942;12;-29.780;39.078
-21.7611773;-41.3372953;12;-29.900;39.115
-21.7611773;-41.3372953;12;-29.900;39.115
-21.7611770;-41.3372963;12;-30.004;39.152
-21.7611770;-41.3372963;12;-30.004;39.152
-21.7611765;-41.3372973;12;-30.107;39.207
-21.7611765;-41.3372973;12;-30.107;39.207
-21.7611760;-41.3372983;12;-30.210;39.263
-21.7611760;-41.3372983;12;-30.210;39.263
-21.7611755;-41.3372993;12;-30.313;39.319
-21.7611755;-41.3372993;12;-30.313;39.319
-21.7611753;-41.3373005;12;-30.434;39.337
-21.7611753;-41.3373005;12;-30.434;39.337
-21.7611748;-41.3373017;12;-30.554;39.393
-21.7611748;-41.3373017;12;-30.554;39.393
-21.7611747;-41.3373027;12;-30.658;39.411
-21.7611747;-41.3373027;12;-30.658;39.411
-21.7611743;-41.3373038;12;-30.778;39.448
-21.7611743;-41.3373038;12;-30.778;39.448
-21.7611740;-41.3373050;12;-30.899;39.485
-21.7611740;-41.3373050;12;-30.899;39.485
-21.7611742;-41.3373058;12;-30.985;39.467
-21.7611742;-41.3373058;12;-30.985;39.467
-21.7611738;-41.3373070;12;-31.105;39.504
-21.7611738;-41.3373070;12;-31.105;39.504
-21.7611737;-41.3373080;12;-31.208;39.522
-21.7611737;-41.3373080;12;-31.208;39.522
-21.7611732;-41.3373092;12;-31.329;39.578
-21.7611732;-41.3373092;12;-31.329;39.578
-21.7611728;-41.3373102;12;-31.432;39.615
-21.7611728;-41.3373102;12;-31.432;39.615
-21.7611725;-41.3373112;12;-31.535;39.652
-21.7611725;-41.3373112;12;-31.535;39.652
-21.7611722;-41.3373123;12;-31.656;39.689
-21.7611722;-41.3373123;12;-31.656;39.689
-21.7611718;-41.3373133;12;-31.759;39.726
-21.7611718;-41.3373133;12;-31.759;39.726
-21.7611717;-41.3373143;12;-31.862;39.745
-21.7611717;-41.3373143;12;-31.862;39.745
-21.7611715;-41.3373153;12;-31.966;39.763
-21.7611715;-41.3373153;12;-31.966;39.763
-21.7611708;-41.3373162;12;-32.052;39.838
-21.7611708;-41.3373162;12;-32.052;39.838
-21.7611707;-41.3373172;12;-32.155;39.856
-21.7611707;-41.3373172;12;-32.155;39.856
-21.7611705;-41.3373182;12;-32.258;39.875
-21.7611705;-41.3373182;12;-32.258;39.875
-21.7611700;-41.3373192;12;-32.362;39.930
-21.7611700;-41.3373192;12;-32.362;39.930
-21.7611695;-41.3373202;12;-32.465;39.986
-21.7611695;-41.3373202;12;-32.465;39.986
-21.7611690;-41.3373212;12;-32.568;40.041
-21.7611690;-41.3373212;12;-32.568;40.041
-21.7611685;-41.3373223;12;-32.689;40.097
-21.7611685;-41.3373223;12;-32.689;40.097
-21.7611680;-41.3373233;12;-32.792;40.153
-21.7611680;-41.3373233;12;-32.792;40.153
-21.7611675;-41.3373248;12;-32.947;40.208
-21.7611675;-41.3373248;12;-32.947;40.208
-21.7611673;-41.3373260;12;-33.067;40.227
-21.7611673;-41.3373260;12;-33.067;40.227
-21.7611668;-41.3373270;12;-33.171;40.282
-21.7611668;-41.3373270;12;-33.171;40.282
-21.7611667;-41.3373282;12;-33.291;40.301
-21.7611667;-41.3373282;12;-33.291;40.301
-21.7611665;-41.3373292;12;-33.394;40.319
-21.7611665;-41.3373292;12;-33.394;40.319
-21.7611662;-41.3373302;12;-33.498;40.356
-21.7611662;-41.3373302;12;-33.498;40.356
-21.7611658;-41.3373312;12;-33.601;40.393
-21.7611658;-41.3373312;12;-33.601;40.393
-21.7611657;-41.3373323;12;-33.721;40.412
-21.7611657;-41.3373323;12;-33.721;40.412
-21.7611652;-41.3373332;12;-33.807;40.468
-21.7611652;-41.3373332;12;-33.807;40.468
-21.7611648;-41.3373343;12;-33.928;40.505
-21.7611648;-41.3373343;12;-33.928;40.505
-21.7611645;-41.3373353;12;-34.031;40.542
-21.7611645;-41.3373353;12;-34.031;40.542
-21.7611643;-41.3373365;12;-34.152;40.560
-21.7611643;-41.3373365;12;-34.152;40.560
-21.7611640;-41.3373375;12;-34.255;40.597
-21.7611640;-41.3373375;12;-34.255;40.597
-21.7611635;-41.3373385;12;-34.358;40.653
-21.7611635;-41.3373385;12;-34.358;40.653
-21.7611633;-41.3373393;12;-34.444;40.671
-21.7611633;-41.3373393;12;-34.444;40.671
-21.7611632;-41.3373403;12;-34.547;40.690
-21.7611632;-41.3373403;12;-34.547;40.690
-21.7611627;-41.3373412;12;-34.634;40.746
-21.7611627;-41.3373412;12;-34.634;40.746
-21.7611627;-41.3373423;12;-34.754;40.746
-21.7611627;-41.3373423;12;-34.754;40.746
-21.7611622;-41.3373432;12;-34.840;40.801
-21.7611622;-41.3373432;12;-34.840;40.801
-21.7611617;-41.3373442;12;-34.943;40.857
-21.7611617;-41.3373442;12;-34.943;40.857
-21.7611613;-41.3373452;12;-35.047;40.894
-21.7611613;-41.3373452;12;-35.047;40.894
-21.7611610;-41.3373463;12;-35.167;40.931
-21.7611610;-41.3373463;12;-35.167;40.931
-21.7611607;-41.3373473;12;-35.270;40.968
-21.7611607;-41.3373473;12;-35.270;40.968
-21.7611603;-41.3373485;12;-35.391;41.005
-21.7611603;-41.3373485;12;-35.391;41.005
-21.7611602;-41.3373495;12;-35.494;41.024
-21.7611602;-41.3373495;12;-35.494;41.024
-21.7611598;-41.3373505;12;-35.597;41.061
-21.7611598;-41.3373505;12;-35.597;41.061
-21.7611597;-41.3373517;12;-35.718;41.079
-21.7611597;-41.3373517;12;-35.718;41.079
-21.7611593;-41.3373528;12;-35.838;41.116
-21.7611593;-41.3373528;12;-35.838;41.116
-21.7611592;-41.3373538;12;-35.942;41.135
-21.7611592;-41.3373538;12;-35.942;41.135
-21.7611590;-41.3373547;12;-36.028;41.153
-21.7611590;-41.3373547;12;-36.028;41.153
-21.7611585;-41.3373558;12;-36.148;41.209
-21.7611585;-41.3373558;12;-36.148;41.209
-21.7611583;-41.3373572;12;-36.286;41.227
-21.7611583;-41.3373572;12;-36.286;41.227
-21.7611578;-41.3373583;12;-36.406;41.283
-21.7611578;-41.3373583;12;-36.406;41.283
-21.7611575;-41.3373593;12;-36.510;41.320
-21.7611575;-41.3373593;12;-36.510;41.320
-21.7611573;-41.3373605;12;-36.630;41.339
-21.7611573;-41.3373605;12;-36.630;41.339
-21.7611570;-41.3373613;12;-36.716;41.376
-21.7611570;-41.3373613;12;-36.716;41.376
-21.7611567;-41.3373623;12;-36.819;41.413
-21.7611567;-41.3373623;12;-36.819;41.413
-21.7611567;-41.3373633;12;-36.923;41.413
-21.7611567;-41.3373633;12;-36.923;41.413
-21.7611563;-41.3373642;12;-37.009;41.450
-21.7611563;-41.3373642;12;-37.009;41.450
-21.7611562;-41.3373655;12;-37.146;41.468
-21.7611562;-41.3373655;12;-37.146;41.468
-21.7611560;-41.3373665;12;-37.250;41.487
-21.7611560;-41.3373665;12;-37.250;41.487
-21.7611557;-41.3373675;12;-37.353;41.524
-21.7611557;-41.3373675;12;-37.353;41.524
-21.7611552;-41.3373685;12;-37.456;41.579
-21.7611552;-41.3373685;12;-37.456;41.579
-21.7611548;-41.3373695;12;-37.560;41.617
-21.7611548;-41.3373695;12;-37.560;41.617
-21.7611545;-41.3373702;12;-37.628;41.654
-21.7611545;-41.3373702;12;-37.628;41.654
-21.7611542;-41.3373713;12;-37.749;41.691
-21.7611542;-41.3373713;12;-37.749;41.691
-21.7611540;-41.3373725;12;-37.869;41.709
-21.7611540;-41.3373725;12;-37.869;41.709
-21.7611535;-41.3373735;12;-37.973;41.765
-21.7611535;-41.3373735;12;-37.973;41.765
-21.7611533;-41.3373745;12;-38.076;41.783
-21.7611533;-41.3373745;12;-38.076;41.783
-21.7611530;-41.3373755;12;-38.179;41.820
-21.7611530;-41.3373755;12;-38.179;41.820
-21.7611528;-41.3373765;12;-38.282;41.839
-21.7611528;-41.3373765;12;-38.282;41.839
-21.7611523;-41.3373775;12;-38.386;41.895
-21.7611523;-41.3373775;12;-38.386;41.895
-21.7611518;-41.3373783;12;-38.472;41.950
-21.7611518;-41.3373783;12;-38.472;41.950
-21.7611513;-41.3373793;12;-38.575;42.006
-21.7611513;-41.3373793;12;-38.575;42.006
-21.7611510;-41.3373805;12;-38.696;42.043
-21.7611510;-41.3373805;12;-38.696;42.043
-21.7611503;-41.3373817;12;-38.816;42.117
-21.7611503;-41.3373817;12;-38.816;42.117
-21.7611498;-41.3373827;12;-38.919;42.173
-21.7611498;-41.3373827;12;-38.919;42.173
-21.7611495;-41.3373838;12;-39.040;42.210
-21.7611495;-41.3373838;12;-39.040;42.210
-21.7611488;-41.3373847;12;-39.126;42.284
-21.7611488;-41.3373847;12;-39.126;42.284
-21.7611485;-41.3373858;12;-39.246;42.321
-21.7611485;-41.3373858;12;-39.246;42.321
-21.7611480;-41.3373870;12;-39.367;42.376
-21.7611480;-41.3373870;12;-39.367;42.376
-21.7611477;-41.3373880;12;-39.470;42.413
-21.7611477;-41.3373880;12;-39.470;42.413
-21.7611475;-41.3373892;12;-39.591;42.432
-21.7611475;-41.3373892;12;-39.591;42.432
-21.7611472;-41.3373902;12;-39.694;42.469
-21.7611472;-41.3373902;12;-39.694;42.469
-21.7611467;-41.3373912;12;-39.797;42.525
-21.7611467;-41.3373912;12;-39.797;42.525
-21.7611462;-41.3373922;12;-39.900;42.580
-21.7611462;-41.3373922;12;-39.900;42.580
-21.7611455;-41.3373932;12;-40.004;42.654
-21.7611455;-41.3373932;12;-40.004;42.654
-21.7611452;-41.3373943;12;-40.124;42.691
-21.7611452;-41.3373943;12;-40.124;42.691
-21.7611445;-41.3373953;12;-40.227;42.766
-21.7611445;-41.3373953;12;-40.227;42.766
-21.7611443;-41.3373967;12;-40.365;42.784
-21.7611443;-41.3373967;12;-40.365;42.784
-21.7611438;-41.3373977;12;-40.468;42.840
-21.7611438;-41.3373977;12;-40.468;42.840
-21.7611435;-41.3373988;12;-40.589;42.877
-21.7611435;-41.3373988;12;-40.589;42.877
-21.7611432;-41.3373997;12;-40.675;42.914
-21.7611432;-41.3373997;12;-40.675;42.914
-21.7611428;-41.3374007;12;-40.778;42.951
-21.7611428;-41.3374007;12;-40.778;42.951
-21.7611427;-41.3374017;12;-40.881;42.969
-21.7611427;-41.3374017;12;-40.881;42.969
-21.7611422;-41.3374028;12;-41.002;43.025
-21.7611422;-41.3374028;12;-41.002;43.025
-21.7611418;-41.3374037;12;-41.088;43.062
-21.7611418;-41.3374037;12;-41.088;43.062
-21.7611413;-41.3374047;12;-41.191;43.118
-21.7611413;-41.3374047;12;-41.191;43.118
-21.7611408;-41.3374058;12;-41.312;43.173
-21.7611408;-41.3374058;12;-41.312;43.173
-21.7611405;-41.3374070;12;-41.432;43.210
-21.7611405;-41.3374070;12;-41.432;43.210
-21.7611400;-41.3374082;12;-41.553;43.266
-21.7611400;-41.3374082;12;-41.553;43.266
-21.7611397;-41.3374093;12;-41.673;43.303
-21.7611397;-41.3374093;12;-41.673;43.303
-21.7611393;-41.3374105;12;-41.794;43.340
-21.7611393;-41.3374105;12;-41.794;43.340
-21.7611388;-41.3374117;12;-41.914;43.396
-21.7611388;-41.3374117;12;-41.914;43.396
-21.7611387;-41.3374128;12;-42.035;43.414
-21.7611387;-41.3374128;12;-42.035;43.414
-21.7611385;-41.3374140;12;-42.155;43.433
-21.7611385;-41.3374140;12;-42.155;43.433
-21.7611380;-41.3374150;12;-42.258;43.488
-21.7611380;-41.3374150;12;-42.258;43.488
-21.7611378;-41.3374162;12;-42.379;43.507
-21.7611378;-41.3374162;12;-42.379;43.507
-21.7611373;-41.3374175;12;-42.517;43.563
-21.7611373;-41.3374175;12;-42.517;43.563
-21.7611368;-41.3374183;12;-42.603;43.618
-21.7611368;-41.3374183;12;-42.603;43.618
-21.7611365;-41.3374195;12;-42.723;43.655
-21.7611365;-41.3374195;12;-42.723;43.655
-21.7611362;-41.3374208;12;-42.861;43.692
-21.7611362;-41.3374208;12;-42.861;43.692
-21.7611357;-41.3374220;12;-42.981;43.748
-21.7611357;-41.3374220;12;-42.981;43.748
-21.7611355;-41.3374232;12;-43.102;43.766
-21.7611355;-41.3374232;12;-43.102;43.766
-21.7611353;-41.3374245;12;-43.239;43.785
-21.7611353;-41.3374245;12;-43.239;43.785
-21.7611350;-41.3374255;12;-43.343;43.822
-21.7611350;-41.3374255;12;-43.343;43.822
-21.7611348;-41.3374267;12;-43.463;43.841
-21.7611348;-41.3374267;12;-43.463;43.841
-21.7611345;-41.3374275;12;-43.549;43.878
-21.7611345;-41.3374275;12;-43.549;43.878
-21.7611343;-41.3374288;12;-43.687;43.896
-21.7611343;-41.3374288;12;-43.687;43.896
-21.7611338;-41.3374300;12;-43.807;43.952
-21.7611338;-41.3374300;12;-43.807;43.952
-21.7611337;-41.3374312;12;-43.928;43.970
-21.7611337;-41.3374312;12;-43.928;43.970
-21.7611337;-41.3374323;12;-44.048;43.970
-21.7611337;-41.3374323;12;-44.048;43.970
-21.7611332;-41.3374335;12;-44.169;44.026
-21.7611332;-41.3374335;12;-44.169;44.026
-21.7611328;-41.3374347;12;-44.289;44.063
-21.7611328;-41.3374347;12;-44.289;44.063
-21.7611327;-41.3374358;12;-44.410;44.081
-21.7611327;-41.3374358;12;-44.410;44.081
-21.7611322;-41.3374368;12;-44.513;44.137
-21.7611322;-41.3374368;12;-44.513;44.137
-21.7611320;-41.3374380;12;-44.634;44.156
-21.7611320;-41.3374380;12;-44.634;44.156
-21.7611317;-41.3374390;12;-44.737;44.193
-21.7611317;-41.3374390;12;-44.737;44.193
-21.7611315;-41.3374400;12;-44.840;44.211
-21.7611315;-41.3374400;12;-44.840;44.211
-21.7611310;-41.3374410;12;-44.943;44.267
-21.7611310;-41.3374410;12;-44.943;44.267
-21.7611307;-41.3374422;12;-45.064;44.304
-21.7611307;-41.3374422;12;-45.064;44.304
-21.7611302;-41.3374432;12;-45.167;44.359
-21.7611302;-41.3374432;12;-45.167;44.359
-21.7611295;-41.3374443;12;-45.288;44.434
-21.7611295;-41.3374443;12;-45.288;44.434
-21.7611293;-41.3374455;12;-45.408;44.452
-21.7611293;-41.3374455;12;-45.408;44.452
-21.7611290;-41.3374467;12;-45.529;44.489
-21.7611290;-41.3374467;12;-45.529;44.489
-21.7611287;-41.3374478;12;-45.649;44.526
-21.7611287;-41.3374478;12;-45.649;44.526
-21.7611283;-41.3374490;12;-45.770;44.563
-21.7611283;-41.3374490;12;-45.770;44.563
-21.7611280;-41.3374502;12;-45.890;44.600
-21.7611280;-41.3374502;12;-45.890;44.600
-21.7611277;-41.3374513;12;-46.010;44.637
-21.7611277;-41.3374513;12;-46.010;44.637
-21.7611272;-41.3374522;12;-46.097;44.693
-21.7611272;-41.3374522;12;-46.097;44.693
-21.7611268;-41.3374532;12;-46.200;44.730
-21.7611268;-41.3374532;12;-46.200;44.730
-21.7611263;-41.3374543;12;-46.320;44.786
-21.7611263;-41.3374543;12;-46.320;44.786
-21.7611257;-41.3374553;12;-46.424;44.860
-21.7611257;-41.3374553;12;-46.424;44.860
-21.7611253;-41.3374565;12;-46.544;44.897
-21.7611253;-41.3374565;12;-46.544;44.897
-21.7611248;-41.3374577;12;-46.665;44.952
-21.7611248;-41.3374577;12;-46.665;44.952
-21.7611248;-41.3374588;12;-46.785;44.952
-21.7611248;-41.3374588;12;-46.785;44.952
-21.7611242;-41.3374600;12;-46.906;45.027
-21.7611242;-41.3374600;12;-46.906;45.027
-21.7611237;-41.3374610;12;-47.009;45.082
-21.7611237;-41.3374610;12;-47.009;45.082
-21.7611235;-41.3374620;12;-47.112;45.101
-21.7611235;-41.3374620;12;-47.112;45.101
-21.7611232;-41.3374632;12;-47.233;45.138
-21.7611232;-41.3374632;12;-47.233;45.138
-21.7611230;-41.3374643;12;-47.353;45.156
-21.7611230;-41.3374643;12;-47.353;45.156
-21.7611228;-41.3374655;12;-47.474;45.175
-21.7611228;-41.3374655;12;-47.474;45.175
-21.7611223;-41.3374665;12;-47.577;45.230
-21.7611223;-41.3374665;12;-47.577;45.230
-21.7611220;-41.3374677;12;-47.697;45.267
-21.7611220;-41.3374677;12;-47.697;45.267
-21.7611217;-41.3374688;12;-47.818;45.305
-21.7611217;-41.3374688;12;-47.818;45.305
-21.7611212;-41.3374700;12;-47.938;45.360
-21.7611212;-41.3374700;12;-47.938;45.360
-21.7611210;-41.3374713;12;-48.076;45.379
-21.7611210;-41.3374713;12;-48.076;45.379
-21.7611208;-41.3374723;12;-48.179;45.397
-21.7611208;-41.3374723;12;-48.179;45.397
-21.7611205;-41.3374737;12;-48.317;45.434
-21.7611205;-41.3374737;12;-48.317;45.434
-21.7611205;-41.3374748;12;-48.437;45.434
-21.7611205;-41.3374748;12;-48.437;45.434
-21.7611203;-41.3374762;12;-48.575;45.453
-21.7611203;-41.3374762;12;-48.575;45.453
-21.7611203;-41.3374775;12;-48.713;45.453
-21.7611203;-41.3374775;12;-48.713;45.453
-21.7611202;-41.3374785;12;-48.816;45.471
-21.7611202;-41.3374785;12;-48.816;45.471
-21.7611202;-41.3374798;12;-48.954;45.471
-21.7611202;-41.3374798;12;-48.954;45.471
-21.7611200;-41.3374810;12;-49.074;45.490
-21.7611200;-41.3374810;12;-49.074;45.490
-21.7611197;-41.3374823;12;-49.212;45.527
-21.7611197;-41.3374823;12;-49.212;45.527
-21.7611195;-41.3374833;12;-49.315;45.545
-21.7611195;-41.3374833;12;-49.315;45.545
-21.7611195;-41.3374845;12;-49.436;45.545
-21.7611195;-41.3374845;12;-49.436;45.545
-21.7611193;-41.3374857;12;-49.556;45.564
-21.7611193;-41.3374857;12;-49.556;45.564
-21.7611192;-41.3374868;12;-49.677;45.583
-21.7611192;-41.3374868;12;-49.677;45.583
-21.7611188;-41.3374877;12;-49.763;45.620
-21.7611188;-41.3374877;12;-49.763;45.620
-21.7611188;-41.3374888;12;-49.883;45.620
-21.7611188;-41.3374888;12;-49.883;45.620
-21.7611188;-41.3374898;12;-49.986;45.620
-21.7611188;-41.3374898;12;-49.986;45.620
-21.7611187;-41.3374908;12;-50.090;45.638
-21.7611187;-41.3374908;12;-50.090;45.638
-21.7611187;-41.3374920;12;-50.210;45.638
-21.7611187;-41.3374920;12;-50.210;45.638
-21.7611185;-41.3374930;12;-50.313;45.657
-21.7611185;-41.3374930;12;-50.313;45.657
-21.7611182;-41.3374942;12;-50.434;45.694
-21.7611182;-41.3374942;12;-50.434;45.694
-21.7611178;-41.3374953;12;-50.554;45.731
-21.7611178;-41.3374953;12;-50.554;45.731
-21.7611177;-41.3374965;12;-50.675;45.749
-21.7611177;-41.3374965;12;-50.675;45.749
-21.7611177;-41.3374978;12;-50.813;45.749
-21.7611177;-41.3374978;12;-50.813;45.749
-21.7611178;-41.3374990;12;-50.933;45.731
-21.7611178;-41.3374990;12;-50.933;45.731
-21.7611177;-41.3375002;12;-51.054;45.749
-21.7611177;-41.3375002;12;-51.054;45.749
-21.7611173;-41.3375013;12;-51.174;45.786
-21.7611173;-41.3375013;12;-51.174;45.786
-21.7611175;-41.3375025;12;-51.295;45.768
-21.7611175;-41.3375025;12;-51.295;45.768
-21.7611177;-41.3375037;12;-51.415;45.749
-21.7611177;-41.3375037;12;-51.415;45.749
-21.7611177;-41.3375045;12;-51.501;45.749
-21.7611177;-41.3375045;12;-51.501;45.749
-21.7611173;-41.3375055;12;-51.604;45.786
-21.7611173;-41.3375055;12;-51.604;45.786
-21.7611173;-41.3375067;12;-51.725;45.786
-21.7611173;-41.3375067;12;-51.725;45.786
-21.7611170;-41.3375077;12;-51.828;45.823
-21.7611170;-41.3375077;12;-51.828;45.823
-21.7611167;-41.3375090;12;-51.966;45.860
-21.7611167;-41.3375090;12;-51.966;45.860
-21.7611163;-41.3375100;12;-52.069;45.898
-21.7611163;-41.3375100;12;-52.069;45.898
-21.7611165;-41.3375113;12;-52.207;45.879
-21.7611165;-41.3375113;12;-52.207;45.879
-21.7611163;-41.3375127;12;-52.344;45.898
-21.7611163;-41.3375127;12;-52.344;45.898
-21.7611158;-41.3375138;12;-52.465;45.953
-21.7611158;-41.3375138;12;-52.465;45.953
-21.7611157;-41.3375148;12;-52.568;45.972
-21.7611157;-41.3375148;12;-52.568;45.972
-21.7611157;-41.3375160;12;-52.689;45.972
-21.7611157;-41.3375160;12;-52.689;45.972
-21.7611157;-41.3375172;12;-52.809;45.972
-21.7611157;-41.3375172;12;-52.809;45.972
-21.7611155;-41.3375180;12;-52.895;45.990
-21.7611155;-41.3375180;12;-52.895;45.990
-21.7611152;-41.3375190;12;-52.998;46.027
-21.7611152;-41.3375190;12;-52.998;46.027
-21.7611152;-41.3375202;12;-53.119;46.027
-21.7611152;-41.3375202;12;-53.119;46.027
-21.7611147;-41.3375212;12;-53.222;46.083
-21.7611147;-41.3375212;12;-53.222;46.083
-21.7611143;-41.3375225;12;-53.360;46.120
-21.7611143;-41.3375225;12;-53.360;46.120
-21.7611138;-41.3375235;12;-53.463;46.176
-21.7611138;-41.3375235;12;-53.463;46.176
-21.7611140;-41.3375248;12;-53.601;46.157
-21.7611140;-41.3375248;12;-53.601;46.157
-21.7611140;-41.3375262;12;-53.739;46.157
-21.7611140;-41.3375262;12;-53.739;46.157
-21.7611137;-41.3375273;12;-53.859;46.194
-21.7611137;-41.3375273;12;-53.859;46.194
-21.7611137;-41.3375287;12;-53.997;46.194
-21.7611137;-41.3375287;12;-53.997;46.194
-21.7611137;-41.3375300;12;-54.134;46.194
-21.7611137;-41.3375300;12;-54.134;46.194
-21.7611137;-41.3375312;12;-54.255;46.194
-21.7611137;-41.3375312;12;-54.255;46.194
-21.7611133;-41.3375320;12;-54.341;46.231
-21.7611133;-41.3375320;12;-54.341;46.231
-21.7611132;-41.3375332;12;-54.462;46.250
-21.7611132;-41.3375332;12;-54.462;46.250
-21.7611128;-41.3375343;12;-54.582;46.287
-21.7611128;-41.3375343;12;-54.582;46.287
-21.7611127;-41.3375355;12;-54.702;46.305
-21.7611127;-41.3375355;12;-54.702;46.305
-21.7611122;-41.3375368;12;-54.840;46.361
-21.7611122;-41.3375368;12;-54.840;46.361
-21.7611123;-41.3375382;12;-54.978;46.342
-21.7611123;-41.3375382;12;-54.978;46.342
-21.7611122;-41.3375395;12;-55.116;46.361
-21.7611122;-41.3375395;12;-55.116;46.361
-21.7611120;-41.3375407;12;-55.236;46.379
-21.7611120;-41.3375407;12;-55.236;46.379
-21.7611117;-41.3375420;12;-55.374;46.416
-21.7611117;-41.3375420;12;-55.374;46.416
-21.7611118;-41.3375432;12;-55.494;46.398
-21.7611118;-41.3375432;12;-55.494;46.398
-21.7611118;-41.3375445;12;-55.632;46.398
-21.7611118;-41.3375445;12;-55.632;46.398
-21.7611117;-41.3375453;12;-55.718;46.416
-21.7611117;-41.3375453;12;-55.718;46.416
-21.7611113;-41.3375462;12;-55.804;46.454
-21.7611113;-41.3375462;12;-55.804;46.454
-21.7611112;-41.3375472;12;-55.907;46.472
-21.7611112;-41.3375472;12;-55.907;46.472
-21.7611108;-41.3375482;12;-56.011;46.509
-21.7611108;-41.3375482;12;-56.011;46.509
-21.7611105;-41.3375495;12;-56.148;46.546
-21.7611105;-41.3375495;12;-56.148;46.546
-21.7611103;-41.3375508;12;-56.286;46.565
-21.7611103;-41.3375508;12;-56.286;46.565
-21.7611103;-41.3375522;12;-56.424;46.565
-21.7611103;-41.3375522;12;-56.424;46.565
-21.7611102;-41.3375533;12;-56.544;46.583
-21.7611102;-41.3375533;12;-56.544;46.583
-21.7611100;-41.3375545;12;-56.665;46.602
-21.7611100;-41.3375545;12;-56.665;46.602
-21.7611100;-41.3375560;12;-56.819;46.602
-21.7611100;-41.3375560;12;-56.819;46.602
-21.7611098;-41.3375573;12;-56.957;46.620
-21.7611098;-41.3375573;12;-56.957;46.620
-21.7611100;-41.3375583;12;-57.060;46.602
-21.7611100;-41.3375583;12;-57.060;46.602
-21.7611098;-41.3375593;12;-57.164;46.620
-21.7611098;-41.3375593;12;-57.164;46.620
-21.7611097;-41.3375605;12;-57.284;46.639
-21.7611097;-41.3375605;12;-57.284;46.639
-21.7611093;-41.3375617;12;-57.405;46.676
-21.7611093;-41.3375617;12;-57.405;46.676
-21.7611092;-41.3375628;12;-57.525;46.694
-21.7611092;-41.3375628;12;-57.525;46.694
-21.7611088;-41.3375640;12;-57.646;46.732
-21.7611088;-41.3375640;12;-57.646;46.732
-21.7611087;-41.3375652;12;-57.766;46.750
-21.7611087;-41.3375652;12;-57.766;46.750
-21.7611090;-41.3375667;12;-57.921;46.713
-21.7611090;-41.3375667;12;-57.921;46.713
-21.7611088;-41.3375678;12;-58.041;46.732
-21.7611088;-41.3375678;12;-58.041;46.732
-21.7611088;-41.3375692;12;-58.179;46.732
-21.7611088;-41.3375692;12;-58.179;46.732
-21.7611092;-41.3375705;12;-58.317;46.694
-21.7611092;-41.3375705;12;-58.317;46.694
-21.7611092;-41.3375718;12;-58.455;46.694
-21.7611092;-41.3375718;12;-58.455;46.694
-21.7611092;-41.3375727;12;-58.541;46.694
-21.7611092;-41.3375727;12;-58.541;46.694
-21.7611092;-41.3375737;12;-58.644;46.694
-21.7611092;-41.3375737;12;-58.644;46.694
-21.7611090;-41.3375748;12;-58.764;46.713
-21.7611090;-41.3375748;12;-58.764;46.713
-21.7611090;-41.3375760;12;-58.885;46.713
-21.7611090;-41.3375760;12;-58.885;46.713
-21.7611088;-41.3375773;12;-59.023;46.732
-21.7611088;-41.3375773;12;-59.023;46.732
-21.7611087;-41.3375787;12;-59.160;46.750
-21.7611087;-41.3375787;12;-59.160;46.750
-21.7611090;-41.3375798;12;-59.281;46.713
-21.7611090;-41.3375798;12;-59.281;46.713
-21.7611090;-41.3375812;12;-59.419;46.713
-21.7611090;-41.3375812;12;-59.419;46.713
-21.7611090;-41.3375823;12;-59.539;46.713
-21.7611090;-41.3375823;12;-59.539;46.713
-21.7611092;-41.3375835;12;-59.659;46.694
-21.7611092;-41.3375835;12;-59.659;46.694
-21.7611090;-41.3375847;12;-59.780;46.713
-21.7611090;-41.3375847;12;-59.780;46.713
-21.7611090;-41.3375857;12;-59.883;46.713
-21.7611090;-41.3375857;12;-59.883;46.713
-21.7611092;-41.3375865;12;-59.969;46.694
-21.7611092;-41.3375865;12;-59.969;46.694
-21.7611090;-41.3375873;12;-60.055;46.713
-21.7611090;-41.3375873;12;-60.055;46.713
-21.7611088;-41.3375885;12;-60.176;46.732
-21.7611088;-41.3375885;12;-60.176;46.732
-21.7611087;-41.3375898;12;-60.313;46.750
-21.7611087;-41.3375898;12;-60.313;46.750
-21.7611083;-41.3375908;12;-60.417;46.787
-21.7611083;-41.3375908;12;-60.417;46.787
-21.7611083;-41.3375920;12;-60.537;46.787
-21.7611083;-41.3375920;12;-60.537;46.787
-21.7611082;-41.3375933;12;-60.675;46.806
-21.7611082;-41.3375933;12;-60.675;46.806
-21.7611080;-41.3375943;12;-60.778;46.824
-21.7611080;-41.3375943;12;-60.778;46.824
-21.7611078;-41.3375955;12;-60.899;46.843
-21.7611078;-41.3375955;12;-60.899;46.843
-21.7611078;-41.3375968;12;-61.036;46.843
-21.7611078;-41.3375968;12;-61.036;46.843
-21.7611077;-41.3375978;12;-61.140;46.861
-21.7611077;-41.3375978;12;-61.140;46.861
-21.7611073;-41.3375987;12;-61.226;46.898
-21.7611073;-41.3375987;12;-61.226;46.898
-21.7611073;-41.3375995;12;-61.312;46.898
-21.7611073;-41.3375995;12;-61.312;46.898
-21.7611070;-41.3376007;12;-61.432;46.935
-21.7611070;-41.3376007;12;-61.432;46.935
-21.7611065;-41.3376017;12;-61.536;46.991
-21.7611065;-41.3376017;12;-61.536;46.991
-21.7611062;-41.3376030;12;-61.673;47.028
-21.7611062;-41.3376030;12;-61.673;47.028
-21.7611058;-41.3376042;12;-61.794;47.065
-21.7611058;-41.3376042;12;-61.794;47.065
-21.7611055;-41.3376053;12;-61.914;47.102
-21.7611055;-41.3376053;12;-61.914;47.102
-21.7611053;-41.3376065;12;-62.035;47.121
-21.7611053;-41.3376065;12;-62.035;47.121
-21.7611050;-41.3376075;12;-62.138;47.158
-21.7611050;-41.3376075;12;-62.138;47.158
-21.7611047;-41.3376087;12;-62.258;47.195
-21.7611047;-41.3376087;12;-62.258;47.195
-21.7611045;-41.3376098;12;-62.379;47.213
-21.7611045;-41.3376098;12;-62.379;47.213
-21.7611043;-41.3376108;12;-62.482;47.232
-21.7611043;-41.3376108;12;-62.482;47.232
-21.7611040;-41.3376115;12;-62.551;47.269
-21.7611040;-41.3376115;12;-62.551;47.269
-21.7611037;-41.3376125;12;-62.654;47.306
-21.7611037;-41.3376125;12;-62.654;47.306
-21.7611033;-41.3376137;12;-62.775;47.343
-21.7611033;-41.3376137;12;-62.775;47.343
-21.7611027;-41.3376148;12;-62.895;47.417
-21.7611027;-41.3376148;12;-62.895;47.417
-21.7611025;-41.3376160;12;-63.016;47.436
-21.7611025;-41.3376160;12;-63.016;47.436
-21.7611020;-41.3376170;12;-63.119;47.491
-21.7611020;-41.3376170;12;-63.119;47.491
-21.7611018;-41.3376182;12;-63.240;47.510
-21.7611018;-41.3376182;12;-63.240;47.510
-21.7611015;-41.3376192;12;-63.343;47.547
-21.7611015;-41.3376192;12;-63.343;47.547
-21.7611012;-41.3376203;12;-63.463;47.584
-21.7611012;-41.3376203;12;-63.463;47.584
-21.7611010;-41.3376215;12;-63.584;47.603
-21.7611010;-41.3376215;12;-63.584;47.603
-21.7611007;-41.3376225;12;-63.687;47.640
-21.7611007;-41.3376225;12;-63.687;47.640
-21.7611007;-41.3376235;12;-63.790;47.640
-21.7611007;-41.3376235;12;-63.790;47.640
-21.7611003;-41.3376245;12;-63.894;47.677
-21.7611003;-41.3376245;12;-63.894;47.677
-21.7611000;-41.3376257;12;-64.014;47.714
-21.7611000;-41.3376257;12;-64.014;47.714
-21.7610998;-41.3376268;12;-64.134;47.732
-21.7610998;-41.3376268;12;-64.134;47.732
-21.7610993;-41.3376280;12;-64.255;47.788
-21.7610993;-41.3376280;12;-64.255;47.788
-21.7610990;-41.3376290;12;-64.358;47.825
-21.7610990;-41.3376290;12;-64.358;47.825
-21.7610988;-41.3376303;12;-64.496;47.844
-21.7610988;-41.3376303;12;-64.496;47.844
-21.7610985;-41.3376315;12;-64.616;47.881
-21.7610985;-41.3376315;12;-64.616;47.881
-21.7610985;-41.3376323;12;-64.702;47.881
-21.7610985;-41.3376323;12;-64.702;47.881
-21.7610982;-41.3376335;12;-64.823;47.918
-21.7610982;-41.3376335;12;-64.823;47.918
-21.7610980;-41.3376345;12;-64.926;47.936
-21.7610980;-41.3376345;12;-64.926;47.936
-21.7610978;-41.3376357;12;-65.047;47.955
-21.7610978;-41.3376357;12;-65.047;47.955
-21.7610977;-41.3376365;12;-65.133;47.973
-21.7610977;-41.3376365;12;-65.133;47.973
-21.7610973;-41.3376373;12;-65.219;48.010
-21.7610973;-41.3376373;12;-65.219;48.010
-21.7610970;-41.3376383;12;-65.322;48.047
-21.7610970;-41.3376383;12;-65.322;48.047
-21.7610965;-41.3376392;12;-65.408;48.103
-21.7610965;-41.3376392;12;-65.408;48.103
-21.7610962;-41.3376400;12;-65.494;48.140
-21.7610962;-41.3376400;12;-65.494;48.140
-21.7610958;-41.3376410;12;-65.597;48.177
-21.7610958;-41.3376410;12;-65.597;48.177
-21.7610957;-41.3376420;12;-65.701;48.196
-21.7610957;-41.3376420;12;-65.701;48.196
-21.7610953;-41.3376428;12;-65.787;48.233
-21.7610953;-41.3376428;12;-65.787;48.233
-21.7610952;-41.3376437;12;-65.873;48.251
-21.7610952;-41.3376437;12;-65.873;48.251
-21.7610950;-41.3376443;12;-65.942;48.270
-21.7610950;-41.3376443;12;-65.942;48.270
-21.7610948;-41.3376452;12;-66.028;48.288
-21.7610948;-41.3376452;12;-66.028;48.288
-21.7610943;-41.3376462;12;-66.131;48.344
-21.7610943;-41.3376462;12;-66.131;48.344
-21.7610942;-41.3376468;12;-66.200;48.362
-21.7610942;-41.3376468;12;-66.200;48.362
-21.7610935;-41.3376478;12;-66.303;48.437
-21.7610935;-41.3376478;12;-66.303;48.437
-21.7610932;-41.3376485;12;-66.372;48.474
-21.7610932;-41.3376485;12;-66.372;48.474
-21.7610925;-41.3376497;12;-66.493;48.548
-21.7610925;-41.3376497;12;-66.493;48.548
-21.7610918;-41.3376507;12;-66.596;48.622
-21.7610918;-41.3376507;12;-66.596;48.622
-21.7610915;-41.3376517;12;-66.699;48.659
-21.7610915;-41.3376517;12;-66.699;48.659
-21.7610912;-41.3376525;12;-66.785;48.696
-21.7610912;-41.3376525;12;-66.785;48.696
-21.7610907;-41.3376532;12;-66.854;48.752
-21.7610907;-41.3376532;12;-66.854;48.752
-21.7610903;-41.3376543;12;-66.974;48.789
-21.7610903;-41.3376543;12;-66.974;48.789
-21.7610900;-41.3376553;12;-67.078;48.826
-21.7610900;-41.3376553;12;-67.078;48.826
-21.7610897;-41.3376563;12;-67.181;48.863
-21.7610897;-41.3376563;12;-67.181;48.863
-21.7610892;-41.3376572;12;-67.267;48.918
-21.7610892;-41.3376572;12;-67.267;48.918
-21.7610890;-41.3376582;12;-67.370;48.937
-21.7610890;-41.3376582;12;-67.370;48.937
-21.7610883;-41.3376593;12;-67.491;49.011
-21.7610883;-41.3376593;12;-67.491;49.011
-21.7610880;-41.3376603;12;-67.594;49.048
-21.7610880;-41.3376603;12;-67.594;49.048
-21.7610873;-41.3376617;12;-67.732;49.122
-21.7610873;-41.3376617;12;-67.732;49.122
-21.7610872;-41.3376630;12;-67.869;49.141
-21.7610872;-41.3376630;12;-67.869;49.141
-21.7610870;-41.3376642;12;-67.990;49.159
-21.7610870;-41.3376642;12;-67.990;49.159
-21.7610867;-41.3376653;12;-68.110;49.196
-21.7610867;-41.3376653;12;-68.110;49.196
-21.7610865;-41.3376667;12;-68.248;49.215
-21.7610865;-41.3376667;12;-68.248;49.215
-21.7610863;-41.3376675;12;-68.334;49.233
-21.7610863;-41.3376675;12;-68.334;49.233
-21.7610863;-41.3376688;12;-68.472;49.233
-21.7610863;-41.3376688;12;-68.472;49.233
-21.7610863;-41.3376697;12;-68.558;49.233
-21.7610863;-41.3376697;12;-68.558;49.233
-21.7610862;-41.3376708;12;-68.678;49.252
-21.7610862;-41.3376708;12;-68.678;49.252
-21.7610862;-41.3376718;12;-68.782;49.252
-21.7610862;-41.3376718;12;-68.782;49.252
-21.7610863;-41.3376728;12;-68.885;49.233
-21.7610863;-41.3376728;12;-68.885;49.233
-21.7610862;-41.3376740;12;-69.005;49.252
-21.7610862;-41.3376740;12;-69.005;49.252
-21.7610860;-41.3376757;12;-69.178;49.271
-21.7610860;-41.3376757;12;-69.178;49.271
-21.7610862;-41.3376768;12;-69.298;49.252
-21.7610862;-41.3376768;12;-69.298;49.252
-21.7610862;-41.3376783;12;-69.453;49.252
-21.7610862;-41.3376783;12;-69.453;49.252
-21.7610862;-41.3376795;12;-69.573;49.252
-21.7610862;-41.3376795;12;-69.573;49.252
-21.7610863;-41.3376807;12;-69.694;49.233
-21.7610863;-41.3376807;12;-69.694;49.233
-21.7610860;-41.3376818;12;-69.814;49.271
-21.7610860;-41.3376818;12;-69.814;49.271
-21.7610862;-41.3376827;12;-69.900;49.252
-21.7610862;-41.3376827;12;-69.900;49.252
-21.7610863;-41.3376837;12;-70.004;49.233
-21.7610863;-41.3376837;12;-70.004;49.233
-21.7610862;-41.3376848;12;-70.124;49.252
-21.7610862;-41.3376848;12;-70.124;49.252
-21.7610863;-41.3376860;12;-70.245;49.233
-21.7610863;-41.3376860;12;-70.245;49.233
-21.7610865;-41.3376870;12;-70.348;49.215
-21.7610865;-41.3376870;12;-70.348;49.215
-21.7610865;-41.3376882;12;-70.468;49.215
-21.7610865;-41.3376882;12;-70.468;49.215
-21.7610865;-41.3376897;12;-70.623;49.215
-21.7610865;-41.3376897;12;-70.623;49.215
-21.7610868;-41.3376907;12;-70.727;49.178
-21.7610868;-41.3376907;12;-70.727;49.178
-21.7610870;-41.3376922;12;-70.882;49.159
-21.7610870;-41.3376922;12;-70.882;49.159
-21.7610870;-41.3376933;12;-71.002;49.159
-21.7610870;-41.3376933;12;-71.002;49.159
-21.7610873;-41.3376947;12;-71.140;49.122
-21.7610873;-41.3376947;12;-71.140;49.122
-21.7610875;-41.3376958;12;-71.260;49.104
-21.7610875;-41.3376958;12;-71.260;49.104
-21.7610875;-41.3376973;12;-71.415;49.104
-21.7610875;-41.3376973;12;-71.415;49.104
-21.7610880;-41.3376982;12;-71.501;49.048
-21.7610880;-41.3376982;12;-71.501;49.048
-21.7610880;-41.3376992;12;-71.604;49.048
-21.7610880;-41.3376992;12;-71.604;49.048
-21.7610882;-41.3377005;12;-71.742;49.030
-21.7610882;-41.3377005;12;-71.742;49.030
-21.7610882;-41.3377018;12;-71.880;49.030
-21.7610882;-41.3377018;12;-71.880;49.030
-21.7610883;-41.3377028;12;-71.983;49.011
-21.7610883;-41.3377028;12;-71.983;49.011
-21.7610885;-41.3377040;12;-72.104;48.993
-21.7610885;-41.3377040;12;-72.104;48.993
-21.7610885;-41.3377055;12;-72.258;48.993
-21.7610885;-41.3377055;12;-72.258;48.993
-21.7610888;-41.3377067;12;-72.379;48.955
-21.7610888;-41.3377067;12;-72.379;48.955
-21.7610893;-41.3377080;12;-72.517;48.900
-21.7610893;-41.3377080;12;-72.517;48.900
-21.7610895;-41.3377093;12;-72.654;48.881
-21.7610895;-41.3377093;12;-72.654;48.881
-21.7610900;-41.3377102;12;-72.740;48.826
-21.7610900;-41.3377102;12;-72.740;48.826
-21.7610903;-41.3377113;12;-72.861;48.789
-21.7610903;-41.3377113;12;-72.861;48.789
-21.7610908;-41.3377125;12;-72.981;48.733
-21.7610908;-41.3377125;12;-72.981;48.733
-21.7610912;-41.3377137;12;-73.102;48.696
-21.7610912;-41.3377137;12;-73.102;48.696
-21.7610915;-41.3377150;12;-73.240;48.659
-21.7610915;-41.3377150;12;-73.240;48.659
-21.7610917;-41.3377160;12;-73.343;48.640
-21.7610917;-41.3377160;12;-73.343;48.640
-21.7610918;-41.3377172;12;-73.463;48.622
-21.7610918;-41.3377172;12;-73.463;48.622
-21.7610923;-41.3377185;12;-73.601;48.566
-21.7610923;-41.3377185;12;-73.601;48.566
-21.7610928;-41.3377198;12;-73.739;48.511
-21.7610928;-41.3377198;12;-73.739;48.511
-21.7610937;-41.3377210;12;-73.859;48.418
-21.7610937;-41.3377210;12;-73.859;48.418
-21.7610945;-41.3377222;12;-73.980;48.325
-21.7610945;-41.3377222;12;-73.980;48.325
-21.7610950;-41.3377233;12;-74.100;48.270
-21.7610950;-41.3377233;12;-74.100;48.270
-21.7610957;-41.3377242;12;-74.186;48.196
-21.7610957;-41.3377242;12;-74.186;48.196
-21.7610960;-41.3377250;12;-74.272;48.159
-21.7610960;-41.3377250;12;-74.272;48.159
-21.7610967;-41.3377262;12;-74.393;48.084
-21.7610967;-41.3377262;12;-74.393;48.084
-21.7610973;-41.3377272;12;-74.496;48.010
-21.7610973;-41.3377272;12;-74.496;48.010
-21.7610978;-41.3377283;12;-74.616;47.955
-21.7610978;-41.3377283;12;-74.616;47.955
-21.7610988;-41.3377293;12;-74.720;47.844
-21.7610988;-41.3377293;12;-74.720;47.844
-21.7610995;-41.3377305;12;-74.840;47.769
-21.7610995;-41.3377305;12;-74.840;47.769
-21.7611007;-41.3377313;12;-74.926;47.640
-21.7611007;-41.3377313;12;-74.926;47.640
-21.7611017;-41.3377323;12;-75.030;47.528
-21.7611017;-41.3377323;12;-75.030;47.528
-21.7611027;-41.3377330;12;-75.098;47.417
-21.7611027;-41.3377330;12;-75.098;47.417
-21.7611035;-41.3377340;12;-75.202;47.325
-21.7611035;-41.3377340;12;-75.202;47.325
-21.7611047;-41.3377348;12;-75.288;47.195
-21.7611047;-41.3377348;12;-75.288;47.195
-21.7611050;-41.3377355;12;-75.357;47.158
-21.7611050;-41.3377355;12;-75.357;47.158
-21.7611055;-41.3377358;12;-75.391;47.102
-21.7611055;-41.3377358;12;-75.391;47.102
-21.7611062;-41.3377367;12;-75.477;47.028
-21.7611062;-41.3377367;12;-75.477;47.028
-21.7611068;-41.3377373;12;-75.546;46.954
-21.7611068;-41.3377373;12;-75.546;46.954
-21.7611075;-41.3377383;12;-75.649;46.880
-21.7611075;-41.3377383;12;-75.649;46.880
-21.7611083;-41.3377392;12;-75.735;46.787
-21.7611083;-41.3377392;12;-75.735;46.787
-21.7611093;-41.3377400;12;-75.821;46.676
-21.7611093;-41.3377400;12;-75.821;46.676
-21.7611105;-41.3377408;12;-75.907;46.546
-21.7611105;-41.3377408;12;-75.907;46.546
-21.7611113;-41.3377415;12;-75.976;46.454
-21.7611113;-41.3377415;12;-75.976;46.454
-21.7611125;-41.3377422;12;-76.045;46.324
-21.7611125;-41.3377422;12;-76.045;46.324
-21.7611132;-41.3377428;12;-76.114;46.250
-21.7611132;-41.3377428;12;-76.114;46.250
-21.7611138;-41.3377435;12;-76.183;46.176
-21.7611138;-41.3377435;12;-76.183;46.176
-21.7611148;-41.3377443;12;-76.269;46.064
-21.7611148;-41.3377443;12;-76.269;46.064
-21.7611155;-41.3377448;12;-76.320;45.990
-21.7611155;-41.3377448;12;-76.320;45.990
-21.7611163;-41.3377457;12;-76.407;45.898
-21.7611163;-41.3377457;12;-76.407;45.898
-21.7611170;-41.3377465;12;-76.493;45.823
-21.7611170;-41.3377465;12;-76.493;45.823
-21.7611178;-41.3377473;12;-76.579;45.731
-21.7611178;-41.3377473;12;-76.579;45.731
-21.7611188;-41.3377482;12;-76.665;45.620
-21.7611188;-41.3377482;12;-76.665;45.620
-21.7611200;-41.3377490;12;-76.751;45.490
-21.7611200;-41.3377490;12;-76.751;45.490
-21.7611208;-41.3377495;12;-76.802;45.397
-21.7611208;-41.3377495;12;-76.802;45.397
-21.7611218;-41.3377502;12;-76.871;45.286
-21.7611218;-41.3377502;12;-76.871;45.286
-21.7611228;-41.3377507;12;-76.923;45.175
-21.7611228;-41.3377507;12;-76.923;45.175
-21.7611240;-41.3377513;12;-76.992;45.045
-21.7611240;-41.3377513;12;-76.992;45.045
-21.7611250;-41.3377518;12;-77.043;44.934
-21.7611250;-41.3377518;12;-77.043;44.934
-21.7611258;-41.3377523;12;-77.095;44.841
-21.7611258;-41.3377523;12;-77.095;44.841
-21.7611267;-41.3377528;12;-77.147;44.749
-21.7611267;-41.3377528;12;-77.147;44.749
-21.7611275;-41.3377535;12;-77.215;44.656
-21.7611275;-41.3377535;12;-77.215;44.656
-21.7611280;-41.3377542;12;-77.284;44.600
-21.7611280;-41.3377542;12;-77.284;44.600
-21.7611290;-41.3377547;12;-77.336;44.489
-21.7611290;-41.3377547;12;-77.336;44.489
-21.7611298;-41.3377552;12;-77.388;44.397
-21.7611298;-41.3377552;12;-77.388;44.397
-21.7611308;-41.3377555;12;-77.422;44.285
-21.7611308;-41.3377555;12;-77.422;44.285
-21.7611318;-41.3377562;12;-77.491;44.174
-21.7611318;-41.3377562;12;-77.491;44.174
-21.7611328;-41.3377565;12;-77.525;44.063
-21.7611328;-41.3377565;12;-77.525;44.063
-21.7611340;-41.3377570;12;-77.577;43.933
-21.7611340;-41.3377570;12;-77.577;43.933
-21.7611350;-41.3377575;12;-77.629;43.822
-21.7611350;-41.3377575;12;-77.629;43.822
-21.7611362;-41.3377577;12;-77.646;43.692
-21.7611362;-41.3377577;12;-77.646;43.692
-21.7611370;-41.3377580;12;-77.680;43.600
-21.7611370;-41.3377580;12;-77.680;43.600
-21.7611382;-41.3377587;12;-77.749;43.470
-21.7611382;-41.3377587;12;-77.749;43.470
-21.7611395;-41.3377590;12;-77.783;43.322
-21.7611395;-41.3377590;12;-77.783;43.322
-21.7611405;-41.3377595;12;-77.835;43.210
-21.7611405;-41.3377595;12;-77.835;43.210
-21.7611413;-41.3377602;12;-77.904;43.118
-21.7611413;-41.3377602;12;-77.904;43.118
-21.7611425;-41.3377603;12;-77.921;42.988
-21.7611425;-41.3377603;12;-77.921;42.988
-21.7611437;-41.3377605;12;-77.938;42.858
-21.7611437;-41.3377605;12;-77.938;42.858
-21.7611448;-41.3377610;12;-77.990;42.729
-21.7611448;-41.3377610;12;-77.990;42.729
-21.7611460;-41.3377613;12;-78.024;42.599
-21.7611460;-41.3377613;12;-78.024;42.599
-21.7611472;-41.3377618;12;-78.076;42.469
-21.7611472;-41.3377618;12;-78.076;42.469
-21.7611482;-41.3377620;12;-78.093;42.358
-21.7611482;-41.3377620;12;-78.093;42.358
-21.7611488;-41.3377623;12;-78.128;42.284
-21.7611488;-41.3377623;12;-78.128;42.284
-21.7611498;-41.3377627;12;-78.162;42.173
-21.7611498;-41.3377627;12;-78.162;42.173
-21.7611508;-41.3377632;12;-78.214;42.061
-21.7611508;-41.3377632;12;-78.214;42.061
-21.7611520;-41.3377637;12;-78.265;41.932
-21.7611520;-41.3377637;12;-78.265;41.932
-21.7611532;-41.3377643;12;-78.334;41.802
-21.7611532;-41.3377643;12;-78.334;41.802
-21.7611543;-41.3377647;12;-78.369;41.672
-21.7611543;-41.3377647;12;-78.369;41.672
-21.7611555;-41.3377648;12;-78.386;41.542
-21.7611555;-41.3377648;12;-78.386;41.542
-21.7611565;-41.3377653;12;-78.437;41.431
-21.7611565;-41.3377653;12;-78.437;41.431
-21.7611577;-41.3377657;12;-78.472;41.302
-21.7611577;-41.3377657;12;-78.472;41.302
-21.7611588;-41.3377660;12;-78.506;41.172
-21.7611588;-41.3377660;12;-78.506;41.172
-21.7611600;-41.3377663;12;-78.541;41.042
-21.7611600;-41.3377663;12;-78.541;41.042
-21.7611610;-41.3377665;12;-78.558;40.931
-21.7611610;-41.3377665;12;-78.558;40.931
-21.7611618;-41.3377667;12;-78.575;40.838
-21.7611618;-41.3377667;12;-78.575;40.838
-21.7611630;-41.3377670;12;-78.610;40.708
-21.7611630;-41.3377670;12;-78.610;40.708
-21.7611640;-41.3377677;12;-78.678;40.597
-21.7611640;-41.3377677;12;-78.678;40.597
-21.7611652;-41.3377680;12;-78.713;40.468
-21.7611652;-41.3377680;12;-78.713;40.468
-21.7611662;-41.3377683;12;-78.747;40.356
-21.7611662;-41.3377683;12;-78.747;40.356
-21.7611673;-41.3377685;12;-78.765;40.227
-21.7611673;-41.3377685;12;-78.765;40.227
-21.7611685;-41.3377688;12;-78.799;40.097
-21.7611685;-41.3377688;12;-78.799;40.097
-21.7611697;-41.3377693;12;-78.851;39.967
-21.7611697;-41.3377693;12;-78.851;39.967
-21.7611707;-41.3377693;12;-78.851;39.856
-21.7611707;-41.3377693;12;-78.851;39.856
-21.7611718;-41.3377697;12;-78.885;39.726
-21.7611718;-41.3377697;12;-78.885;39.726
-21.7611730;-41.3377698;12;-78.902;39.597
-21.7611730;-41.3377698;12;-78.902;39.597
-21.7611740;-41.3377702;12;-78.937;39.485
-21.7611740;-41.3377702;12;-78.937;39.485
-21.7611748;-41.3377703;12;-78.954;39.393
-21.7611748;-41.3377703;12;-78.954;39.393
-21.7611758;-41.3377708;12;-79.005;39.282
-21.7611758;-41.3377708;12;-79.005;39.282
-21.7611768;-41.3377713;12;-79.057;39.170
-21.7611768;-41.3377713;12;-79.057;39.170
-21.7611780;-41.3377718;12;-79.109;39.041
-21.7611780;-41.3377718;12;-79.109;39.041
-21.7611792;-41.3377722;12;-79.143;38.911
-21.7611792;-41.3377722;12;-79.143;38.911
-21.7611803;-41.3377725;12;-79.178;38.781
-21.7611803;-41.3377725;12;-79.178;38.781
-21.7611813;-41.3377727;12;-79.195;38.670
-21.7611813;-41.3377727;12;-79.195;38.670
-21.7611825;-41.3377732;12;-79.246;38.540
-21.7611825;-41.3377732;12;-79.246;38.540
-21.7611835;-41.3377735;12;-79.281;38.429
-21.7611835;-41.3377735;12;-79.281;38.429
-21.7611845;-41.3377738;12;-79.315;38.318
-21.7611845;-41.3377738;12;-79.315;38.318
-21.7611855;-41.3377742;12;-79.350;38.207
-21.7611855;-41.3377742;12;-79.350;38.207
-21.7611865;-41.3377745;12;-79.384;38.095
-21.7611865;-41.3377745;12;-79.384;38.095
-21.7611875;-41.3377750;12;-79.436;37.984
-21.7611875;-41.3377750;12;-79.436;37.984
-21.7611885;-41.3377755;12;-79.487;37.873
-21.7611885;-41.3377755;12;-79.487;37.873
-21.7611895;-41.3377760;12;-79.539;37.762
-21.7611895;-41.3377760;12;-79.539;37.762
-21.7611905;-41.3377763;12;-79.573;37.651
-21.7611905;-41.3377763;12;-79.573;37.651
-21.7611918;-41.3377767;12;-79.608;37.502
-21.7611918;-41.3377767;12;-79.608;37.502
-21.7611930;-41.3377770;12;-79.642;37.373
-21.7611930;-41.3377770;12;-79.642;37.373
-21.7611940;-41.3377773;12;-79.677;37.261
-21.7611940;-41.3377773;12;-79.677;37.261
-21.7611952;-41.3377775;12;-79.694;37.132
-21.7611952;-41.3377775;12;-79.694;37.132
-21.7611970;-41.3377778;12;-79.728;36.928
-21.7611970;-41.3377778;12;-79.728;36.928
-21.7611980;-41.3377782;12;-79.763;36.817
-21.7611980;-41.3377782;12;-79.763;36.817
-21.7611990;-41.3377785;12;-79.797;36.705
-21.7611990;-41.3377785;12;-79.797;36.705
-21.7612000;-41.3377790;12;-79.849;36.594
-21.7612000;-41.3377790;12;-79.849;36.594
-21.7612010;-41.3377795;12;-79.900;36.483
-21.7612010;-41.3377795;12;-79.900;36.483
-21.7612022;-41.3377798;12;-79.935;36.353
-21.7612022;-41.3377798;12;-79.935;36.353
-21.7612035;-41.3377800;12;-79.952;36.205
-21.7612035;-41.3377800;12;-79.952;36.205
-21.7612047;-41.3377802;12;-79.969;36.075
-21.7612047;-41.3377802;12;-79.969;36.075
-21.7612057;-41.3377803;12;-79.987;35.964
-21.7612057;-41.3377803;12;-79.987;35.964
-21.7612068;-41.3377805;12;-80.004;35.834
-21.7612068;-41.3377805;12;-80.004;35.834
-21.7612080;-41.3377807;12;-80.021;35.705
-21.7612080;-41.3377807;12;-80.021;35.705
-21.7612092;-41.3377808;12;-80.038;35.575
-21.7612092;-41.3377808;12;-80.038;35.575
-21.7612102;-41.3377808;12;-80.038;35.464
-21.7612102;-41.3377808;12;-80.038;35.464
-21.7612112;-41.3377810;12;-80.055;35.353
-21.7612112;-41.3377810;12;-80.055;35.353
-21.7612122;-41.3377815;12;-80.107;35.241
-21.7612122;-41.3377815;12;-80.107;35.241
-21.7612133;-41.3377818;12;-80.141;35.112
-21.7612133;-41.3377818;12;-80.141;35.112
-21.7612145;-41.3377822;12;-80.176;34.982
-21.7612145;-41.3377822;12;-80.176;34.982
-21.7612158;-41.3377823;12;-80.193;34.834
-21.7612158;-41.3377823;12;-80.193;34.834
-21.7612172;-41.3377823;12;-80.193;34.685
-21.7612172;-41.3377823;12;-80.193;34.685
-21.7612195;-41.3377827;12;-80.228;34.426
-21.7612195;-41.3377827;12;-80.228;34.426
-21.7612205;-41.3377828;12;-80.245;34.315
-21.7612205;-41.3377828;12;-80.245;34.315
-21.7612215;-41.3377830;12;-80.262;34.204
-21.7612215;-41.3377830;12;-80.262;34.204
-21.7612225;-41.3377832;12;-80.279;34.092
-21.7612225;-41.3377832;12;-80.279;34.092
-21.7612237;-41.3377833;12;-80.296;33.963
-21.7612237;-41.3377833;12;-80.296;33.963
-21.7612247;-41.3377837;12;-80.331;33.851
-21.7612247;-41.3377837;12;-80.331;33.851
-21.7612257;-41.3377842;12;-80.382;33.740
-21.7612257;-41.3377842;12;-80.382;33.740
-21.7612268;-41.3377845;12;-80.417;33.611
-21.7612268;-41.3377845;12;-80.417;33.611
-21.7612278;-41.3377848;12;-80.451;33.499
-21.7612278;-41.3377848;12;-80.451;33.499
-21.7612300;-41.3377855;12;-80.520;33.258
-21.7612300;-41.3377855;12;-80.520;33.258
-21.7612312;-41.3377858;12;-80.554;33.129
-21.7612312;-41.3377858;12;-80.554;33.129
-21.7612322;-41.3377862;12;-80.589;33.017
-21.7612322;-41.3377862;12;-80.589;33.017
-21.7612332;-41.3377865;12;-80.623;32.906
-21.7612332;-41.3377865;12;-80.623;32.906
-21.7612343;-41.3377867;12;-80.641;32.777
-21.7612343;-41.3377867;12;-80.641;32.777
-21.7612353;-41.3377868;12;-80.658;32.665
-21.7612353;-41.3377868;12;-80.658;32.665
-21.7612362;-41.3377873;12;-80.709;32.573
-21.7612362;-41.3377873;12;-80.709;32.573
-21.7612370;-41.3377878;12;-80.761;32.480
-21.7612370;-41.3377878;12;-80.761;32.480
-21.7612380;-41.3377882;12;-80.796;32.369
-21.7612380;-41.3377882;12;-80.796;32.369
-21.7612392;-41.3377887;12;-80.847;32.239
-21.7612392;-41.3377887;12;-80.847;32.239
-21.7612403;-41.3377888;12;-80.864;32.109
-21.7612403;-41.3377888;12;-80.864;32.109
-21.7612417;-41.3377892;12;-80.899;31.961
-21.7612417;-41.3377892;12;-80.899;31.961
-21.7612427;-41.3377895;12;-80.933;31.850
-21.7612427;-41.3377895;12;-80.933;31.850
-21.7612440;-41.3377898;12;-80.968;31.702
-21.7612440;-41.3377898;12;-80.968;31.702
-21.7612452;-41.3377902;12;-81.002;31.572
-21.7612452;-41.3377902;12;-81.002;31.572
-21.7612462;-41.3377905;12;-81.036;31.461
-21.7612462;-41.3377905;12;-81.036;31.461
-21.7612470;-41.3377907;12;-81.054;31.368
-21.7612470;-41.3377907;12;-81.054;31.368
-21.7612480;-41.3377910;12;-81.088;31.257
-21.7612480;-41.3377910;12;-81.088;31.257
-21.7612492;-41.3377912;12;-81.105;31.127
-21.7612492;-41.3377912;12;-81.105;31.127
-21.7612500;-41.3377917;12;-81.157;31.035
-21.7612500;-41.3377917;12;-81.157;31.035
-21.7612512;-41.3377923;12;-81.226;30.905
-21.7612512;-41.3377923;12;-81.226;30.905
-21.7612523;-41.3377927;12;-81.260;30.775
-21.7612523;-41.3377927;12;-81.260;30.775
-21.7612535;-41.3377932;12;-81.312;30.645
-21.7612535;-41.3377932;12;-81.312;30.645
-21.7612545;-41.3377933;12;-81.329;30.534
-21.7612545;-41.3377933;12;-81.329;30.534
-21.7612555;-41.3377937;12;-81.364;30.423
-21.7612555;-41.3377937;12;-81.364;30.423
-21.7612567;-41.3377942;12;-81.415;30.293
-21.7612567;-41.3377942;12;-81.415;30.293
-21.7612578;-41.3377943;12;-81.432;30.164
-21.7612578;-41.3377943;12;-81.432;30.164
-21.7612588;-41.3377945;12;-81.450;30.052
-21.7612588;-41.3377945;12;-81.450;30.052
-21.7612597;-41.3377948;12;-81.484;29.960
-21.7612597;-41.3377948;12;-81.484;29.960
-21.7612615;-41.3377957;12;-81.570;29.756
-21.7612615;-41.3377957;12;-81.570;29.756
-21.7612627;-41.3377963;12;-81.639;29.626
-21.7612627;-41.3377963;12;-81.639;29.626
-21.7612638;-41.3377968;12;-81.690;29.496
-21.7612638;-41.3377968;12;-81.690;29.496
-21.7612650;-41.3377973;12;-81.742;29.367
-21.7612650;-41.3377973;12;-81.742;29.367
-21.7612660;-41.3377977;12;-81.777;29.255
-21.7612660;-41.3377977;12;-81.777;29.255
-21.7612670;-41.3377978;12;-81.794;29.144
-21.7612670;-41.3377978;12;-81.794;29.144
-21.7612682;-41.3377985;12;-81.863;29.014
-21.7612682;-41.3377985;12;-81.863;29.014
-21.7612690;-41.3377988;12;-81.897;28.922
-21.7612690;-41.3377988;12;-81.897;28.922
-21.7612700;-41.3377992;12;-81.932;28.811
-21.7612700;-41.3377992;12;-81.932;28.811
-21.7612710;-41.3377995;12;-81.966;28.699
-21.7612710;-41.3377995;12;-81.966;28.699
-21.7612720;-41.3377997;12;-81.983;28.588
-21.7612720;-41.3377997;12;-81.983;28.588
-21.7612730;-41.3378003;12;-82.052;28.477
-21.7612730;-41.3378003;12;-82.052;28.477
-21.7612740;-41.3378008;12;-82.104;28.366
-21.7612740;-41.3378008;12;-82.104;28.366
-21.7612750;-41.3378013;12;-82.155;28.255
-21.7612750;-41.3378013;12;-82.155;28.255
-21.7612758;-41.3378017;12;-82.190;28.162
-21.7612758;-41.3378017;12;-82.190;28.162
-21.7612770;-41.3378020;12;-82.224;28.032
-21.7612770;-41.3378020;12;-82.224;28.032
-21.7612780;-41.3378023;12;-82.258;27.921
-21.7612780;-41.3378023;12;-82.258;27.921
-21.7612790;-41.3378027;12;-82.293;27.810
-21.7612790;-41.3378027;12;-82.293;27.810
-21.7612800;-41.3378030;12;-82.327;27.699
-21.7612800;-41.3378030;12;-82.327;27.699
-21.7612810;-41.3378033;12;-82.362;27.587
-21.7612810;-41.3378033;12;-82.362;27.587
-21.7612820;-41.3378037;12;-82.396;27.476
-21.7612820;-41.3378037;12;-82.396;27.476
-21.7612830;-41.3378038;12;-82.413;27.365
-21.7612830;-41.3378038;12;-82.413;27.365
-21.7612840;-41.3378042;12;-82.448;27.254
-21.7612840;-41.3378042;12;-82.448;27.254
-21.7612850;-41.3378047;12;-82.499;27.143
-21.7612850;-41.3378047;12;-82.499;27.143
-21.7612862;-41.3378053;12;-82.568;27.013
-21.7612862;-41.3378053;12;-82.568;27.013
-21.7612870;-41.3378055;12;-82.586;26.920
-21.7612870;-41.3378055;12;-82.586;26.920
-21.7612882;-41.3378060;12;-82.637;26.791
-21.7612882;-41.3378060;12;-82.637;26.791
-21.7612893;-41.3378062;12;-82.654;26.661
-21.7612893;-41.3378062;12;-82.654;26.661
-21.7612903;-41.3378063;12;-82.672;26.550
-21.7612903;-41.3378063;12;-82.672;26.550
-21.7612915;-41.3378068;12;-82.723;26.420
-21.7612915;-41.3378068;12;-82.723;26.420
-21.7612925;-41.3378068;12;-82.723;26.309
-21.7612925;-41.3378068;12;-82.723;26.309
-21.7612937;-41.3378072;12;-82.758;26.179
-21.7612937;-41.3378072;12;-82.758;26.179
-21.7612948;-41.3378073;12;-82.775;26.049
-21.7612948;-41.3378073;12;-82.775;26.049
-21.7612958;-41.3378075;12;-82.792;25.938
-21.7612958;-41.3378075;12;-82.792;25.938
-21.7612968;-41.3378077;12;-82.809;25.827
-21.7612968;-41.3378077;12;-82.809;25.827
-21.7612982;-41.3378080;12;-82.844;25.679
-21.7612982;-41.3378080;12;-82.844;25.679
-21.7612993;-41.3378083;12;-82.878;25.549
-21.7612993;-41.3378083;12;-82.878;25.549
-21.7613005;-41.3378082;12;-82.861;25.419
-21.7613005;-41.3378082;12;-82.861;25.419
-21.7613017;-41.3378083;12;-82.878;25.289
-21.7613017;-41.3378083;12;-82.878;25.289
-21.7613028;-41.3378083;12;-82.878;25.160
-21.7613028;-41.3378083;12;-82.878;25.160
-21.7613040;-41.3378085;12;-82.895;25.030
-21.7613040;-41.3378085;12;-82.895;25.030
-21.7613052;-41.3378085;12;-82.895;24.900
-21.7613052;-41.3378085;12;-82.895;24.900
-21.7613063;-41.3378085;12;-82.895;24.771
-21.7613063;-41.3378085;12;-82.895;24.771
-21.7613075;-41.3378083;12;-82.878;24.641
-21.7613075;-41.3378083;12;-82.878;24.641
-21.7613085;-41.3378082;12;-82.861;24.530
-21.7613085;-41.3378082;12;-82.861;24.530
-21.7613098;-41.3378082;12;-82.861;24.381
-21.7613098;-41.3378082;12;-82.861;24.381
-21.7613110;-41.3378082;12;-82.861;24.252
-21.7613110;-41.3378082;12;-82.861;24.252
-21.7613123;-41.3378080;12;-82.844;24.103
-21.7613123;-41.3378080;12;-82.844;24.103
-21.7613135;-41.3378077;12;-82.809;23.974
-21.7613135;-41.3378077;12;-82.809;23.974
-21.7613148;-41.3378075;12;-82.792;23.825
-21.7613148;-41.3378075;12;-82.792;23.825
-21.7613160;-41.3378068;12;-82.723;23.696
-21.7613160;-41.3378068;12;-82.723;23.696
-21.7613172;-41.3378062;12;-82.654;23.566
-21.7613172;-41.3378062;12;-82.654;23.566
-21.7613180;-41.3378055;12;-82.586;23.473
-21.7613180;-41.3378055;12;-82.586;23.473
-21.7613192;-41.3378050;12;-82.534;23.344
-21.7613192;-41.3378050;12;-82.534;23.344
-21.7613203;-41.3378045;12;-82.482;23.214
-21.7613203;-41.3378045;12;-82.482;23.214
-21.7613212;-41.3378035;12;-82.379;23.121
-21.7613212;-41.3378035;12;-82.379;23.121
-21.7613222;-41.3378028;12;-82.310;23.010
-21.7613222;-41.3378028;12;-82.310;23.010
-21.7613232;-41.3378020;12;-82.224;22.899
-21.7613232;-41.3378020;12;-82.224;22.899
-21.7613242;-41.3378013;12;-82.155;22.788
-21.7613242;-41.3378013;12;-82.155;22.788
-21.7613252;-41.3378007;12;-82.086;22.676
-21.7613252;-41.3378007;12;-82.086;22.676
-21.7613260;-41.3377997;12;-81.983;22.584
-21.7613260;-41.3377997;12;-81.983;22.584
-21.7613268;-41.3377987;12;-81.880;22.491
-21.7613268;-41.3377987;12;-81.880;22.491
-21.7613273;-41.3377978;12;-81.794;22.436
-21.7613273;-41.3377978;12;-81.794;22.436
-21.7613280;-41.3377968;12;-81.690;22.361
-21.7613280;-41.3377968;12;-81.690;22.361
-21.7613285;-41.3377957;12;-81.570;22.306
-21.7613285;-41.3377957;12;-81.570;22.306
-21.7613292;-41.3377945;12;-81.450;22.232
-21.7613292;-41.3377945;12;-81.450;22.232
-21.7613295;-41.3377933;12;-81.329;22.195
-21.7613295;-41.3377933;12;-81.329;22.195
-21.7613298;-41.3377923;12;-81.226;22.158
-21.7613298;-41.3377923;12;-81.226;22.158
-21.7613305;-41.3377912;12;-81.105;22.083
-21.7613305;-41.3377912;12;-81.105;22.083
-21.7613310;-41.3377902;12;-81.002;22.028
-21.7613310;-41.3377902;12;-81.002;22.028
-21.7613317;-41.3377890;12;-80.882;21.954
-21.7613317;-41.3377890;12;-80.882;21.954
-21.7613322;-41.3377880;12;-80.778;21.898
-21.7613322;-41.3377880;12;-80.778;21.898
-21.7613325;-41.3377867;12;-80.641;21.861
-21.7613325;-41.3377867;12;-80.641;21.861
-21.7613328;-41.3377855;12;-80.520;21.824
-21.7613328;-41.3377855;12;-80.520;21.824
-21.7613330;-41.3377843;12;-80.400;21.805
-21.7613330;-41.3377843;12;-80.400;21.805
-21.7613337;-41.3377832;12;-80.279;21.731
-21.7613337;-41.3377832;12;-80.279;21.731
-21.7613338;-41.3377818;12;-80.141;21.713
-21.7613338;-41.3377818;12;-80.141;21.713
-21.7613342;-41.3377808;12;-80.038;21.676
-21.7613342;-41.3377808;12;-80.038;21.676
-21.7613343;-41.3377797;12;-79.918;21.657
-21.7613343;-41.3377797;12;-79.918;21.657
-21.7613348;-41.3377787;12;-79.814;21.602
-21.7613348;-41.3377787;12;-79.814;21.602
-21.7613352;-41.3377777;12;-79.711;21.564
-21.7613352;-41.3377777;12;-79.711;21.564
-21.7613358;-41.3377765;12;-79.591;21.490
-21.7613358;-41.3377765;12;-79.591;21.490
-21.7613362;-41.3377755;12;-79.487;21.453
-21.7613362;-41.3377755;12;-79.487;21.453
-21.7613367;-41.3377747;12;-79.401;21.398
-21.7613367;-41.3377747;12;-79.401;21.398
-21.7613370;-41.3377733;12;-79.264;21.361
-21.7613370;-41.3377733;12;-79.264;21.361
-21.7613373;-41.3377723;12;-79.160;21.324
-21.7613373;-41.3377723;12;-79.160;21.324
-21.7613377;-41.3377713;12;-79.057;21.286
-21.7613377;-41.3377713;12;-79.057;21.286
-21.7613378;-41.3377700;12;-78.919;21.268
-21.7613378;-41.3377700;12;-78.919;21.268
-21.7613383;-41.3377688;12;-78.799;21.212
-21.7613383;-41.3377688;12;-78.799;21.212
-21.7613383;-41.3377677;12;-78.678;21.212
-21.7613383;-41.3377677;12;-78.678;21.212
-21.7613387;-41.3377667;12;-78.575;21.175
-21.7613387;-41.3377667;12;-78.575;21.175
-21.7613388;-41.3377655;12;-78.455;21.157
-21.7613388;-41.3377655;12;-78.455;21.157
-21.7613392;-41.3377643;12;-78.334;21.120
-21.7613392;-41.3377643;12;-78.334;21.120
-21.7613395;-41.3377633;12;-78.231;21.083
-21.7613395;-41.3377633;12;-78.231;21.083
-21.7613398;-41.3377622;12;-78.110;21.046
-21.7613398;-41.3377622;12;-78.110;21.046
-21.7613400;-41.3377610;12;-77.990;21.027
-21.7613400;-41.3377610;12;-77.990;21.027
-21.7613403;-41.3377597;12;-77.852;20.990
-21.7613403;-41.3377597;12;-77.852;20.990
-21.7613405;-41.3377587;12;-77.749;20.971
-21.7613405;-41.3377587;12;-77.749;20.971
-21.7613408;-41.3377575;12;-77.629;20.934
-21.7613408;-41.3377575;12;-77.629;20.934
-21.7613412;-41.3377563;12;-77.508;20.897
-21.7613412;-41.3377563;12;-77.508;20.897
-21.7613412;-41.3377553;12;-77.405;20.897
-21.7613412;-41.3377553;12;-77.405;20.897
-21.7613413;-41.3377543;12;-77.301;20.879
-21.7613413;-41.3377543;12;-77.301;20.879
-21.7613417;-41.3377533;12;-77.198;20.842
-21.7613417;-41.3377533;12;-77.198;20.842
-21.7613420;-41.3377523;12;-77.095;20.805
-21.7613420;-41.3377523;12;-77.095;20.805
-21.7613425;-41.3377512;12;-76.975;20.749
-21.7613425;-41.3377512;12;-76.975;20.749
-21.7613430;-41.3377502;12;-76.871;20.693
-21.7613430;-41.3377502;12;-76.871;20.693
-21.7613433;-41.3377492;12;-76.768;20.656
-21.7613433;-41.3377492;12;-76.768;20.656
-21.7613437;-41.3377480;12;-76.647;20.619
-21.7613437;-41.3377480;12;-76.647;20.619
-21.7613440;-41.3377468;12;-76.527;20.582
-21.7613440;-41.3377468;12;-76.527;20.582
-21.7613445;-41.3377458;12;-76.424;20.527
-21.7613445;-41.3377458;12;-76.424;20.527
-21.7613447;-41.3377448;12;-76.320;20.508
-21.7613447;-41.3377448;12;-76.320;20.508
-21.7613450;-41.3377438;12;-76.217;20.471
-21.7613450;-41.3377438;12;-76.217;20.471
-21.7613453;-41.3377427;12;-76.097;20.434
-21.7613453;-41.3377427;12;-76.097;20.434
-21.7613457;-41.3377415;12;-75.976;20.397
-21.7613457;-41.3377415;12;-75.976;20.397
-21.7613460;-41.3377407;12;-75.890;20.360
-21.7613460;-41.3377407;12;-75.890;20.360
-21.7613462;-41.3377395;12;-75.770;20.341
-21.7613462;-41.3377395;12;-75.770;20.341
-21.7613467;-41.3377383;12;-75.649;20.286
-21.7613467;-41.3377383;12;-75.649;20.286
-21.7613470;-41.3377372;12;-75.529;20.249
-21.7613470;-41.3377372;12;-75.529;20.249
-21.7613475;-41.3377360;12;-75.408;20.193
-21.7613475;-41.3377360;12;-75.408;20.193
-21.7613478;-41.3377348;12;-75.288;20.156
-21.7613478;-41.3377348;12;-75.288;20.156
-21.7613480;-41.3377337;12;-75.167;20.137
-21.7613480;-41.3377337;12;-75.167;20.137
-21.7613483;-41.3377327;12;-75.064;20.100
-21.7613483;-41.3377327;12;-75.064;20.100
-21.7613485;-41.3377313;12;-74.926;20.082
-21.7613485;-41.3377313;12;-74.926;20.082
-21.7613488;-41.3377302;12;-74.806;20.045
-21.7613488;-41.3377302;12;-74.806;20.045
-21.7613488;-41.3377288;12;-74.668;20.045
-21.7613488;-41.3377288;12;-74.668;20.045
-21.7613492;-41.3377280;12;-74.582;20.008
-21.7613492;-41.3377280;12;-74.582;20.008
-21.7613493;-41.3377268;12;-74.462;19.989
-21.7613493;-41.3377268;12;-74.462;19.989
-21.7613497;-41.3377257;12;-74.341;19.952
-21.7613497;-41.3377257;12;-74.341;19.952
-21.7613502;-41.3377243;12;-74.203;19.896
-21.7613502;-41.3377243;12;-74.203;19.896
-21.7613507;-41.3377230;12;-74.066;19.841
-21.7613507;-41.3377230;12;-74.066;19.841
-21.7613510;-41.3377220;12;-73.962;19.804
-21.7613510;-41.3377220;12;-73.962;19.804
-21.7613513;-41.3377207;12;-73.825;19.767
-21.7613513;-41.3377207;12;-73.825;19.767
-21.7613517;-41.3377197;12;-73.721;19.730
-21.7613517;-41.3377197;12;-73.721;19.730
-21.7613518;-41.3377185;12;-73.601;19.711
-21.7613518;-41.3377185;12;-73.601;19.711
-21.7613522;-41.3377173;12;-73.480;19.674
-21.7613522;-41.3377173;12;-73.480;19.674
-21.7613525;-41.3377162;12;-73.360;19.637
-21.7613525;-41.3377162;12;-73.360;19.637
-21.7613528;-41.3377152;12;-73.257;19.600
-21.7613528;-41.3377152;12;-73.257;19.600
-21.7613530;-41.3377143;12;-73.171;19.581
-21.7613530;-41.3377143;12;-73.171;19.581
-21.7613533;-41.3377130;12;-73.033;19.544
-21.7613533;-41.3377130;12;-73.033;19.544
-21.7613538;-41.3377118;12;-72.912;19.489
-21.7613538;-41.3377118;12;-72.912;19.489
-21.7613540;-41.3377107;12;-72.792;19.470
-21.7613540;-41.3377107;12;-72.792;19.470
-21.7613545;-41.3377098;12;-72.706;19.415
-21.7613545;-41.3377098;12;-72.706;19.415
-21.7613548;-41.3377087;12;-72.586;19.378
-21.7613548;-41.3377087;12;-72.586;19.378
-21.7613552;-41.3377073;12;-72.448;19.341
-21.7613552;-41.3377073;12;-72.448;19.341
-21.7613553;-41.3377063;12;-72.344;19.322
-21.7613553;-41.3377063;12;-72.344;19.322
-21.7613558;-41.3377052;12;-72.224;19.266
-21.7613558;-41.3377052;12;-72.224;19.266
-21.7613560;-41.3377042;12;-72.121;19.248
-21.7613560;-41.3377042;12;-72.121;19.248
-21.7613565;-41.3377030;12;-72.000;19.192
-21.7613565;-41.3377030;12;-72.000;19.192
-21.7613567;-41.3377020;12;-71.897;19.174
-21.7613567;-41.3377020;12;-71.897;19.174
-21.7613572;-41.3377010;12;-71.794;19.118
-21.7613572;-41.3377010;12;-71.794;19.118
-21.7613573;-41.3376998;12;-71.673;19.100
-21.7613573;-41.3376998;12;-71.673;19.100
-21.7613580;-41.3376987;12;-71.553;19.025
-21.7613580;-41.3376987;12;-71.553;19.025
-21.7613583;-41.3376975;12;-71.432;18.988
-21.7613583;-41.3376975;12;-71.432;18.988
-21.7613587;-41.3376963;12;-71.312;18.951
-21.7613587;-41.3376963;12;-71.312;18.951
-21.7613592;-41.3376952;12;-71.191;18.896
-21.7613592;-41.3376952;12;-71.191;18.896
-21.7613595;-41.3376942;12;-71.088;18.859
-21.7613595;-41.3376942;12;-71.088;18.859
-21.7613597;-41.3376928;12;-70.950;18.840
-21.7613597;-41.3376928;12;-70.950;18.840
-21.7613600;-41.3376918;12;-70.847;18.803
-21.7613600;-41.3376918;12;-70.847;18.803
-21.7613602;-41.3376907;12;-70.727;18.785
-21.7613602;-41.3376907;12;-70.727;18.785
-21.7613607;-41.3376897;12;-70.623;18.729
-21.7613607;-41.3376897;12;-70.623;18.729
-21.7613610;-41.3376887;12;-70.520;18.692
-21.7613610;-41.3376887;12;-70.520;18.692
-21.7613613;-41.3376875;12;-70.400;18.655
-21.7613613;-41.3376875;12;-70.400;18.655
-21.7613617;-41.3376863;12;-70.279;18.618
-21.7613617;-41.3376863;12;-70.279;18.618
-21.7613623;-41.3376852;12;-70.159;18.544
-21.7613623;-41.3376852;12;-70.159;18.544
-21.7613625;-41.3376840;12;-70.038;18.525
-21.7613625;-41.3376840;12;-70.038;18.525
-21.7613630;-41.3376828;12;-69.918;18.470
-21.7613630;-41.3376828;12;-69.918;18.470
-21.7613633;-41.3376818;12;-69.814;18.432
-21.7613633;-41.3376818;12;-69.814;18.432
-21.7613637;-41.3376807;12;-69.694;18.395
-21.7613637;-41.3376807;12;-69.694;18.395
-21.7613638;-41.3376795;12;-69.573;18.377
-21.7613638;-41.3376795;12;-69.573;18.377
-21.7613643;-41.3376785;12;-69.470;18.321
-21.7613643;-41.3376785;12;-69.470;18.321
-21.7613643;-41.3376772;12;-69.332;18.321
-21.7613643;-41.3376772;12;-69.332;18.321
-21.7613643;-41.3376758;12;-69.195;18.321
-21.7613643;-41.3376758;12;-69.195;18.321
-21.7613650;-41.3376750;12;-69.109;18.247
-21.7613650;-41.3376750;12;-69.109;18.247
-21.7613653;-41.3376737;12;-68.971;18.210
-21.7613653;-41.3376737;12;-68.971;18.210
-21.7613658;-41.3376723;12;-68.833;18.154
-21.7613658;-41.3376723;12;-68.833;18.154
-21.7613662;-41.3376712;12;-68.713;18.117
-21.7613662;-41.3376712;12;-68.713;18.117
-21.7613665;-41.3376702;12;-68.610;18.080
-21.7613665;-41.3376702;12;-68.610;18.080
-21.7613670;-41.3376690;12;-68.489;18.025
-21.7613670;-41.3376690;12;-68.489;18.025
-21.7613672;-41.3376677;12;-68.351;18.006
-21.7613672;-41.3376677;12;-68.351;18.006
-21.7613673;-41.3376665;12;-68.231;17.988
-21.7613673;-41.3376665;12;-68.231;17.988
-21.7613677;-41.3376653;12;-68.110;17.951
-21.7613677;-41.3376653;12;-68.110;17.951
-21.7613680;-41.3376645;12;-68.024;17.914
-21.7613680;-41.3376645;12;-68.024;17.914
-21.7613683;-41.3376633;12;-67.904;17.877
-21.7613683;-41.3376633;12;-67.904;17.877
-21.7613685;-41.3376623;12;-67.801;17.858
-21.7613685;-41.3376623;12;-67.801;17.858
-21.7613688;-41.3376612;12;-67.680;17.821
-21.7613688;-41.3376612;12;-67.680;17.821
-21.7613692;-41.3376600;12;-67.560;17.784
-21.7613692;-41.3376600;12;-67.560;17.784
-21.7613695;-41.3376588;12;-67.439;17.747
-21.7613695;-41.3376588;12;-67.439;17.747
-21.7613698;-41.3376577;12;-67.319;17.710
-21.7613698;-41.3376577;12;-67.319;17.710
-21.7613700;-41.3376565;12;-67.198;17.691
-21.7613700;-41.3376565;12;-67.198;17.691
-21.7613703;-41.3376553;12;-67.078;17.654
-21.7613703;-41.3376553;12;-67.078;17.654
-21.7613703;-41.3376538;12;-66.923;17.654
-21.7613703;-41.3376538;12;-66.923;17.654
-21.7613707;-41.3376530;12;-66.837;17.617
-21.7613707;-41.3376530;12;-66.837;17.617
-21.7613710;-41.3376518;12;-66.716;17.580
-21.7613710;-41.3376518;12;-66.716;17.580
-21.7613712;-41.3376507;12;-66.596;17.561
-21.7613712;-41.3376507;12;-66.596;17.561
-21.7613715;-41.3376497;12;-66.493;17.524
-21.7613715;-41.3376497;12;-66.493;17.524
-21.7613718;-41.3376485;12;-66.372;17.487
-21.7613718;-41.3376485;12;-66.372;17.487
-21.7613722;-41.3376475;12;-66.269;17.450
-21.7613722;-41.3376475;12;-66.269;17.450
-21.7613727;-41.3376462;12;-66.131;17.395
-21.7613727;-41.3376462;12;-66.131;17.395
-21.7613728;-41.3376452;12;-66.028;17.376
-21.7613728;-41.3376452;12;-66.028;17.376
-21.7613730;-41.3376442;12;-65.925;17.358
-21.7613730;-41.3376442;12;-65.925;17.358
-21.7613735;-41.3376432;12;-65.821;17.302
-21.7613735;-41.3376432;12;-65.821;17.302
-21.7613735;-41.3376417;12;-65.666;17.302
-21.7613735;-41.3376417;12;-65.666;17.302
-21.7613738;-41.3376405;12;-65.546;17.265
-21.7613738;-41.3376405;12;-65.546;17.265
-21.7613740;-41.3376395;12;-65.443;17.246
-21.7613740;-41.3376395;12;-65.443;17.246
-21.7613742;-41.3376383;12;-65.322;17.228
-21.7613742;-41.3376383;12;-65.322;17.228
-21.7613743;-41.3376372;12;-65.202;17.209
-21.7613743;-41.3376372;12;-65.202;17.209
-21.7613747;-41.3376362;12;-65.098;17.172
-21.7613747;-41.3376362;12;-65.098;17.172
-21.7613747;-41.3376350;12;-64.978;17.172
-21.7613747;-41.3376350;12;-64.978;17.172
-21.7613752;-41.3376340;12;-64.875;17.117
-21.7613752;-41.3376340;12;-64.875;17.117
-21.7613753;-41.3376327;12;-64.737;17.098
-21.7613753;-41.3376327;12;-64.737;17.098
-21.7613757;-41.3376317;12;-64.634;17.061
-21.7613757;-41.3376317;12;-64.634;17.061
-21.7613760;-41.3376305;12;-64.513;17.024
-21.7613760;-41.3376305;12;-64.513;17.024
-21.7613762;-41.3376293;12;-64.393;17.005
-21.7613762;-41.3376293;12;-64.393;17.005
-21.7613762;-41.3376280;12;-64.255;17.005
-21.7613762;-41.3376280;12;-64.255;17.005
-21.7613762;-41.3376267;12;-64.117;17.005
-21.7613762;-41.3376267;12;-64.117;17.005
-21.7613762;-41.3376257;12;-64.014;17.005
-21.7613762;-41.3376257;12;-64.014;17.005
-21.7613757;-41.3376247;12;-63.911;17.061
-21.7613757;-41.3376247;12;-63.911;17.061
-21.7613762;-41.3376235;12;-63.790;17.005
-21.7613762;-41.3376235;12;-63.790;17.005
-21.7613763;-41.3376223;12;-63.670;16.987
-21.7613763;-41.3376223;12;-63.670;16.987
-21.7613768;-41.3376213;12;-63.566;16.931
-21.7613768;-41.3376213;12;-63.566;16.931
-21.7613772;-41.3376202;12;-63.446;16.894
-21.7613772;-41.3376202;12;-63.446;16.894
-21.7613775;-41.3376188;12;-63.308;16.857
-21.7613775;-41.3376188;12;-63.308;16.857
-21.7613775;-41.3376177;12;-63.188;16.857
-21.7613775;-41.3376177;12;-63.188;16.857
-21.7613775;-41.3376167;12;-63.085;16.857
-21.7613775;-41.3376167;12;-63.085;16.857
-21.7613780;-41.3376155;12;-62.964;16.802
-21.7613780;-41.3376155;12;-62.964;16.802
-21.7613782;-41.3376145;12;-62.861;16.783
-21.7613782;-41.3376145;12;-62.861;16.783
-21.7613782;-41.3376135;12;-62.758;16.783
-21.7613782;-41.3376135;12;-62.758;16.783
-21.7613783;-41.3376125;12;-62.654;16.765
-21.7613783;-41.3376125;12;-62.654;16.765
-21.7613783;-41.3376115;12;-62.551;16.765
-21.7613783;-41.3376115;12;-62.551;16.765
-21.7613785;-41.3376103;12;-62.430;16.746
-21.7613785;-41.3376103;12;-62.430;16.746
-21.7613785;-41.3376092;12;-62.310;16.746
-21.7613785;-41.3376092;12;-62.310;16.746
-21.7613788;-41.3376078;12;-62.172;16.709
-21.7613788;-41.3376078;12;-62.172;16.709
-21.7613788;-41.3376067;12;-62.052;16.709
-21.7613788;-41.3376067;12;-62.052;16.709
-21.7613788;-41.3376053;12;-61.914;16.709
-21.7613788;-41.3376053;12;-61.914;16.709
-21.7613788;-41.3376042;12;-61.794;16.709
-21.7613788;-41.3376042;12;-61.794;16.709
-21.7613785;-41.3376030;12;-61.673;16.746
-21.7613785;-41.3376030;12;-61.673;16.746
-21.7613787;-41.3376022;12;-61.587;16.727
-21.7613787;-41.3376022;12;-61.587;16.727
-21.7613785;-41.3376010;12;-61.467;16.746
-21.7613785;-41.3376010;12;-61.467;16.746
-21.7613785;-41.3376002;12;-61.381;16.746
-21.7613785;-41.3376002;12;-61.381;16.746
-21.7613783;-41.3375990;12;-61.260;16.765
-21.7613783;-41.3375990;12;-61.260;16.765
-21.7613783;-41.3375978;12;-61.140;16.765
-21.7613783;-41.3375978;12;-61.140;16.765
-21.7613783;-41.3375968;12;-61.036;16.765
-21.7613783;-41.3375968;12;-61.036;16.765
-21.7613785;-41.3375957;12;-60.916;16.746
-21.7613785;-41.3375957;12;-60.916;16.746
-21.7613787;-41.3375947;12;-60.813;16.727
-21.7613787;-41.3375947;12;-60.813;16.727
-21.7613785;-41.3375935;12;-60.692;16.746
-21.7613785;-41.3375935;12;-60.692;16.746
-21.7613785;-41.3375923;12;-60.572;16.746
-21.7613785;-41.3375923;12;-60.572;16.746
-21.7613787;-41.3375913;12;-60.468;16.727
-21.7613787;-41.3375913;12;-60.468;16.727
-21.7613785;-41.3375900;12;-60.331;16.746
-21.7613785;-41.3375900;12;-60.331;16.746
-21.7613785;-41.3375888;12;-60.210;16.746
-21.7613785;-41.3375888;12;-60.210;16.746
-21.7613787;-41.3375880;12;-60.124;16.727
-21.7613787;-41.3375880;12;-60.124;16.727
-21.7613788;-41.3375870;12;-60.021;16.709
-21.7613788;-41.3375870;12;-60.021;16.709
-21.7613790;-41.3375858;12;-59.900;16.690
-21.7613790;-41.3375858;12;-59.900;16.690
-21.7613792;-41.3375848;12;-59.797;16.672
-21.7613792;-41.3375848;12;-59.797;16.672
-21.7613792;-41.3375838;12;-59.694;16.672
-21.7613792;-41.3375838;12;-59.694;16.672
-21.7613793;-41.3375827;12;-59.573;16.653
-21.7613793;-41.3375827;12;-59.573;16.653
-21.7613797;-41.3375815;12;-59.453;16.616
-21.7613797;-41.3375815;12;-59.453;16.616
-21.7613798;-41.3375803;12;-59.332;16.598
-21.7613798;-41.3375803;12;-59.332;16.598
-21.7613798;-41.3375793;12;-59.229;16.598
-21.7613798;-41.3375793;12;-59.229;16.598
-21.7613798;-41.3375785;12;-59.143;16.598
-21.7613798;-41.3375785;12;-59.143;16.598
-21.7613802;-41.3375773;12;-59.023;16.561
-21.7613802;-41.3375773;12;-59.023;16.561
-21.7613802;-41.3375765;12;-58.937;16.561
-21.7613802;-41.3375765;12;-58.937;16.561
-21.7613805;-41.3375755;12;-58.833;16.524
-21.7613805;-41.3375755;12;-58.833;16.524
-21.7613807;-41.3375743;12;-58.713;16.505
-21.7613807;-41.3375743;12;-58.713;16.505
-21.7613805;-41.3375733;12;-58.609;16.524
-21.7613805;-41.3375733;12;-58.609;16.524
-21.7613807;-41.3375723;12;-58.506;16.505
-21.7613807;-41.3375723;12;-58.506;16.505
-21.7613807;-41.3375710;12;-58.369;16.505
-21.7613807;-41.3375710;12;-58.369;16.505
-21.7613808;-41.3375698;12;-58.248;16.487
-21.7613808;-41.3375698;12;-58.248;16.487
-21.7613807;-41.3375683;12;-58.093;16.505
-21.7613807;-41.3375683;12;-58.093;16.505
-21.7613807;-41.3375670;12;-57.955;16.505
-21.7613807;-41.3375670;12;-57.955;16.505
-21.7613807;-41.3375658;12;-57.835;16.505
-21.7613807;-41.3375658;12;-57.835;16.505
-21.7613807;-41.3375647;12;-57.715;16.505
-21.7613807;-41.3375647;12;-57.715;16.505
-21.7613807;-41.3375633;12;-57.577;16.505
-21.7613807;-41.3375633;12;-57.577;16.505
-21.7613805;-41.3375623;12;-57.474;16.524
-21.7613805;-41.3375623;12;-57.474;16.524
-21.7613803;-41.3375612;12;-57.353;16.542
-21.7613803;-41.3375612;12;-57.353;16.542
-21.7613805;-41.3375602;12;-57.250;16.524
-21.7613805;-41.3375602;12;-57.250;16.524
-21.7613807;-41.3375593;12;-57.164;16.505
-21.7613807;-41.3375593;12;-57.164;16.505
-21.7613807;-41.3375580;12;-57.026;16.505
-21.7613807;-41.3375580;12;-57.026;16.505
-21.7613805;-41.3375568;12;-56.906;16.524
-21.7613805;-41.3375568;12;-56.906;16.524
-21.7613803;-41.3375552;12;-56.733;16.542
-21.7613803;-41.3375552;12;-56.733;16.542
-21.7613803;-41.3375538;12;-56.596;16.542
-21.7613803;-41.3375538;12;-56.596;16.542
-21.7613803;-41.3375528;12;-56.492;16.542
-21.7613803;-41.3375528;12;-56.492;16.542
-21.7613800;-41.3375517;12;-56.372;16.579
-21.7613800;-41.3375517;12;-56.372;16.579
-21.7613797;-41.3375503;12;-56.234;16.616
-21.7613797;-41.3375503;12;-56.234;16.616
-21.7613797;-41.3375490;12;-56.097;16.616
-21.7613797;-41.3375490;12;-56.097;16.616
-21.7613798;-41.3375482;12;-56.011;16.598
-21.7613798;-41.3375482;12;-56.011;16.598
-21.7613795;-41.3375468;12;-55.873;16.635
-21.7613795;-41.3375468;12;-55.873;16.635
-21.7613797;-41.3375458;12;-55.770;16.616
-21.7613797;-41.3375458;12;-55.770;16.616
-21.7613797;-41.3375447;12;-55.649;16.616
-21.7613797;-41.3375447;12;-55.649;16.616
-21.7613797;-41.3375433;12;-55.511;16.616
-21.7613797;-41.3375433;12;-55.511;16.616
-21.7613797;-41.3375420;12;-55.374;16.616
-21.7613797;-41.3375420;12;-55.374;16.616
-21.7613798;-41.3375408;12;-55.253;16.598
-21.7613798;-41.3375408;12;-55.253;16.598
-21.7613800;-41.3375398;12;-55.150;16.579
-21.7613800;-41.3375398;12;-55.150;16.579
-21.7613800;-41.3375385;12;-55.012;16.579
-21.7613800;-41.3375385;12;-55.012;16.579
-21.7613800;-41.3375373;12;-54.892;16.579
-21.7613800;-41.3375373;12;-54.892;16.579
-21.7613802;-41.3375362;12;-54.771;16.561
-21.7613802;-41.3375362;12;-54.771;16.561
-21.7613805;-41.3375352;12;-54.668;16.524
-21.7613805;-41.3375352;12;-54.668;16.524
-21.7613803;-41.3375338;12;-54.530;16.542
-21.7613803;-41.3375338;12;-54.530;16.542
-21.7613803;-41.3375328;12;-54.427;16.542
-21.7613803;-41.3375328;12;-54.427;16.542
-21.7613803;-41.3375317;12;-54.307;16.542
-21.7613803;-41.3375317;12;-54.307;16.542
-21.7613805;-41.3375305;12;-54.186;16.524
-21.7613805;-41.3375305;12;-54.186;16.524
-21.7613808;-41.3375292;12;-54.048;16.487
-21.7613808;-41.3375292;12;-54.048;16.487
-21.7613808;-41.3375278;12;-53.911;16.487
-21.7613808;-41.3375278;12;-53.911;16.487
-21.7613810;-41.3375267;12;-53.790;16.468
-21.7613810;-41.3375267;12;-53.790;16.468
-21.7613815;-41.3375255;12;-53.670;16.412
-21.7613815;-41.3375255;12;-53.670;16.412
-21.7613810;-41.3375242;12;-53.532;16.468
-21.7613810;-41.3375242;12;-53.532;16.468
-21.7613810;-41.3375228;12;-53.394;16.468
-21.7613810;-41.3375228;12;-53.394;16.468
-21.7613810;-41.3375215;12;-53.257;16.468
-21.7613810;-41.3375215;12;-53.257;16.468
-21.7613813;-41.3375205;12;-53.153;16.431
-21.7613813;-41.3375205;12;-53.153;16.431
-21.7613813;-41.3375193;12;-53.033;16.431
-21.7613813;-41.3375193;12;-53.033;16.431
-21.7613815;-41.3375182;12;-52.912;16.412
-21.7613815;-41.3375182;12;-52.912;16.412
-21.7613815;-41.3375168;12;-52.775;16.412
-21.7613815;-41.3375168;12;-52.775;16.412
-21.7613815;-41.3375155;12;-52.637;16.412
-21.7613815;-41.3375155;12;-52.637;16.412
-21.7613817;-41.3375142;12;-52.499;16.394
-21.7613817;-41.3375142;12;-52.499;16.394
-21.7613818;-41.3375130;12;-52.379;16.375
-21.7613818;-41.3375130;12;-52.379;16.375
-21.7613818;-41.3375118;12;-52.258;16.375
-21.7613818;-41.3375118;12;-52.258;16.375
-21.7613817;-41.3375105;12;-52.121;16.394
-21.7613817;-41.3375105;12;-52.121;16.394
-21.7613820;-41.3375090;12;-51.966;16.357
-21.7613820;-41.3375090;12;-51.966;16.357
-21.7613818;-41.3375078;12;-51.845;16.375
-21.7613818;-41.3375078;12;-51.845;16.375
-21.7613822;-41.3375068;12;-51.742;16.338
-21.7613822;-41.3375068;12;-51.742;16.338
-21.7613825;-41.3375057;12;-51.622;16.301
-21.7613825;-41.3375057;12;-51.622;16.301
-21.7613828;-41.3375047;12;-51.518;16.264
-21.7613828;-41.3375047;12;-51.518;16.264
-21.7613832;-41.3375033;12;-51.381;16.227
-21.7613832;-41.3375033;12;-51.381;16.227
-21.7613840;-41.3375022;12;-51.260;16.134
-21.7613840;-41.3375022;12;-51.260;16.134
-21.7613840;-41.3375008;12;-51.122;16.134
-21.7613840;-41.3375008;12;-51.122;16.134
-21.7613845;-41.3374997;12;-51.002;16.079
-21.7613845;-41.3374997;12;-51.002;16.079
-21.7613847;-41.3374985;12;-50.881;16.060
-21.7613847;-41.3374985;12;-50.881;16.060
-21.7613847;-41.3374972;12;-50.744;16.060
-21.7613847;-41.3374972;12;-50.744;16.060
-21.7613850;-41.3374960;12;-50.623;16.023
-21.7613850;-41.3374960;12;-50.623;16.023
-21.7613852;-41.3374950;12;-50.520;16.005
-21.7613852;-41.3374950;12;-50.520;16.005
-21.7613855;-41.3374937;12;-50.382;15.968
-21.7613855;-41.3374937;12;-50.382;15.968
-21.7613853;-41.3374927;12;-50.279;15.986
-21.7613853;-41.3374927;12;-50.279;15.986
-21.7613857;-41.3374915;12;-50.159;15.949
-21.7613857;-41.3374915;12;-50.159;15.949
-21.7613857;-41.3374903;12;-50.038;15.949
-21.7613857;-41.3374903;12;-50.038;15.949
-21.7613860;-41.3374890;12;-49.900;15.912
-21.7613860;-41.3374890;12;-49.900;15.912
-21.7613860;-41.3374878;12;-49.780;15.912
-21.7613860;-41.3374878;12;-49.780;15.912
-21.7613863;-41.3374867;12;-49.659;15.875
-21.7613863;-41.3374867;12;-49.659;15.875
-21.7613867;-41.3374853;12;-49.522;15.838
-21.7613867;-41.3374853;12;-49.522;15.838
-21.7613867;-41.3374842;12;-49.401;15.838
-21.7613867;-41.3374842;12;-49.401;15.838
-21.7613868;-41.3374830;12;-49.281;15.819
-21.7613868;-41.3374830;12;-49.281;15.819
-21.7613873;-41.3374817;12;-49.143;15.764
-21.7613873;-41.3374817;12;-49.143;15.764
-21.7613875;-41.3374807;12;-49.040;15.745
-21.7613875;-41.3374807;12;-49.040;15.745
-21.7613878;-41.3374797;12;-48.937;15.708
-21.7613878;-41.3374797;12;-48.937;15.708
-21.7613877;-41.3374785;12;-48.816;15.727
-21.7613877;-41.3374785;12;-48.816;15.727
-21.7613883;-41.3374773;12;-48.696;15.653
-21.7613883;-41.3374773;12;-48.696;15.653
-21.7613885;-41.3374762;12;-48.575;15.634
-21.7613885;-41.3374762;12;-48.575;15.634
-21.7613890;-41.3374750;12;-48.455;15.578
-21.7613890;-41.3374750;12;-48.455;15.578
-21.7613893;-41.3374737;12;-48.317;15.541
-21.7613893;-41.3374737;12;-48.317;15.541
-21.7613895;-41.3374727;12;-48.214;15.523
-21.7613895;-41.3374727;12;-48.214;15.523
-21.7613900;-41.3374717;12;-48.110;15.467
-21.7613900;-41.3374717;12;-48.110;15.467
-21.7613903;-41.3374703;12;-47.973;15.430
-21.7613903;-41.3374703;12;-47.973;15.430
-21.7613903;-41.3374692;12;-47.852;15.430
-21.7613903;-41.3374692;12;-47.852;15.430
-21.7613907;-41.3374678;12;-47.714;15.393
-21.7613907;-41.3374678;12;-47.714;15.393
-21.7613907;-41.3374670;12;-47.628;15.393
-21.7613907;-41.3374670;12;-47.628;15.393
-21.7613912;-41.3374658;12;-47.508;15.337
-21.7613912;-41.3374658;12;-47.508;15.337
-21.7613915;-41.3374647;12;-47.387;15.300
-21.7613915;-41.3374647;12;-47.387;15.300
-21.7613918;-41.3374633;12;-47.250;15.263
-21.7613918;-41.3374633;12;-47.250;15.263
-21.7613923;-41.3374622;12;-47.129;15.208
-21.7613923;-41.3374622;12;-47.129;15.208
-21.7613927;-41.3374610;12;-47.009;15.171
-21.7613927;-41.3374610;12;-47.009;15.171
-21.7613928;-41.3374598;12;-46.888;15.152
-21.7613928;-41.3374598;12;-46.888;15.152
-21.7613932;-41.3374585;12;-46.751;15.115
-21.7613932;-41.3374585;12;-46.751;15.115
-21.7613933;-41.3374573;12;-46.630;15.097
-21.7613933;-41.3374573;12;-46.630;15.097
-21.7613937;-41.3374562;12;-46.510;15.059
-21.7613937;-41.3374562;12;-46.510;15.059
-21.7613940;-41.3374550;12;-46.389;15.022
-21.7613940;-41.3374550;12;-46.389;15.022
-21.7613940;-41.3374538;12;-46.269;15.022
-21.7613940;-41.3374538;12;-46.269;15.022
-21.7613945;-41.3374530;12;-46.183;14.967
-21.7613945;-41.3374530;12;-46.183;14.967
-21.7613950;-41.3374518;12;-46.062;14.911
-21.7613950;-41.3374518;12;-46.062;14.911
-21.7613952;-41.3374508;12;-45.959;14.893
-21.7613952;-41.3374508;12;-45.959;14.893
-21.7613957;-41.3374497;12;-45.838;14.837
-21.7613957;-41.3374497;12;-45.838;14.837
-21.7613962;-41.3374487;12;-45.735;14.782
-21.7613962;-41.3374487;12;-45.735;14.782
-21.7613965;-41.3374477;12;-45.632;14.744
-21.7613965;-41.3374477;12;-45.632;14.744
-21.7613967;-41.3374465;12;-45.511;14.726
-21.7613967;-41.3374465;12;-45.511;14.726
-21.7613972;-41.3374455;12;-45.408;14.670
-21.7613972;-41.3374455;12;-45.408;14.670
-21.7613973;-41.3374442;12;-45.270;14.652
-21.7613973;-41.3374442;12;-45.270;14.652
-21.7613977;-41.3374430;12;-45.150;14.615
-21.7613977;-41.3374430;12;-45.150;14.615
-21.7613980;-41.3374422;12;-45.064;14.578
-21.7613980;-41.3374422;12;-45.064;14.578
-21.7613983;-41.3374412;12;-44.961;14.541
-21.7613983;-41.3374412;12;-44.961;14.541
-21.7613985;-41.3374400;12;-44.840;14.522
-21.7613985;-41.3374400;12;-44.840;14.522
-21.7613990;-41.3374388;12;-44.720;14.466
-21.7613990;-41.3374388;12;-44.720;14.466
-21.7613993;-41.3374377;12;-44.599;14.429
-21.7613993;-41.3374377;12;-44.599;14.429
-21.7613997;-41.3374365;12;-44.479;14.392
-21.7613997;-41.3374365;12;-44.479;14.392
-21.7614000;-41.3374353;12;-44.358;14.355
-21.7614000;-41.3374353;12;-44.358;14.355
-21.7614002;-41.3374340;12;-44.220;14.337
-21.7614002;-41.3374340;12;-44.220;14.337
-21.7614005;-41.3374328;12;-44.100;14.300
-21.7614005;-41.3374328;12;-44.100;14.300
-21.7614008;-41.3374317;12;-43.980;14.263
-21.7614008;-41.3374317;12;-43.980;14.263
-21.7614010;-41.3374303;12;-43.842;14.244
-21.7614010;-41.3374303;12;-43.842;14.244
-21.7614013;-41.3374293;12;-43.739;14.207
-21.7614013;-41.3374293;12;-43.739;14.207
-21.7614013;-41.3374282;12;-43.618;14.207
-21.7614013;-41.3374282;12;-43.618;14.207
-21.7614017;-41.3374272;12;-43.515;14.170
-21.7614017;-41.3374272;12;-43.515;14.170
-21.7614020;-41.3374260;12;-43.394;14.133
-21.7614020;-41.3374260;12;-43.394;14.133
-21.7614025;-41.3374248;12;-43.274;14.077
-21.7614025;-41.3374248;12;-43.274;14.077
-21.7614030;-41.3374238;12;-43.171;14.022
-21.7614030;-41.3374238;12;-43.171;14.022
-21.7614032;-41.3374228;12;-43.067;14.003
-21.7614032;-41.3374228;12;-43.067;14.003
-21.7614033;-41.3374213;12;-42.912;13.985
-21.7614033;-41.3374213;12;-42.912;13.985
-21.7614035;-41.3374202;12;-42.792;13.966
-21.7614035;-41.3374202;12;-42.792;13.966
-21.7614035;-41.3374188;12;-42.654;13.966
-21.7614035;-41.3374188;12;-42.654;13.966
-21.7614037;-41.3374175;12;-42.517;13.948
-21.7614037;-41.3374175;12;-42.517;13.948
-21.7614040;-41.3374163;12;-42.396;13.911
-21.7614040;-41.3374163;12;-42.396;13.911
-21.7614040;-41.3374153;12;-42.293;13.911
-21.7614040;-41.3374153;12;-42.293;13.911
-21.7614042;-41.3374143;12;-42.189;13.892
-21.7614042;-41.3374143;12;-42.189;13.892
-21.7614045;-41.3374133;12;-42.086;13.855
-21.7614045;-41.3374133;12;-42.086;13.855
-21.7614048;-41.3374122;12;-41.966;13.818
-21.7614048;-41.3374122;12;-41.966;13.818
-21.7614052;-41.3374110;12;-41.845;13.781
-21.7614052;-41.3374110;12;-41.845;13.781
-21.7614057;-41.3374100;12;-41.742;13.725
-21.7614057;-41.3374100;12;-41.742;13.725
-21.7614058;-41.3374088;12;-41.621;13.707
-21.7614058;-41.3374088;12;-41.621;13.707
-21.7614060;-41.3374075;12;-41.484;13.688
-21.7614060;-41.3374075;12;-41.484;13.688
-21.7614063;-41.3374063;12;-41.363;13.651
-21.7614063;-41.3374063;12;-41.363;13.651
-21.7614067;-41.3374052;12;-41.243;13.614
-21.7614067;-41.3374052;12;-41.243;13.614
-21.7614068;-41.3374042;12;-41.140;13.596
-21.7614068;-41.3374042;12;-41.140;13.596
-21.7614072;-41.3374030;12;-41.019;13.558
-21.7614072;-41.3374030;12;-41.019;13.558
-21.7614075;-41.3374018;12;-40.899;13.521
-21.7614075;-41.3374018;12;-40.899;13.521
-21.7614078;-41.3374008;12;-40.795;13.484
-21.7614078;-41.3374008;12;-40.795;13.484
-21.7614083;-41.3373998;12;-40.692;13.429
-21.7614083;-41.3373998;12;-40.692;13.429
-21.7614088;-41.3373985;12;-40.554;13.373
-21.7614088;-41.3373985;12;-40.554;13.373
-21.7614093;-41.3373973;12;-40.434;13.318
-21.7614093;-41.3373973;12;-40.434;13.318
-21.7614097;-41.3373962;12;-40.313;13.280
-21.7614097;-41.3373962;12;-40.313;13.280
-21.7614100;-41.3373948;12;-40.176;13.243
-21.7614100;-41.3373948;12;-40.176;13.243
-21.7614103;-41.3373937;12;-40.055;13.206
-21.7614103;-41.3373937;12;-40.055;13.206
-21.7614107;-41.3373925;12;-39.935;13.169
-21.7614107;-41.3373925;12;-39.935;13.169
-21.7614108;-41.3373913;12;-39.814;13.151
-21.7614108;-41.3373913;12;-39.814;13.151
-21.7614113;-41.3373900;12;-39.677;13.095
-21.7614113;-41.3373900;12;-39.677;13.095
-21.7614113;-41.3373890;12;-39.573;13.095
-21.7614113;-41.3373890;12;-39.573;13.095
-21.7614117;-41.3373880;12;-39.470;13.058
-21.7614117;-41.3373880;12;-39.470;13.058
-21.7614120;-41.3373868;12;-39.350;13.021
-21.7614120;-41.3373868;12;-39.350;13.021
-21.7614123;-41.3373857;12;-39.229;12.984
-21.7614123;-41.3373857;12;-39.229;12.984
-21.7614128;-41.3373845;12;-39.109;12.928
-21.7614128;-41.3373845;12;-39.109;12.928
-21.7614133;-41.3373835;12;-39.005;12.873
-21.7614133;-41.3373835;12;-39.005;12.873
-21.7614138;-41.3373823;12;-38.885;12.817
-21.7614138;-41.3373823;12;-38.885;12.817
-21.7614140;-41.3373812;12;-38.764;12.799
-21.7614140;-41.3373812;12;-38.764;12.799
-21.7614145;-41.3373800;12;-38.644;12.743
-21.7614145;-41.3373800;12;-38.644;12.743
-21.7614148;-41.3373788;12;-38.523;12.706
-21.7614148;-41.3373788;12;-38.523;12.706
-21.7614150;-41.3373777;12;-38.403;12.687
-21.7614150;-41.3373777;12;-38.403;12.687
-21.7614153;-41.3373765;12;-38.282;12.650
-21.7614153;-41.3373765;12;-38.282;12.650
-21.7614158;-41.3373757;12;-38.196;12.595
-21.7614158;-41.3373757;12;-38.196;12.595
-21.7614162;-41.3373745;12;-38.076;12.558
-21.7614162;-41.3373745;12;-38.076;12.558
-21.7614167;-41.3373733;12;-37.955;12.502
-21.7614167;-41.3373733;12;-37.955;12.502
-21.7614172;-41.3373722;12;-37.835;12.446
-21.7614172;-41.3373722;12;-37.835;12.446
-21.7614175;-41.3373710;12;-37.714;12.409
-21.7614175;-41.3373710;12;-37.714;12.409
-21.7614178;-41.3373698;12;-37.594;12.372
-21.7614178;-41.3373698;12;-37.594;12.372
-21.7614182;-41.3373685;12;-37.456;12.335
-21.7614182;-41.3373685;12;-37.456;12.335
-21.7614185;-41.3373672;12;-37.319;12.298
-21.7614185;-41.3373672;12;-37.319;12.298
-21.7614188;-41.3373662;12;-37.215;12.261
-21.7614188;-41.3373662;12;-37.215;12.261
-21.7614192;-41.3373650;12;-37.095;12.224
-21.7614192;-41.3373650;12;-37.095;12.224
-21.7614193;-41.3373637;12;-36.957;12.206
-21.7614193;-41.3373637;12;-36.957;12.206
-21.7614197;-41.3373627;12;-36.854;12.168
-21.7614197;-41.3373627;12;-36.854;12.168
-21.7614200;-41.3373615;12;-36.733;12.131
-21.7614200;-41.3373615;12;-36.733;12.131
-21.7614202;-41.3373600;12;-36.578;12.113
-21.7614202;-41.3373600;12;-36.578;12.113
-21.7614205;-41.3373587;12;-36.441;12.076
-21.7614205;-41.3373587;12;-36.441;12.076
-21.7614208;-41.3373575;12;-36.320;12.039
-21.7614208;-41.3373575;12;-36.320;12.039
-21.7614210;-41.3373560;12;-36.165;12.020
-21.7614210;-41.3373560;12;-36.165;12.020
-21.7614210;-41.3373548;12;-36.045;12.020
-21.7614210;-41.3373548;12;-36.045;12.020
-21.7614213;-41.3373537;12;-35.924;11.983
-21.7614213;-41.3373537;12;-35.924;11.983
-21.7614215;-41.3373525;12;-35.804;11.965
-21.7614215;-41.3373525;12;-35.804;11.965
-21.7614217;-41.3373513;12;-35.683;11.946
-21.7614217;-41.3373513;12;-35.683;11.946
-21.7614218;-41.3373500;12;-35.546;11.928
-21.7614218;-41.3373500;12;-35.546;11.928
-21.7614218;-41.3373488;12;-35.425;11.928
-21.7614218;-41.3373488;12;-35.425;11.928
-21.7614220;-41.3373475;12;-35.288;11.909
-21.7614220;-41.3373475;12;-35.288;11.909
-21.7614223;-41.3373463;12;-35.167;11.872
-21.7614223;-41.3373463;12;-35.167;11.872
-21.7614225;-41.3373450;12;-35.029;11.853
-21.7614225;-41.3373450;12;-35.029;11.853
-21.7614227;-41.3373437;12;-34.892;11.835
-21.7614227;-41.3373437;12;-34.892;11.835
-21.7614227;-41.3373423;12;-34.754;11.835
-21.7614227;-41.3373423;12;-34.754;11.835
-21.7614228;-41.3373413;12;-34.651;11.816
-21.7614228;-41.3373413;12;-34.651;11.816
-21.7614230;-41.3373402;12;-34.530;11.798
-21.7614230;-41.3373402;12;-34.530;11.798
-21.7614233;-41.3373388;12;-34.393;11.761
-21.7614233;-41.3373388;12;-34.393;11.761
-21.7614233;-41.3373377;12;-34.272;11.761
-21.7614233;-41.3373377;12;-34.272;11.761
-21.7614233;-41.3373367;12;-34.169;11.761
-21.7614233;-41.3373367;12;-34.169;11.761
-21.7614233;-41.3373355;12;-34.048;11.761
-21.7614233;-41.3373355;12;-34.048;11.761
-21.7614233;-41.3373343;12;-33.928;11.761
-21.7614233;-41.3373343;12;-33.928;11.761
-21.7614235;-41.3373328;12;-33.773;11.742
-21.7614235;-41.3373328;12;-33.773;11.742
-21.7614235;-41.3373315;12;-33.635;11.742
-21.7614235;-41.3373315;12;-33.635;11.742
-21.7614237;-41.3373302;12;-33.498;11.724
-21.7614237;-41.3373302;12;-33.498;11.724
-21.7614237;-41.3373288;12;-33.360;11.724
-21.7614237;-41.3373288;12;-33.360;11.724
-21.7614235;-41.3373275;12;-33.222;11.742
-21.7614235;-41.3373275;12;-33.222;11.742
-21.7614235;-41.3373263;12;-33.102;11.742
-21.7614235;-41.3373263;12;-33.102;11.742
-21.7614233;-41.3373250;12;-32.964;11.761
-21.7614233;-41.3373250;12;-32.964;11.761
-21.7614230;-41.3373237;12;-32.826;11.798
-21.7614230;-41.3373237;12;-32.826;11.798
-21.7614230;-41.3373225;12;-32.706;11.798
-21.7614230;-41.3373225;12;-32.706;11.798
-21.7614230;-41.3373212;12;-32.568;11.798
-21.7614230;-41.3373212;12;-32.568;11.798
-21.7614228;-41.3373202;12;-32.465;11.816
-21.7614228;-41.3373202;12;-32.465;11.816
-21.7614230;-41.3373188;12;-32.327;11.798
-21.7614230;-41.3373188;12;-32.327;11.798
-21.7614232;-41.3373173;12;-32.172;11.779
-21.7614232;-41.3373173;12;-32.172;11.779
-21.7614233;-41.3373160;12;-32.035;11.761
-21.7614233;-41.3373160;12;-32.035;11.761
-21.7614233;-41.3373150;12;-31.931;11.761
-21.7614233;-41.3373150;12;-31.931;11.761
-21.7614235;-41.3373137;12;-31.794;11.742
-21.7614235;-41.3373137;12;-31.794;11.742
-21.7614235;-41.3373125;12;-31.673;11.742
-21.7614235;-41.3373125;12;-31.673;11.742
-21.7614237;-41.3373113;12;-31.553;11.724
-21.7614237;-41.3373113;12;-31.553;11.724
-21.7614235;-41.3373100;12;-31.415;11.742
-21.7614235;-41.3373100;12;-31.415;11.742
-21.7614237;-41.3373088;12;-31.294;11.724
-21.7614237;-41.3373088;12;-31.294;11.724
-21.7614237;-41.3373078;12;-31.191;11.724
-21.7614237;-41.3373078;12;-31.191;11.724
-21.7614235;-41.3373065;12;-31.053;11.742
-21.7614235;-41.3373065;12;-31.053;11.742
-21.7614235;-41.3373052;12;-30.916;11.742
-21.7614235;-41.3373052;12;-30.916;11.742
-21.7614235;-41.3373038;12;-30.778;11.742
-21.7614235;-41.3373038;12;-30.778;11.742
-21.7614237;-41.3373025;12;-30.640;11.724
-21.7614237;-41.3373025;12;-30.640;11.724
-21.7614237;-41.3373013;12;-30.520;11.724
-21.7614237;-41.3373013;12;-30.520;11.724
-21.7614235;-41.3373000;12;-30.382;11.742
-21.7614235;-41.3373000;12;-30.382;11.742
-21.7614237;-41.3372987;12;-30.245;11.724
-21.7614237;-41.3372987;12;-30.245;11.724
-21.7614238;-41.3372975;12;-30.124;11.705
-21.7614238;-41.3372975;12;-30.124;11.705
-21.7614237;-41.3372962;12;-29.986;11.724
-21.7614237;-41.3372962;12;-29.986;11.724
-21.7614235;-41.3372948;12;-29.849;11.742
-21.7614235;-41.3372948;12;-29.849;11.742
-21.7614233;-41.3372937;12;-29.728;11.761
-21.7614233;-41.3372937;12;-29.728;11.761
-21.7614233;-41.3372925;12;-29.608;11.761
-21.7614233;-41.3372925;12;-29.608;11.761
-21.7614235;-41.3372912;12;-29.470;11.742
-21.7614235;-41.3372912;12;-29.470;11.742
-21.7614233;-41.3372898;12;-29.332;11.761
-21.7614233;-41.3372898;12;-29.332;11.761
-21.7614235;-41.3372885;12;-29.195;11.742
-21.7614235;-41.3372885;12;-29.195;11.742
-21.7614233;-41.3372873;12;-29.074;11.761
-21.7614233;-41.3372873;12;-29.074;11.761
-21.7614233;-41.3372860;12;-28.936;11.761
-21.7614233;-41.3372860;12;-28.936;11.761
-21.7614233;-41.3372848;12;-28.816;11.761
-21.7614233;-41.3372848;12;-28.816;11.761
-21.7614233;-41.3372835;12;-28.678;11.761
-21.7614233;-41.3372835;12;-28.678;11.761
-21.7614233;-41.3372823;12;-28.558;11.761
-21.7614233;-41.3372823;12;-28.558;11.761
-21.7614235;-41.3372810;12;-28.420;11.742
-21.7614235;-41.3372810;12;-28.420;11.742
-21.7614235;-41.3372800;12;-28.317;11.742
-21.7614235;-41.3372800;12;-28.317;11.742
-21.7614235;-41.3372790;12;-28.214;11.742
-21.7614235;-41.3372790;12;-28.214;11.742
-21.7614237;-41.3372777;12;-28.076;11.724
-21.7614237;-41.3372777;12;-28.076;11.724
-21.7614238;-41.3372765;12;-27.955;11.705
-21.7614238;-41.3372765;12;-27.955;11.705
-21.7614240;-41.3372752;12;-27.818;11.687
-21.7614240;-41.3372752;12;-27.818;11.687
-21.7614242;-41.3372740;12;-27.697;11.668
-21.7614242;-41.3372740;12;-27.697;11.668
-21.7614243;-41.3372728;12;-27.577;11.650
-21.7614243;-41.3372728;12;-27.577;11.650
-21.7614245;-41.3372718;12;-27.473;11.631
-21.7614245;-41.3372718;12;-27.473;11.631
-21.7614248;-41.3372707;12;-27.353;11.594
-21.7614248;-41.3372707;12;-27.353;11.594
-21.7614250;-41.3372693;12;-27.215;11.575
-21.7614250;-41.3372693;12;-27.215;11.575
-21.7614252;-41.3372682;12;-27.095;11.557
-21.7614252;-41.3372682;12;-27.095;11.557
-21.7614253;-41.3372672;12;-26.992;11.538
-21.7614253;-41.3372672;12;-26.992;11.538
-21.7614255;-41.3372662;12;-26.888;11.520
-21.7614255;-41.3372662;12;-26.888;11.520
-21.7614257;-41.3372652;12;-26.785;11.501
-21.7614257;-41.3372652;12;-26.785;11.501
-21.7614262;-41.3372640;12;-26.664;11.446
-21.7614262;-41.3372640;12;-26.664;11.446
-21.7614265;-41.3372628;12;-26.544;11.409
-21.7614265;-41.3372628;12;-26.544;11.409
-21.7614268;-41.3372618;12;-26.441;11.372
-21.7614268;-41.3372618;12;-26.441;11.372
-21.7614270;-41.3372605;12;-26.303;11.353
-21.7614270;-41.3372605;12;-26.303;11.353
-21.7614272;-41.3372592;12;-26.165;11.334
-21.7614272;-41.3372592;12;-26.165;11.334
-21.7614273;-41.3372582;12;-26.062;11.316
-21.7614273;-41.3372582;12;-26.062;11.316
-21.7614277;-41.3372570;12;-25.942;11.279
-21.7614277;-41.3372570;12;-25.942;11.279
-21.7614277;-41.3372558;12;-25.821;11.279
-21.7614277;-41.3372558;12;-25.821;11.279
-21.7614278;-41.3372547;12;-25.701;11.260
-21.7614278;-41.3372547;12;-25.701;11.260
-21.7614280;-41.3372535;12;-25.580;11.242
-21.7614280;-41.3372535;12;-25.580;11.242
-21.7614283;-41.3372525;12;-25.477;11.205
-21.7614283;-41.3372525;12;-25.477;11.205
-21.7614285;-41.3372513;12;-25.356;11.186
-21.7614285;-41.3372513;12;-25.356;11.186
-21.7614288;-41.3372502;12;-25.236;11.149
-21.7614288;-41.3372502;12;-25.236;11.149
-21.7614292;-41.3372488;12;-25.098;11.112
-21.7614292;-41.3372488;12;-25.098;11.112
-21.7614293;-41.3372477;12;-24.978;11.094
-21.7614293;-41.3372477;12;-24.978;11.094
-21.7614297;-41.3372463;12;-24.840;11.056
-21.7614297;-41.3372463;12;-24.840;11.056
-21.7614298;-41.3372452;12;-24.720;11.038
-21.7614298;-41.3372452;12;-24.720;11.038
-21.7614302;-41.3372438;12;-24.582;11.001
-21.7614302;-41.3372438;12;-24.582;11.001
-21.7614303;-41.3372425;12;-24.444;10.982
-21.7614303;-41.3372425;12;-24.444;10.982
-21.7614305;-41.3372415;12;-24.341;10.964
-21.7614305;-41.3372415;12;-24.341;10.964
-21.7614310;-41.3372405;12;-24.238;10.908
-21.7614310;-41.3372405;12;-24.238;10.908
-21.7614313;-41.3372397;12;-24.152;10.871
-21.7614313;-41.3372397;12;-24.152;10.871
-21.7614317;-41.3372385;12;-24.031;10.834
-21.7614317;-41.3372385;12;-24.031;10.834
-21.7614322;-41.3372375;12;-23.928;10.778
-21.7614322;-41.3372375;12;-23.928;10.778
-21.7614325;-41.3372362;12;-23.790;10.741
-21.7614325;-41.3372362;12;-23.790;10.741
-21.7614327;-41.3372350;12;-23.670;10.723
-21.7614327;-41.3372350;12;-23.670;10.723
-21.7614330;-41.3372338;12;-23.549;10.686
-21.7614330;-41.3372338;12;-23.549;10.686
-21.7614332;-41.3372325;12;-23.411;10.667
-21.7614332;-41.3372325;12;-23.411;10.667
-21.7614335;-41.3372313;12;-23.291;10.630
-21.7614335;-41.3372313;12;-23.291;10.630
-21.7614337;-41.3372302;12;-23.171;10.612
-21.7614337;-41.3372302;12;-23.171;10.612
-21.7614340;-41.3372292;12;-23.067;10.575
-21.7614340;-41.3372292;12;-23.067;10.575
-21.7614343;-41.3372283;12;-22.981;10.538
-21.7614343;-41.3372283;12;-22.981;10.538
-21.7614347;-41.3372275;12;-22.895;10.501
-21.7614347;-41.3372275;12;-22.895;10.501
-21.7614350;-41.3372262;12;-22.757;10.463
-21.7614350;-41.3372262;12;-22.757;10.463
-21.7614357;-41.3372252;12;-22.654;10.389
-21.7614357;-41.3372252;12;-22.654;10.389
-21.7614360;-41.3372238;12;-22.516;10.352
-21.7614360;-41.3372238;12;-22.516;10.352
-21.7614363;-41.3372228;12;-22.413;10.315
-21.7614363;-41.3372228;12;-22.413;10.315
-21.7614367;-41.3372217;12;-22.293;10.278
-21.7614367;-41.3372217;12;-22.293;10.278
-21.7614370;-41.3372207;12;-22.189;10.241
-21.7614370;-41.3372207;12;-22.189;10.241
-21.7614373;-41.3372195;12;-22.069;10.204
-21.7614373;-41.3372195;12;-22.069;10.204
-21.7614377;-41.3372183;12;-21.948;10.167
-21.7614377;-41.3372183;12;-21.948;10.167
-21.7614380;-41.3372172;12;-21.828;10.130
-21.7614380;-41.3372172;12;-21.828;10.130
-21.7614382;-41.3372162;12;-21.725;10.111
-21.7614382;-41.3372162;12;-21.725;10.111
-21.7614385;-41.3372153;12;-21.639;10.074
-21.7614385;-41.3372153;12;-21.639;10.074
-21.7614388;-41.3372142;12;-21.518;10.037
-21.7614388;-41.3372142;12;-21.518;10.037
-21.7614392;-41.3372130;12;-21.398;10.000
-21.7614392;-41.3372130;12;-21.398;10.000
-21.7614395;-41.3372118;12;-21.277;9.963
-21.7614395;-41.3372118;12;-21.277;9.963
-21.7614397;-41.3372105;12;-21.139;9.945
-21.7614397;-41.3372105;12;-21.139;9.945
-21.7614398;-41.3372093;12;-21.019;9.926
-21.7614398;-41.3372093;12;-21.019;9.926
-21.7614400;-41.3372082;12;-20.899;9.908
-21.7614400;-41.3372082;12;-20.899;9.908
-21.7614402;-41.3372070;12;-20.778;9.889
-21.7614402;-41.3372070;12;-20.778;9.889
-21.7614403;-41.3372058;12;-20.658;9.870
-21.7614403;-41.3372058;12;-20.658;9.870
-21.7614405;-41.3372047;12;-20.537;9.852
-21.7614405;-41.3372047;12;-20.537;9.852
-21.7614407;-41.3372037;12;-20.434;9.833
-21.7614407;-41.3372037;12;-20.434;9.833
-21.7614408;-41.3372028;12;-20.348;9.815
-21.7614408;-41.3372028;12;-20.348;9.815
-21.7614412;-41.3372018;12;-20.244;9.778
-21.7614412;-41.3372018;12;-20.244;9.778
-21.7614415;-41.3372007;12;-20.124;9.741
-21.7614415;-41.3372007;12;-20.124;9.741
-21.7614420;-41.3371997;12;-20.021;9.685
-21.7614420;-41.3371997;12;-20.021;9.685
-21.7614423;-41.3371983;12;-19.883;9.648
-21.7614423;-41.3371983;12;-19.883;9.648
-21.7614425;-41.3371972;12;-19.763;9.630
-21.7614425;-41.3371972;12;-19.763;9.630
-21.7614428;-41.3371960;12;-19.642;9.592
-21.7614428;-41.3371960;12;-19.642;9.592
-21.7614430;-41.3371950;12;-19.539;9.574
-21.7614430;-41.3371950;12;-19.539;9.574
-21.7614433;-41.3371937;12;-19.401;9.537
-21.7614433;-41.3371937;12;-19.401;9.537
-21.7614437;-41.3371925;12;-19.281;9.500
-21.7614437;-41.3371925;12;-19.281;9.500
-21.7614438;-41.3371915;12;-19.177;9.481
-21.7614438;-41.3371915;12;-19.177;9.481
-21.7614440;-41.3371905;12;-19.074;9.463
-21.7614440;-41.3371905;12;-19.074;9.463
-21.7614442;-41.3371897;12;-18.988;9.444
-21.7614442;-41.3371897;12;-18.988;9.444
-21.7614443;-41.3371885;12;-18.868;9.426
-21.7614443;-41.3371885;12;-18.868;9.426
-21.7614448;-41.3371873;12;-18.747;9.370
-21.7614448;-41.3371873;12;-18.747;9.370
-21.7614452;-41.3371862;12;-18.627;9.333
-21.7614452;-41.3371862;12;-18.627;9.333
-21.7614455;-41.3371852;12;-18.523;9.296
-21.7614455;-41.3371852;12;-18.523;9.296
-21.7614457;-41.3371838;12;-18.386;9.277
-21.7614457;-41.3371838;12;-18.386;9.277
-21.7614457;-41.3371828;12;-18.282;9.277
-21.7614457;-41.3371828;12;-18.282;9.277
-21.7614460;-41.3371817;12;-18.162;9.240
-21.7614460;-41.3371817;12;-18.162;9.240
-21.7614460;-41.3371805;12;-18.041;9.240
-21.7614460;-41.3371805;12;-18.041;9.240
-21.7614462;-41.3371795;12;-17.938;9.222
-21.7614462;-41.3371795;12;-17.938;9.222
-21.7614463;-41.3371783;12;-17.818;9.203
-21.7614463;-41.3371783;12;-17.818;9.203
-21.7614468;-41.3371773;12;-17.714;9.148
-21.7614468;-41.3371773;12;-17.714;9.148
-21.7614470;-41.3371763;12;-17.611;9.129
-21.7614470;-41.3371763;12;-17.611;9.129
-21.7614472;-41.3371750;12;-17.473;9.111
-21.7614472;-41.3371750;12;-17.473;9.111
-21.7614475;-41.3371740;12;-17.370;9.074
-21.7614475;-41.3371740;12;-17.370;9.074
-21.7614480;-41.3371728;12;-17.250;9.018
-21.7614480;-41.3371728;12;-17.250;9.018
-21.7614482;-41.3371717;12;-17.129;8.999
-21.7614482;-41.3371717;12;-17.129;8.999
-21.7614483;-41.3371705;12;-17.009;8.981
-21.7614483;-41.3371705;12;-17.009;8.981
-21.7614487;-41.3371692;12;-16.871;8.944
-21.7614487;-41.3371692;12;-16.871;8.944
-21.7614488;-41.3371680;12;-16.750;8.925
-21.7614488;-41.3371680;12;-16.750;8.925
-21.7614490;-41.3371668;12;-16.630;8.907
-21.7614490;-41.3371668;12;-16.630;8.907
-21.7614493;-41.3371657;12;-16.510;8.870
-21.7614493;-41.3371657;12;-16.510;8.870
-21.7614493;-41.3371647;12;-16.406;8.870
-21.7614493;-41.3371647;12;-16.406;8.870
-21.7614497;-41.3371637;12;-16.303;8.833
-21.7614497;-41.3371637;12;-16.303;8.833
-21.7614500;-41.3371627;12;-16.200;8.796
-21.7614500;-41.3371627;12;-16.200;8.796
-21.7614505;-41.3371615;12;-16.079;8.740
-21.7614505;-41.3371615;12;-16.079;8.740
-21.7614510;-41.3371602;12;-15.942;8.684
-21.7614510;-41.3371602;12;-15.942;8.684
-21.7614512;-41.3371592;12;-15.838;8.666
-21.7614512;-41.3371592;12;-15.838;8.666
-21.7614515;-41.3371580;12;-15.718;8.629
-21.7614515;-41.3371580;12;-15.718;8.629
-21.7614517;-41.3371568;12;-15.597;8.610
-21.7614517;-41.3371568;12;-15.597;8.610
-21.7614520;-41.3371557;12;-15.477;8.573
-21.7614520;-41.3371557;12;-15.477;8.573
-21.7614522;-41.3371543;12;-15.339;8.555
-21.7614522;-41.3371543;12;-15.339;8.555
-21.7614522;-41.3371533;12;-15.236;8.555
-21.7614522;-41.3371533;12;-15.236;8.555
-21.7614525;-41.3371525;12;-15.150;8.518
-21.7614525;-41.3371525;12;-15.150;8.518
-21.7614527;-41.3371515;12;-15.047;8.499
-21.7614527;-41.3371515;12;-15.047;8.499
-21.7614528;-41.3371502;12;-14.909;8.481
-21.7614528;-41.3371502;12;-14.909;8.481
-21.7614532;-41.3371492;12;-14.806;8.443
-21.7614532;-41.3371492;12;-14.806;8.443
-21.7614535;-41.3371480;12;-14.685;8.406
-21.7614535;-41.3371480;12;-14.685;8.406
-21.7614538;-41.3371468;12;-14.565;8.369
-21.7614538;-41.3371468;12;-14.565;8.369
-21.7614542;-41.3371457;12;-14.444;8.332
-21.7614542;-41.3371457;12;-14.444;8.332
-21.7614542;-41.3371447;12;-14.341;8.332
-21.7614542;-41.3371447;12;-14.341;8.332
-21.7614543;-41.3371435;12;-14.220;8.314
-21.7614543;-41.3371435;12;-14.220;8.314
-21.7614545;-41.3371422;12;-14.083;8.295
-21.7614545;-41.3371422;12;-14.083;8.295
-21.7614547;-41.3371410;12;-13.962;8.277
-21.7614547;-41.3371410;12;-13.962;8.277
-21.7614550;-41.3371398;12;-13.842;8.240
-21.7614550;-41.3371398;12;-13.842;8.240
-21.7614552;-41.3371390;12;-13.756;8.221
-21.7614552;-41.3371390;12;-13.756;8.221
-21.7614555;-41.3371382;12;-13.670;8.184
-21.7614555;-41.3371382;12;-13.670;8.184
-21.7614558;-41.3371370;12;-13.549;8.147
-21.7614558;-41.3371370;12;-13.549;8.147
-21.7614562;-41.3371358;12;-13.429;8.110
-21.7614562;-41.3371358;12;-13.429;8.110
-21.7614567;-41.3371347;12;-13.308;8.054
-21.7614567;-41.3371347;12;-13.308;8.054
-21.7614568;-41.3371337;12;-13.205;8.036
-21.7614568;-41.3371337;12;-13.205;8.036
-21.7614570;-41.3371323;12;-13.067;8.017
-21.7614570;-41.3371323;12;-13.067;8.017
-21.7614572;-41.3371313;12;-12.964;7.999
-21.7614572;-41.3371313;12;-12.964;7.999
-21.7614575;-41.3371300;12;-12.826;7.962
-21.7614575;-41.3371300;12;-12.826;7.962
-21.7614577;-41.3371288;12;-12.706;7.943
-21.7614577;-41.3371288;12;-12.706;7.943
-21.7614578;-41.3371275;12;-12.568;7.925
-21.7614578;-41.3371275;12;-12.568;7.925
-21.7614580;-41.3371265;12;-12.465;7.906
-21.7614580;-41.3371265;12;-12.465;7.906
-21.7614583;-41.3371257;12;-12.379;7.869
-21.7614583;-41.3371257;12;-12.379;7.869
-21.7614583;-41.3371245;12;-12.258;7.869
-21.7614583;-41.3371245;12;-12.258;7.869
-21.7614590;-41.3371237;12;-12.172;7.795
-21.7614590;-41.3371237;12;-12.172;7.795
-21.7614593;-41.3371223;12;-12.034;7.758
-21.7614593;-41.3371223;12;-12.034;7.758
-21.7614598;-41.3371213;12;-11.931;7.702
-21.7614598;-41.3371213;12;-11.931;7.702
-21.7614600;-41.3371202;12;-11.811;7.684
-21.7614600;-41.3371202;12;-11.811;7.684
-21.7614602;-41.3371193;12;-11.725;7.665
-21.7614602;-41.3371193;12;-11.725;7.665
-21.7614607;-41.3371183;12;-11.621;7.609
-21.7614607;-41.3371183;12;-11.621;7.609
-21.7614610;-41.3371172;12;-11.501;7.572
-21.7614610;-41.3371172;12;-11.501;7.572
-21.7614612;-41.3371160;12;-11.380;7.554
-21.7614612;-41.3371160;12;-11.380;7.554
-21.7614613;-41.3371150;12;-11.277;7.535
-21.7614613;-41.3371150;12;-11.277;7.535
-21.7614617;-41.3371140;12;-11.174;7.498
-21.7614617;-41.3371140;12;-11.174;7.498
-21.7614617;-41.3371130;12;-11.071;7.498
-21.7614617;-41.3371130;12;-11.071;7.498
-21.7614623;-41.3371120;12;-10.967;7.424
-21.7614623;-41.3371120;12;-10.967;7.424
-21.7614625;-41.3371110;12;-10.864;7.406
-21.7614625;-41.3371110;12;-10.864;7.406
-21.7614630;-41.3371097;12;-10.726;7.350
-21.7614630;-41.3371097;12;-10.726;7.350
-21.7614633;-41.3371088;12;-10.640;7.313
-21.7614633;-41.3371088;12;-10.640;7.313
-21.7614637;-41.3371075;12;-10.503;7.276
-21.7614637;-41.3371075;12;-10.503;7.276
-21.7614638;-41.3371063;12;-10.382;7.257
-21.7614638;-41.3371063;12;-10.382;7.257
-21.7614642;-41.3371053;12;-10.279;7.220
-21.7614642;-41.3371053;12;-10.279;7.220
-21.7614645;-41.3371042;12;-10.158;7.183
-21.7614645;-41.3371042;12;-10.158;7.183
-21.7614647;-41.3371030;12;-10.038;7.165
-21.7614647;-41.3371030;12;-10.038;7.165
-21.7614650;-41.3371020;12;-9.935;7.128
-21.7614650;-41.3371020;12;-9.935;7.128
-21.7614653;-41.3371012;12;-9.849;7.091
-21.7614653;-41.3371012;12;-9.849;7.091
-21.7614657;-41.3371002;12;-9.745;7.053
-21.7614657;-41.3371002;12;-9.745;7.053
-21.7614662;-41.3370992;12;-9.642;6.998
-21.7614662;-41.3370992;12;-9.642;6.998
-21.7614667;-41.3370982;12;-9.539;6.942
-21.7614667;-41.3370982;12;-9.539;6.942
-21.7614670;-41.3370970;12;-9.418;6.905
-21.7614670;-41.3370970;12;-9.418;6.905
-21.7614673;-41.3370958;12;-9.298;6.868
-21.7614673;-41.3370958;12;-9.298;6.868
-21.7614677;-41.3370947;12;-9.177;6.831
-21.7614677;-41.3370947;12;-9.177;6.831
-21.7614680;-41.3370937;12;-9.074;6.794
-21.7614680;-41.3370937;12;-9.074;6.794
-21.7614682;-41.3370925;12;-8.954;6.775
-21.7614682;-41.3370925;12;-8.954;6.775
-21.7614685;-41.3370913;12;-8.833;6.738
-21.7614685;-41.3370913;12;-8.833;6.738
-21.7614685;-41.3370903;12;-8.730;6.738
-21.7614685;-41.3370903;12;-8.730;6.738
-21.7614687;-41.3370895;12;-8.644;6.720
-21.7614687;-41.3370895;12;-8.644;6.720
-21.7614692;-41.3370885;12;-8.540;6.664
-21.7614692;-41.3370885;12;-8.540;6.664
-21.7614693;-41.3370872;12;-8.403;6.646
-21.7614693;-41.3370872;12;-8.403;6.646
-21.7614698;-41.3370862;12;-8.300;6.590
-21.7614698;-41.3370862;12;-8.300;6.590
-21.7614698;-41.3370850;12;-8.179;6.590
-21.7614698;-41.3370850;12;-8.179;6.590
-21.7614702;-41.3370838;12;-8.059;6.553
-21.7614702;-41.3370838;12;-8.059;6.553
-21.7614705;-41.3370828;12;-7.955;6.516
-21.7614705;-41.3370828;12;-7.955;6.516
-21.7614707;-41.3370822;12;-7.886;6.497
-21.7614707;-41.3370822;12;-7.886;6.497
-21.7614708;-41.3370810;12;-7.766;6.479
-21.7614708;-41.3370810;12;-7.766;6.479
-21.7614712;-41.3370798;12;-7.645;6.442
-21.7614712;-41.3370798;12;-7.645;6.442
-21.7614713;-41.3370790;12;-7.559;6.423
-21.7614713;-41.3370790;12;-7.559;6.423
-21.7614715;-41.3370780;12;-7.456;6.405
-21.7614715;-41.3370780;12;-7.456;6.405
-21.7614718;-41.3370772;12;-7.370;6.368
-21.7614718;-41.3370772;12;-7.370;6.368
-21.7614720;-41.3370762;12;-7.267;6.349
-21.7614720;-41.3370762;12;-7.267;6.349
-21.7614723;-41.3370750;12;-7.146;6.312
-21.7614723;-41.3370750;12;-7.146;6.312
-21.7614728;-41.3370738;12;-7.026;6.257
-21.7614728;-41.3370738;12;-7.026;6.257
-21.7614733;-41.3370728;12;-6.923;6.201
-21.7614733;-41.3370728;12;-6.923;6.201
-21.7614735;-41.3370715;12;-6.785;6.182
-21.7614735;-41.3370715;12;-6.785;6.182
-21.7614738;-41.3370705;12;-6.682;6.145
-21.7614738;-41.3370705;12;-6.682;6.145
-21.7614740;-41.3370693;12;-6.561;6.127
-21.7614740;-41.3370693;12;-6.561;6.127
-21.7614742;-41.3370682;12;-6.441;6.108
-21.7614742;-41.3370682;12;-6.441;6.108
-21.7614745;-41.3370673;12;-6.355;6.071
-21.7614745;-41.3370673;12;-6.355;6.071
-21.7614747;-41.3370662;12;-6.234;6.053
-21.7614747;-41.3370662;12;-6.234;6.053
-21.7614750;-41.3370653;12;-6.148;6.016
-21.7614750;-41.3370653;12;-6.148;6.016
-21.7614752;-41.3370645;12;-6.062;5.997
-21.7614752;-41.3370645;12;-6.062;5.997
-21.7614758;-41.3370635;12;-5.959;5.923
-21.7614758;-41.3370635;12;-5.959;5.923
-21.7614767;-41.3370625;12;-5.855;5.830
-21.7614767;-41.3370625;12;-5.855;5.830
-21.7614768;-41.3370613;12;-5.735;5.812
-21.7614768;-41.3370613;12;-5.735;5.812
-21.7614775;-41.3370603;12;-5.632;5.738
-21.7614775;-41.3370603;12;-5.632;5.738
-21.7614780;-41.3370595;12;-5.546;5.682
-21.7614780;-41.3370595;12;-5.546;5.682
-21.7614782;-41.3370585;12;-5.442;5.664
-21.7614782;-41.3370585;12;-5.442;5.664
-21.7614787;-41.3370575;12;-5.339;5.608
-21.7614787;-41.3370575;12;-5.339;5.608
-21.7614790;-41.3370565;12;-5.236;5.571
-21.7614790;-41.3370565;12;-5.236;5.571
-21.7614793;-41.3370553;12;-5.115;5.534
-21.7614793;-41.3370553;12;-5.115;5.534
-21.7614802;-41.3370548;12;-5.064;5.441
-21.7614802;-41.3370548;12;-5.064;5.441
-21.7614805;-41.3370540;12;-4.978;5.404
-21.7614805;-41.3370540;12;-4.978;5.404
-21.7614810;-41.3370533;12;-4.909;5.349
-21.7614810;-41.3370533;12;-4.909;5.349
-21.7614817;-41.3370523;12;-4.805;5.274
-21.7614817;-41.3370523;12;-4.805;5.274
-21.7614825;-41.3370512;12;-4.685;5.182
-21.7614825;-41.3370512;12;-4.685;5.182
-21.7614832;-41.3370503;12;-4.599;5.108
-21.7614832;-41.3370503;12;-4.599;5.108
-21.7614838;-41.3370495;12;-4.513;5.033
-21.7614838;-41.3370495;12;-4.513;5.033
-21.7614843;-41.3370485;12;-4.410;4.978
-21.7614843;-41.3370485;12;-4.410;4.978
-21.7614850;-41.3370478;12;-4.341;4.904
-21.7614850;-41.3370478;12;-4.341;4.904
-21.7614858;-41.3370472;12;-4.272;4.811
-21.7614858;-41.3370472;12;-4.272;4.811
-21.7614865;-41.3370465;12;-4.203;4.737
-21.7614865;-41.3370465;12;-4.203;4.737
-21.7614873;-41.3370457;12;-4.117;4.644
-21.7614873;-41.3370457;12;-4.117;4.644
-21.7614877;-41.3370448;12;-4.031;4.607
-21.7614877;-41.3370448;12;-4.031;4.607
-21.7614883;-41.3370443;12;-3.979;4.533
-21.7614883;-41.3370443;12;-3.979;4.533
-21.7614890;-41.3370435;12;-3.893;4.459
-21.7614890;-41.3370435;12;-3.893;4.459
-21.7614898;-41.3370428;12;-3.824;4.366
-21.7614898;-41.3370428;12;-3.824;4.366
-21.7614907;-41.3370420;12;-3.738;4.274
-21.7614907;-41.3370420;12;-3.738;4.274
-21.7614917;-41.3370413;12;-3.670;4.162
-21.7614917;-41.3370413;12;-3.670;4.162
-21.7614925;-41.3370405;12;-3.583;4.070
-21.7614925;-41.3370405;12;-3.583;4.070
-21.7614930;-41.3370397;12;-3.497;4.014
-21.7614930;-41.3370397;12;-3.497;4.014
-21.7614938;-41.3370392;12;-3.446;3.922
-21.7614938;-41.3370392;12;-3.446;3.922
-21.7614947;-41.3370385;12;-3.377;3.829
-21.7614947;-41.3370385;12;-3.377;3.829
-21.7614952;-41.3370378;12;-3.308;3.773
-21.7614952;-41.3370378;12;-3.308;3.773
-21.7614963;-41.3370372;12;-3.239;3.644
-21.7614963;-41.3370372;12;-3.239;3.644
-21.7614968;-41.3370368;12;-3.205;3.588
-21.7614968;-41.3370368;12;-3.205;3.588
-21.7614977;-41.3370365;12;-3.170;3.495
-21.7614977;-41.3370365;12;-3.170;3.495
-21.7614985;-41.3370358;12;-3.102;3.403
-21.7614985;-41.3370358;12;-3.102;3.403
-21.7614995;-41.3370355;12;-3.067;3.291
-21.7614995;-41.3370355;12;-3.067;3.291
-21.7615005;-41.3370352;12;-3.033;3.180
-21.7615005;-41.3370352;12;-3.033;3.180
-21.7615013;-41.3370348;12;-2.998;3.088
-21.7615013;-41.3370348;12;-2.998;3.088
-21.7615023;-41.3370343;12;-2.947;2.976
-21.7615023;-41.3370343;12;-2.947;2.976
-21.7615032;-41.3370337;12;-2.878;2.884
-21.7615032;-41.3370337;12;-2.878;2.884
-21.7615040;-41.3370333;12;-2.843;2.791
-21.7615040;-41.3370333;12;-2.843;2.791
-21.7615047;-41.3370332;12;-2.826;2.717
-21.7615047;-41.3370332;12;-2.826;2.717
-21.7615057;-41.3370327;12;-2.775;2.606
-21.7615057;-41.3370327;12;-2.775;2.606
-21.7615062;-41.3370327;12;-2.775;2.550
-21.7615062;-41.3370327;12;-2.775;2.550
-21.7615067;-41.3370327;12;-2.775;2.494
-21.7615067;-41.3370327;12;-2.775;2.494
-21.7615075;-41.3370325;12;-2.757;2.402
-21.7615075;-41.3370325;12;-2.757;2.402
-21.7615082;-41.3370323;12;-2.740;2.328
-21.7615082;-41.3370323;12;-2.740;2.328
-21.7615088;-41.3370323;12;-2.740;2.254
-21.7615088;-41.3370323;12;-2.740;2.254
-21.7615095;-41.3370323;12;-2.740;2.179
-21.7615095;-41.3370323;12;-2.740;2.179
-21.7615103;-41.3370322;12;-2.723;2.087
-21.7615103;-41.3370322;12;-2.723;2.087
-21.7615110;-41.3370320;12;-2.706;2.013
-21.7615110;-41.3370320;12;-2.706;2.013
-21.7615115;-41.3370317;12;-2.671;1.957
-21.7615115;-41.3370317;12;-2.671;1.957
-21.7615120;-41.3370313;12;-2.637;1.901
-21.7615120;-41.3370313;12;-2.637;1.901
-21.7615128;-41.3370310;12;-2.602;1.809
-21.7615128;-41.3370310;12;-2.602;1.809
-21.7615135;-41.3370305;12;-2.551;1.735
-21.7615135;-41.3370305;12;-2.551;1.735
-21.7615145;-41.3370305;12;-2.551;1.623
-21.7615145;-41.3370305;12;-2.551;1.623
-21.7615153;-41.3370303;12;-2.534;1.531
-21.7615153;-41.3370303;12;-2.534;1.531
-21.7615160;-41.3370300;12;-2.499;1.457
-21.7615160;-41.3370300;12;-2.499;1.457
-21.7615172;-41.3370300;12;-2.499;1.327
-21.7615172;-41.3370300;12;-2.499;1.327
-21.7615180;-41.3370298;12;-2.482;1.234
-21.7615180;-41.3370298;12;-2.482;1.234
-21.7615192;-41.3370298;12;-2.482;1.105
-21.7615192;-41.3370298;12;-2.482;1.105
-21.7615202;-41.3370297;12;-2.465;0.993
-21.7615202;-41.3370297;12;-2.465;0.993
-21.7615213;-41.3370295;12;-2.448;0.864
-21.7615213;-41.3370295;12;-2.448;0.864
-21.7615220;-41.3370292;12;-2.413;0.790
-21.7615220;-41.3370292;12;-2.413;0.790
-21.7615232;-41.3370290;12;-2.396;0.660
-21.7615232;-41.3370290;12;-2.396;0.660
-21.7615240;-41.3370283;12;-2.327;0.567
-21.7615240;-41.3370283;12;-2.327;0.567
-21.7615252;-41.3370282;12;-2.310;0.437
-21.7615252;-41.3370282;12;-2.310;0.437
-21.7615263;-41.3370277;12;-2.258;0.308
-21.7615263;-41.3370277;12;-2.258;0.308
-21.7615272;-41.3370272;12;-2.207;0.215
-21.7615272;-41.3370272;12;-2.207;0.215
-21.7615280;-41.3370272;12;-2.207;0.122
-21.7615280;-41.3370272;12;-2.207;0.122
-21.7615292;-41.3370270;12;-2.189;-0.007
-21.7615292;-41.3370270;12;-2.189;-0.007
-21.7615302;-41.3370267;12;-2.155;-0.119
-21.7615302;-41.3370267;12;-2.155;-0.119
-21.7615313;-41.3370270;12;-2.189;-0.248
-21.7615313;-41.3370270;12;-2.189;-0.248
-21.7615323;-41.3370272;12;-2.207;-0.359
-21.7615323;-41.3370272;12;-2.207;-0.359
-21.7615333;-41.3370270;12;-2.189;-0.471
-21.7615333;-41.3370270;12;-2.189;-0.471
-21.7615345;-41.3370272;12;-2.207;-0.600
-21.7615345;-41.3370272;12;-2.207;-0.600
-21.7615355;-41.3370272;12;-2.207;-0.712
-21.7615355;-41.3370272;12;-2.207;-0.712
-21.7615365;-41.3370272;12;-2.207;-0.823
-21.7615365;-41.3370272;12;-2.207;-0.823
-21.7615375;-41.3370273;12;-2.224;-0.934
-21.7615375;-41.3370273;12;-2.224;-0.934
-21.7615385;-41.3370275;12;-2.241;-1.045
-21.7615385;-41.3370275;12;-2.241;-1.045
-21.7615393;-41.3370277;12;-2.258;-1.138
-21.7615393;-41.3370277;12;-2.258;-1.138
-21.7615402;-41.3370278;12;-2.275;-1.231
-21.7615402;-41.3370278;12;-2.275;-1.231
-21.7615412;-41.3370282;12;-2.310;-1.342
-21.7615412;-41.3370282;12;-2.310;-1.342
-21.7615423;-41.3370285;12;-2.344;-1.471
-21.7615423;-41.3370285;12;-2.344;-1.471
-21.7615435;-41.3370288;12;-2.379;-1.601
-21.7615435;-41.3370288;12;-2.379;-1.601
-21.7615445;-41.3370290;12;-2.396;-1.712
-21.7615445;-41.3370290;12;-2.396;-1.712
-21.7615455;-41.3370292;12;-2.413;-1.824
-21.7615455;-41.3370292;12;-2.413;-1.824
-21.7615465;-41.3370293;12;-2.430;-1.935
-21.7615465;-41.3370293;12;-2.430;-1.935
-21.7615475;-41.3370295;12;-2.448;-2.046
-21.7615475;-41.3370295;12;-2.448;-2.046
-21.7615485;-41.3370297;12;-2.465;-2.157
-21.7615485;-41.3370297;12;-2.465;-2.157
-21.7615495;-41.3370297;12;-2.465;-2.268
-21.7615495;-41.3370297;12;-2.465;-2.268
-21.7615505;-41.3370300;12;-2.499;-2.380
-21.7615505;-41.3370300;12;-2.499;-2.380
-21.7615513;-41.3370303;12;-2.534;-2.472
-21.7615513;-41.3370303;12;-2.534;-2.472
-21.7615522;-41.3370303;12;-2.534;-2.565
-21.7615522;-41.3370303;12;-2.534;-2.565
-21.7615532;-41.3370308;12;-2.585;-2.676
-21.7615532;-41.3370308;12;-2.585;-2.676
-21.7615542;-41.3370313;12;-2.637;-2.787
-21.7615542;-41.3370313;12;-2.637;-2.787
-21.7615553;-41.3370317;12;-2.671;-2.917
-21.7615553;-41.3370317;12;-2.671;-2.917
-21.7615563;-41.3370320;12;-2.706;-3.028
-21.7615563;-41.3370320;12;-2.706;-3.028
-21.7615573;-41.3370323;12;-2.740;-3.139
-21.7615573;-41.3370323;12;-2.740;-3.139
-21.7615582;-41.3370327;12;-2.775;-3.232
-21.7615582;-41.3370327;12;-2.775;-3.232
-21.7615592;-41.3370328;12;-2.792;-3.343
-21.7615592;-41.3370328;12;-2.792;-3.343
-21.7615602;-41.3370332;12;-2.826;-3.454
-21.7615602;-41.3370332;12;-2.826;-3.454
-21.7615610;-41.3370333;12;-2.843;-3.547
-21.7615610;-41.3370333;12;-2.843;-3.547
-21.7615622;-41.3370338;12;-2.895;-3.677
-21.7615622;-41.3370338;12;-2.895;-3.677
-21.7615628;-41.3370338;12;-2.895;-3.751
-21.7615628;-41.3370338;12;-2.895;-3.751
-21.7615635;-41.3370343;12;-2.947;-3.825
-21.7615635;-41.3370343;12;-2.947;-3.825
-21.7615643;-41.3370347;12;-2.981;-3.918
-21.7615643;-41.3370347;12;-2.981;-3.918
-21.7615650;-41.3370350;12;-3.016;-3.992
-21.7615650;-41.3370350;12;-3.016;-3.992
-21.7615655;-41.3370355;12;-3.067;-4.047
-21.7615655;-41.3370355;12;-3.067;-4.047
-21.7615660;-41.3370357;12;-3.084;-4.103
-21.7615660;-41.3370357;12;-3.084;-4.103
-21.7615660;-41.3370360;12;-3.119;-4.103
-21.7615660;-41.3370360;12;-3.119;-4.103
-21.7615662;-41.3370362;12;-3.136;-4.122
-21.7615662;-41.3370362;12;-3.136;-4.122
-21.7615663;-41.3370362;12;-3.136;-4.140
-21.7615663;-41.3370362;12;-3.136;-4.140
-21.7615663;-41.3370362;12;-3.136;-4.140
-21.7615663;-41.3370362;12;-3.136;-4.140
-21.7615665;-41.3370360;12;-3.119;-4.159
-21.7615665;-41.3370360;12;-3.119;-4.159
-21.7615665;-41.3370360;12;-3.119;-4.159
-21.7615665;-41.3370360;12;-3.119;-4.159
-21.7615667;-41.3370360;12;-3.119;-4.177
-21.7615667;-41.3370360;12;-3.119;-4.177
-21.7615667;-41.3370360;12;-3.119;-4.177
-21.7615667;-41.3370360;12;-3.119;-4.177
-21.7615667;-41.3370358;12;-3.102;-4.177
-21.7615667;-41.3370358;12;-3.102;-4.177
-21.7615667;-41.3370358;12;-3.102;-4.177
-21.7615667;-41.3370358;12;-3.102;-4.177
-21.7615667;-41.3370358;12;-3.102;-4.177
-21.7615667;-41.3370358;12;-3.102;-4.177
-21.7615667;-41.3370358;12;-3.102;-4.177
-21.7615667;-41.3370358;12;-3.102;-4.177
-21.7615667;-41.3370357;12;-3.084;-4.177
-21.7615667;-41.3370357;12;-3.084;-4.177
-21.7615667;-41.3370357;12;-3.084;-4.177
-21.7615667;-41.3370357;12;-3.084;-4.177
-21.7615668;-41.3370357;12;-3.084;-4.196
-21.7615668;-41.3370357;12;-3.084;-4.196
-21.7615670;-41.3370357;12;-3.084;-4.214
-21.7615670;-41.3370357;12;-3.084;-4.214
-21.7615670;-41.3370355;12;-3.067;-4.214
-21.7615670;-41.3370355;12;-3.067;-4.214
-21.7615668;-41.3370353;12;-3.050;-4.196
-21.7615668;-41.3370353;12;-3.050;-4.196
-21.7615668;-41.3370352;12;-3.033;-4.196
-21.7615668;-41.3370352;12;-3.033;-4.196
-21.7615668;-41.3370350;12;-3.016;-4.196
-21.7615668;-41.3370350;12;-3.016;-4.196
-21.7615668;-41.3370348;12;-2.998;-4.196
-21.7615668;-41.3370348;12;-2.998;-4.196
-21.7615668;-41.3370348;12;-2.998;-4.196
-21.7615668;-41.3370348;12;-2.998;-4.196
-21.7615668;-41.3370348;12;-2.998;-4.196
-21.7615668;-41.3370348;12;-2.998;-4.196
-21.7615668;-41.3370348;12;-2.998;-4.196
-21.7615668;-41.3370348;12;-2.998;-4.196
-21.7615668;-41.3370348;12;-2.998;-4.196
-21.7615668;-41.3370348;12;-2.998;-4.196
-21.7615668;-41.3370348;12;-2.998;-4.196
-21.7615668;-41.3370348;12;-2.998;-4.196
-21.7615668;-41.3370348;12;-2.998;-4.196
-21.7615668;-41.3370348;12;-2.998;-4.196
-21.7615668;-41.3370350;12;-3.016;-4.196
-21.7615668;-41.3370350;12;-3.016;-4.196
-21.7615668;-41.3370350;12;-3.016;-4.196
-21.7615668;-41.3370350;12;-3.016;-4.196
-21.7615668;-41.3370352;12;-3.033;-4.196
-21.7615668;-41.3370352;12;-3.033;-4.196
-21.7615668;-41.3370352;12;-3.033;-4.196
-21.7615668;-41.3370352;12;-3.033;-4.196
-21.7615668;-41.3370352;12;-3.033;-4.196
-21.7615668;-41.3370352;12;-3.033;-4.196
-21.7615668;-41.3370352;12;-3.033;-4.196
-21.7615668;-41.3370352;12;-3.033;-4.196
-21.7615668;-41.3370352;12;-3.033;-4.196
-21.7615668;-41.3370352;12;-3.033;-4.196
-21.7615668;-41.3370352;12;-3.033;-4.196
-21.7615668;-41.3370352;12;-3.033;-4.196
-21.7615668;-41.3370352;12;-3.033;-4.196
-21.7615668;-41.3370352;12;-3.033;-4.196
-21.7615668;-41.3370352;12;-3.033;-4.196
-21.7615668;-41.3370352;12;-3.033;-4.196
-21.7615668;-41.3370352;12;-3.033;-4.196
-21.7615668;-41.3370352;12;-3.033;-4.196
-21.7615668;-41.3370352;12;-3.033;-4.196
-21.7615668;-41.3370352;12;-3.033;-4.196
-21.7615668;-41.3370352;12;-3.033;-4.196
-21.7615668;-41.3370352;12;-3.033;-4.196
-21.7615667;-41.3370352;12;-3.033;-4.177
-21.7615667;-41.3370352;12;-3.033;-4.177
-21.7615667;-41.3370352;12;-3.033;-4.177
-21.7615667;-41.3370352;12;-3.033;-4.177
-21.7615667;-41.3370352;12;-3.033;-4.177
-21.7615667;-41.3370352;12;-3.033;-4.177
-21.7615667;-41.3370352;12;-3.033;-4.177
-21.7615667;-41.3370352;12;-3.033;-4.177
-21.7615667;-41.3370350;12;-3.016;-4.177
-21.7615667;-41.3370350;12;-3.016;-4.177
-21.7615667;-41.3370350;12;-3.016;-4.177
-21.7615667;-41.3370350;12;-3.016;-4.177
-21.7615667;-41.3370350;12;-3.016;-4.177
-21.7615667;-41.3370350;12;-3.016;-4.177
-21.7615667;-41.3370350;12;-3.016;-4.177
-21.7615667;-41.3370350;12;-3.016;-4.177
-21.7615668;-41.3370350;12;-3.016;-4.196
-21.7615668;-41.3370350;12;-3.016;-4.196
-21.7615667;-41.3370350;12;-3.016;-4.177
-21.7615667;-41.3370350;12;-3.016;-4.177
-21.7615668;-41.3370350;12;-3.016;-4.196
-21.7615668;-41.3370350;12;-3.016;-4.196
-21.7615668;-41.3370350;12;-3.016;-4.196
-21.7615668;-41.3370350;12;-3.016;-4.196
-21.7615668;-41.3370350;12;-3.016;-4.196
-21.7615668;-41.3370350;12;-3.016;-4.196
-21.7615668;-41.3370350;12;-3.016;-4.196
-21.7615668;-41.3370350;12;-3.016;-4.196
-21.7615668;-41.3370350;12;-3.016;-4.196
-21.7615668;-41.3370350;12;-3.016;-4.196
-21.7615668;-41.3370350;12;-3.016;-4.196
-21.7615668;-41.3370350;12;-3.016;-4.196
-21.7615668;-41.3370352;12;-3.033;-4.196
-21.7615668;-41.3370352;12;-3.033;-4.196
-21.7615668;-41.3370350;12;-3.016;-4.196
-21.7615668;-41.3370350;12;-3.016;-4.196
-21.7615668;-41.3370352;12;-3.033;-4.196
-21.7615668;-41.3370352;12;-3.033;-4.196
-21.7615668;-41.3370350;12;-3.016;-4.196
-21.7615668;-41.3370350;12;-3.016;-4.196
-21.7615668;-41.3370352;12;-3.033;-4.196
-21.7615668;-41.3370352;12;-3.033;-4.196
-21.7615668;-41.3370352;12;-3.033;-4.196
-21.7615668;-41.3370352;12;-3.033;-4.196
-21.7615668;-41.3370352;12;-3.033;-4.196
-21.7615668;-41.3370352;12;-3.033;-4.196
-21.7615668;-41.3370352;12;-3.033;-4.196
-21.7615668;-41.3370352;12;-3.033;-4.196
-21.7615668;-41.3370352;12;-3.033;-4.196
-21.7615668;-41.3370352;12;-3.033;-4.196
-21.7615668;-41.3370352;12;-3.033;-4.196
-21.7615668;-41.3370352;12;-3.033;-4.196
-21.7615668;-41.3370352;12;-3.033;-4.196
-21.7615668;-41.3370352;12;-3.033;-4.196
-21.7615667;-41.3370352;12;-3.033;-4.177
-21.7615667;-41.3370352;12;-3.033;-4.177
-21.7615668;-41.3370352;12;-3.033;-4.196
-21.7615668;-41.3370352;12;-3.033;-4.196
-21.7615668;-41.3370352;12;-3.033;-4.196
-21.7615668;-41.3370352;12;-3.033;-4.196
-21.7615668;-41.3370352;12;-3.033;-4.196
-21.7615668;-41.3370352;12;-3.033;-4.196
-21.7615668;-41.3370352;12;-3.033;-4.196
-21.7615668;-41.3370352;12;-3.033;-4.196
-21.7615668;-41.3370352;12;-3.033;-4.196
-21.7615668;-41.3370352;12;-3.033;-4.196
-21.7615668;-41.3370352;12;-3.033;-4.196
-21.7615668;-41.3370352;12;-3.033;-4.196
-21.7615668;-41.3370352;12;-3.033;-4.196
-21.7615668;-41.3370352;12;-3.033;-4.196
-21.7615668;-41.3370352;12;-3.033;-4.196
-21.7615668;-41.3370352;12;-3.033;-4.196
-21.7615668;-41.3370352;12;-3.033;-4.196
-21.7615668;-41.3370352;12;-3.033;-4.196
-21.7615668;-41.3370352;12;-3.033;-4.196
-21.7615668;-41.3370352;12;-3.033;-4.196
-21.7615668;-41.3370353;12;-3.050;-4.196
-21.7615668;-41.3370353;12;-3.050;-4.196
-21.7615668;-41.3370353;12;-3.050;-4.196
-21.7615668;-41.3370353;12;-3.050;-4.196
-21.7615668;-41.3370353;12;-3.050;-4.196
-21.7615668;-41.3370353;12;-3.050;-4.196
-21.7615668;-41.3370353;12;-3.050;-4.196
-21.7615668;-41.3370353;12;-3.050;-4.196
-21.7615668;-41.3370353;12;-3.050;-4.196
-21.7615668;-41.3370353;12;-3.050;-4.196
-21.7615668;-41.3370352;12;-3.033;-4.196
-21.7615668;-41.3370352;12;-3.033;-4.196
-21.7615668;-41.3370353;12;-3.050;-4.196
-21.7615668;-41.3370353;12;-3.050;-4.196
-21.7615668;-41.3370353;12;-3.050;-4.196
-21.7615668;-41.3370353;12;-3.050;-4.196
-21.7615668;-41.3370353;12;-3.050;-4.196
-21.7615668;-41.3370353;12;-3.050;-4.196
-21.7615668;-41.3370353;12;-3.050;-4.196
-21.7615668;-41.3370353;12;-3.050;-4.196
-21.7615668;-41.3370353;12;-3.050;-4.196
-21.7615668;-41.3370353;12;-3.050;-4.196
-21.7615668;-41.3370353;12;-3.050;-4.196
-21.7615668;-41.3370353;12;-3.050;-4.196
-21.7615668;-41.3370353;12;-3.050;-4.196
-21.7615668;-41.3370353;12;-3.050;-4.196
-21.7615668;-41.3370353;12;-3.050;-4.196
-21.7615668;-41.3370353;12;-3.050;-4.196
-21.7615668;-41.3370353;12;-3.050;-4.196
-21.7615668;-41.3370353;12;-3.050;-4.196
-21.7615668;-41.3370353;12;-3.050;-4.196
-21.7615668;-41.3370353;12;-3.050;-4.196
-21.7615668;-41.3370353;12;-3.050;-4.196
-21.7615668;-41.3370353;12;-3.050;-4.196
-21.7615667;-41.3370353;12;-3.050;-4.177
-21.7615667;-41.3370353;12;-3.050;-4.177
-21.7615667;-41.3370355;12;-3.067;-4.177
-21.7615667;-41.3370355;12;-3.067;-4.177
-21.7615667;-41.3370355;12;-3.067;-4.177
-21.7615667;-41.3370355;12;-3.067;-4.177
-21.7615667;-41.3370357;12;-3.084;-4.177
-21.7615667;-41.3370357;12;-3.084;-4.177
-21.7615667;-41.3370357;12;-3.084;-4.177
-21.7615667;-41.3370357;12;-3.084;-4.177
-21.7615668;-41.3370357;12;-3.084;-4.196
-21.7615668;-41.3370357;12;-3.084;-4.196
-21.7615668;-41.3370357;12;-3.084;-4.196
-21.7615668;-41.3370357;12;-3.084;-4.196
-21.7615670;-41.3370357;12;-3.084;-4.214
-21.7615670;-41.3370357;12;-3.084;-4.214
-21.7615670;-41.3370355;12;-3.067;-4.214
-21.7615670;-41.3370355;12;-3.067;-4.214
-21.7615670;-41.3370355;12;-3.067;-4.214
-21.7615670;-41.3370355;12;-3.067;-4.214
-21.7615672;-41.3370353;12;-3.050;-4.233
-21.7615672;-41.3370353;12;-3.050;-4.233
-21.7615672;-41.3370350;12;-3.016;-4.233
-21.7615672;-41.3370350;12;-3.016;-4.233
-21.7615672;-41.3370350;12;-3.016;-4.233
-21.7615672;-41.3370350;12;-3.016;-4.233
-21.7615673;-41.3370348;12;-2.998;-4.251
-21.7615673;-41.3370348;12;-2.998;-4.251
-21.7615675;-41.3370348;12;-2.998;-4.270
-21.7615675;-41.3370348;12;-2.998;-4.270
-21.7615675;-41.3370347;12;-2.981;-4.270
-21.7615675;-41.3370347;12;-2.981;-4.270
-21.7615677;-41.3370347;12;-2.981;-4.288
-21.7615677;-41.3370347;12;-2.981;-4.288
-21.7615675;-41.3370347;12;-2.981;-4.270
-21.7615675;-41.3370347;12;-2.981;-4.270
-21.7615675;-41.3370347;12;-2.981;-4.270
-21.7615675;-41.3370347;12;-2.981;-4.270
-21.7615677;-41.3370347;12;-2.981;-4.288
-21.7615677;-41.3370347;12;-2.981;-4.288
-21.7615677;-41.3370347;12;-2.981;-4.288
-21.7615677;-41.3370347;12;-2.981;-4.288
-21.7615675;-41.3370347;12;-2.981;-4.270
-21.7615675;-41.3370347;12;-2.981;-4.270
-21.7615677;-41.3370347;12;-2.981;-4.288
-21.7615677;-41.3370347;12;-2.981;-4.288
-21.7615677;-41.3370347;12;-2.981;-4.288
-21.7615677;-41.3370347;12;-2.981;-4.288
-21.7615677;-41.3370347;12;-2.981;-4.288
-21.7615677;-41.3370347;12;-2.981;-4.288